"enum_row_id","provider","model_title","model_url","model_key_inferred","model_enum_on_page","field_path","enum_value","value_order","is_active","updated_at"
"1","kie","Bytedance - V1 Lite Text to Video","https://docs.kie.ai/market/bytedance/v1-lite-text-to-video.md","bytedance/v1-lite-text-to-video","bytedance/v1-lite-text-to-video","paths.post.input.aspect_ratio","1:1","1","1","2026-03-12 16:57:50"
"2","kie","Bytedance - V1 Lite Text to Video","https://docs.kie.ai/market/bytedance/v1-lite-text-to-video.md","bytedance/v1-lite-text-to-video","bytedance/v1-lite-text-to-video","paths.post.input.aspect_ratio","16:9","2","1","2026-03-12 16:57:50"
"3","kie","Bytedance - V1 Lite Text to Video","https://docs.kie.ai/market/bytedance/v1-lite-text-to-video.md","bytedance/v1-lite-text-to-video","bytedance/v1-lite-text-to-video","paths.post.input.aspect_ratio","3:4","3","1","2026-03-12 16:57:50"
"4","kie","Bytedance - V1 Lite Text to Video","https://docs.kie.ai/market/bytedance/v1-lite-text-to-video.md","bytedance/v1-lite-text-to-video","bytedance/v1-lite-text-to-video","paths.post.input.aspect_ratio","4:3","4","1","2026-03-12 16:57:50"
"5","kie","Bytedance - V1 Lite Text to Video","https://docs.kie.ai/market/bytedance/v1-lite-text-to-video.md","bytedance/v1-lite-text-to-video","bytedance/v1-lite-text-to-video","paths.post.input.aspect_ratio","9:16","5","1","2026-03-12 16:57:50"
"6","kie","Bytedance - V1 Lite Text to Video","https://docs.kie.ai/market/bytedance/v1-lite-text-to-video.md","bytedance/v1-lite-text-to-video","bytedance/v1-lite-text-to-video","paths.post.input.aspect_ratio","9:21","6","1","2026-03-12 16:57:50"
"7","kie","Bytedance - V1 Pro Text to Video","https://docs.kie.ai/market/bytedance/v1-pro-text-to-video.md","bytedance/v1-pro-text-to-video","bytedance/v1-pro-text-to-video","paths.post.input.aspect_ratio","1:1","1","1","2026-03-12 16:57:50"
"8","kie","Bytedance - V1 Pro Text to Video","https://docs.kie.ai/market/bytedance/v1-pro-text-to-video.md","bytedance/v1-pro-text-to-video","bytedance/v1-pro-text-to-video","paths.post.input.aspect_ratio","16:9","2","1","2026-03-12 16:57:50"
"9","kie","Bytedance - V1 Pro Text to Video","https://docs.kie.ai/market/bytedance/v1-pro-text-to-video.md","bytedance/v1-pro-text-to-video","bytedance/v1-pro-text-to-video","paths.post.input.aspect_ratio","21:9","3","1","2026-03-12 16:57:50"
"10","kie","Bytedance - V1 Pro Text to Video","https://docs.kie.ai/market/bytedance/v1-pro-text-to-video.md","bytedance/v1-pro-text-to-video","bytedance/v1-pro-text-to-video","paths.post.input.aspect_ratio","3:4","4","1","2026-03-12 16:57:50"
"11","kie","Bytedance - V1 Pro Text to Video","https://docs.kie.ai/market/bytedance/v1-pro-text-to-video.md","bytedance/v1-pro-text-to-video","bytedance/v1-pro-text-to-video","paths.post.input.aspect_ratio","4:3","5","1","2026-03-12 16:57:50"
"12","kie","Bytedance - V1 Pro Text to Video","https://docs.kie.ai/market/bytedance/v1-pro-text-to-video.md","bytedance/v1-pro-text-to-video","bytedance/v1-pro-text-to-video","paths.post.input.aspect_ratio","9:16","6","1","2026-03-12 16:57:50"
"13","kie","Bytedance Seedance 1.5 Pro","https://docs.kie.ai/market/bytedance/seedance-1-5-pro.md","bytedance/seedance-1-5-pro","bytedance/seedance-1.5-pro","paths.post.input.aspect_ratio","1:1","1","1","2026-03-12 16:57:50"
"14","kie","Bytedance Seedance 1.5 Pro","https://docs.kie.ai/market/bytedance/seedance-1-5-pro.md","bytedance/seedance-1-5-pro","bytedance/seedance-1.5-pro","paths.post.input.aspect_ratio","16:9","2","1","2026-03-12 16:57:50"
"15","kie","Bytedance Seedance 1.5 Pro","https://docs.kie.ai/market/bytedance/seedance-1-5-pro.md","bytedance/seedance-1-5-pro","bytedance/seedance-1.5-pro","paths.post.input.aspect_ratio","21:9","3","1","2026-03-12 16:57:50"
"16","kie","Bytedance Seedance 1.5 Pro","https://docs.kie.ai/market/bytedance/seedance-1-5-pro.md","bytedance/seedance-1-5-pro","bytedance/seedance-1.5-pro","paths.post.input.aspect_ratio","3:4","4","1","2026-03-12 16:57:50"
"17","kie","Bytedance Seedance 1.5 Pro","https://docs.kie.ai/market/bytedance/seedance-1-5-pro.md","bytedance/seedance-1-5-pro","bytedance/seedance-1.5-pro","paths.post.input.aspect_ratio","4:3","5","1","2026-03-12 16:57:50"
"18","kie","Bytedance Seedance 1.5 Pro","https://docs.kie.ai/market/bytedance/seedance-1-5-pro.md","bytedance/seedance-1-5-pro","bytedance/seedance-1.5-pro","paths.post.input.aspect_ratio","9:16","6","1","2026-03-12 16:57:50"
"19","kie","Flux-2 - Image to Image","https://docs.kie.ai/market/flux2/flex-image-to-image.md","flux2/flex-image-to-image","flux-2/flex-image-to-image","paths.post.input.aspect_ratio","1:1","1","1","2026-03-12 16:57:50"
"20","kie","Flux-2 - Image to Image","https://docs.kie.ai/market/flux2/flex-image-to-image.md","flux2/flex-image-to-image","flux-2/flex-image-to-image","paths.post.input.aspect_ratio","16:9","2","1","2026-03-12 16:57:50"
"21","kie","Flux-2 - Image to Image","https://docs.kie.ai/market/flux2/flex-image-to-image.md","flux2/flex-image-to-image","flux-2/flex-image-to-image","paths.post.input.aspect_ratio","2:3","3","1","2026-03-12 16:57:50"
"22","kie","Flux-2 - Image to Image","https://docs.kie.ai/market/flux2/flex-image-to-image.md","flux2/flex-image-to-image","flux-2/flex-image-to-image","paths.post.input.aspect_ratio","3:2","4","1","2026-03-12 16:57:50"
"23","kie","Flux-2 - Image to Image","https://docs.kie.ai/market/flux2/flex-image-to-image.md","flux2/flex-image-to-image","flux-2/flex-image-to-image","paths.post.input.aspect_ratio","3:4","5","1","2026-03-12 16:57:50"
"24","kie","Flux-2 - Image to Image","https://docs.kie.ai/market/flux2/flex-image-to-image.md","flux2/flex-image-to-image","flux-2/flex-image-to-image","paths.post.input.aspect_ratio","4:3","6","1","2026-03-12 16:57:50"
"25","kie","Flux-2 - Image to Image","https://docs.kie.ai/market/flux2/flex-image-to-image.md","flux2/flex-image-to-image","flux-2/flex-image-to-image","paths.post.input.aspect_ratio","9:16","7","1","2026-03-12 16:57:50"
"26","kie","Flux-2 - Image to Image","https://docs.kie.ai/market/flux2/flex-image-to-image.md","flux2/flex-image-to-image","flux-2/flex-image-to-image","paths.post.input.aspect_ratio","auto","8","1","2026-03-12 16:57:50"
"27","kie","Flux-2 - Pro Image to Image","https://docs.kie.ai/market/flux2/pro-image-to-image.md","flux2/pro-image-to-image","flux-2/pro-image-to-image","paths.post.input.aspect_ratio","1:1","1","1","2026-03-12 16:57:50"
"28","kie","Flux-2 - Pro Image to Image","https://docs.kie.ai/market/flux2/pro-image-to-image.md","flux2/pro-image-to-image","flux-2/pro-image-to-image","paths.post.input.aspect_ratio","16:9","2","1","2026-03-12 16:57:50"
"29","kie","Flux-2 - Pro Image to Image","https://docs.kie.ai/market/flux2/pro-image-to-image.md","flux2/pro-image-to-image","flux-2/pro-image-to-image","paths.post.input.aspect_ratio","2:3","3","1","2026-03-12 16:57:50"
"30","kie","Flux-2 - Pro Image to Image","https://docs.kie.ai/market/flux2/pro-image-to-image.md","flux2/pro-image-to-image","flux-2/pro-image-to-image","paths.post.input.aspect_ratio","3:2","4","1","2026-03-12 16:57:50"
"31","kie","Flux-2 - Pro Image to Image","https://docs.kie.ai/market/flux2/pro-image-to-image.md","flux2/pro-image-to-image","flux-2/pro-image-to-image","paths.post.input.aspect_ratio","3:4","5","1","2026-03-12 16:57:50"
"32","kie","Flux-2 - Pro Image to Image","https://docs.kie.ai/market/flux2/pro-image-to-image.md","flux2/pro-image-to-image","flux-2/pro-image-to-image","paths.post.input.aspect_ratio","4:3","6","1","2026-03-12 16:57:50"
"33","kie","Flux-2 - Pro Image to Image","https://docs.kie.ai/market/flux2/pro-image-to-image.md","flux2/pro-image-to-image","flux-2/pro-image-to-image","paths.post.input.aspect_ratio","9:16","7","1","2026-03-12 16:57:50"
"34","kie","Flux-2 - Pro Image to Image","https://docs.kie.ai/market/flux2/pro-image-to-image.md","flux2/pro-image-to-image","flux-2/pro-image-to-image","paths.post.input.aspect_ratio","auto","8","1","2026-03-12 16:57:50"
"35","kie","Flux-2 - Pro Text to Image","https://docs.kie.ai/market/flux2/pro-text-to-image.md","flux2/pro-text-to-image","flux-2/pro-text-to-image","paths.post.input.aspect_ratio","1:1","1","1","2026-03-12 16:57:50"
"36","kie","Flux-2 - Pro Text to Image","https://docs.kie.ai/market/flux2/pro-text-to-image.md","flux2/pro-text-to-image","flux-2/pro-text-to-image","paths.post.input.aspect_ratio","16:9","2","1","2026-03-12 16:57:50"
"37","kie","Flux-2 - Pro Text to Image","https://docs.kie.ai/market/flux2/pro-text-to-image.md","flux2/pro-text-to-image","flux-2/pro-text-to-image","paths.post.input.aspect_ratio","2:3","3","1","2026-03-12 16:57:50"
"38","kie","Flux-2 - Pro Text to Image","https://docs.kie.ai/market/flux2/pro-text-to-image.md","flux2/pro-text-to-image","flux-2/pro-text-to-image","paths.post.input.aspect_ratio","3:2","4","1","2026-03-12 16:57:50"
"39","kie","Flux-2 - Pro Text to Image","https://docs.kie.ai/market/flux2/pro-text-to-image.md","flux2/pro-text-to-image","flux-2/pro-text-to-image","paths.post.input.aspect_ratio","3:4","5","1","2026-03-12 16:57:50"
"40","kie","Flux-2 - Pro Text to Image","https://docs.kie.ai/market/flux2/pro-text-to-image.md","flux2/pro-text-to-image","flux-2/pro-text-to-image","paths.post.input.aspect_ratio","4:3","6","1","2026-03-12 16:57:50"
"41","kie","Flux-2 - Pro Text to Image","https://docs.kie.ai/market/flux2/pro-text-to-image.md","flux2/pro-text-to-image","flux-2/pro-text-to-image","paths.post.input.aspect_ratio","9:16","7","1","2026-03-12 16:57:50"
"42","kie","Flux-2 - Text to Image","https://docs.kie.ai/market/flux2/flex-text-to-image.md","flux2/flex-text-to-image","flux-2/flex-text-to-image","paths.post.input.aspect_ratio","1:1","1","1","2026-03-12 16:57:50"
"43","kie","Flux-2 - Text to Image","https://docs.kie.ai/market/flux2/flex-text-to-image.md","flux2/flex-text-to-image","flux-2/flex-text-to-image","paths.post.input.aspect_ratio","16:9","2","1","2026-03-12 16:57:50"
"44","kie","Flux-2 - Text to Image","https://docs.kie.ai/market/flux2/flex-text-to-image.md","flux2/flex-text-to-image","flux-2/flex-text-to-image","paths.post.input.aspect_ratio","2:3","3","1","2026-03-12 16:57:50"
"45","kie","Flux-2 - Text to Image","https://docs.kie.ai/market/flux2/flex-text-to-image.md","flux2/flex-text-to-image","flux-2/flex-text-to-image","paths.post.input.aspect_ratio","3:2","4","1","2026-03-12 16:57:50"
"46","kie","Flux-2 - Text to Image","https://docs.kie.ai/market/flux2/flex-text-to-image.md","flux2/flex-text-to-image","flux-2/flex-text-to-image","paths.post.input.aspect_ratio","3:4","5","1","2026-03-12 16:57:50"
"47","kie","Flux-2 - Text to Image","https://docs.kie.ai/market/flux2/flex-text-to-image.md","flux2/flex-text-to-image","flux-2/flex-text-to-image","paths.post.input.aspect_ratio","4:3","6","1","2026-03-12 16:57:50"
"48","kie","Flux-2 - Text to Image","https://docs.kie.ai/market/flux2/flex-text-to-image.md","flux2/flex-text-to-image","flux-2/flex-text-to-image","paths.post.input.aspect_ratio","9:16","7","1","2026-03-12 16:57:50"
"49","kie","Generate AI Video","https://docs.kie.ai/runway-api/generate-ai-video.md","runway-api/generate-ai-video","","paths.post.input.aspect_ratio","1:1","1","1","2026-03-12 16:57:50"
"50","kie","Generate AI Video","https://docs.kie.ai/runway-api/generate-ai-video.md","runway-api/generate-ai-video","","paths.post.input.aspect_ratio","16:9","2","1","2026-03-12 16:57:50"
"51","kie","Generate AI Video","https://docs.kie.ai/runway-api/generate-ai-video.md","runway-api/generate-ai-video","","paths.post.input.aspect_ratio","3:4","3","1","2026-03-12 16:57:50"
"52","kie","Generate AI Video","https://docs.kie.ai/runway-api/generate-ai-video.md","runway-api/generate-ai-video","","paths.post.input.aspect_ratio","4:3","4","1","2026-03-12 16:57:50"
"53","kie","Generate AI Video","https://docs.kie.ai/runway-api/generate-ai-video.md","runway-api/generate-ai-video","","paths.post.input.aspect_ratio","9:16","5","1","2026-03-12 16:57:50"
"54","kie","Generate Aleph Video","https://docs.kie.ai/runway-api/generate-aleph-video.md","runway-api/generate-aleph-video","","paths.post.input.aspect_ratio","1:1","1","1","2026-03-12 16:57:50"
"55","kie","Generate Aleph Video","https://docs.kie.ai/runway-api/generate-aleph-video.md","runway-api/generate-aleph-video","","paths.post.input.aspect_ratio","16:9","2","1","2026-03-12 16:57:50"
"56","kie","Generate Aleph Video","https://docs.kie.ai/runway-api/generate-aleph-video.md","runway-api/generate-aleph-video","","paths.post.input.aspect_ratio","21:9","3","1","2026-03-12 16:57:50"
"57","kie","Generate Aleph Video","https://docs.kie.ai/runway-api/generate-aleph-video.md","runway-api/generate-aleph-video","","paths.post.input.aspect_ratio","3:4","4","1","2026-03-12 16:57:50"
"58","kie","Generate Aleph Video","https://docs.kie.ai/runway-api/generate-aleph-video.md","runway-api/generate-aleph-video","","paths.post.input.aspect_ratio","4:3","5","1","2026-03-12 16:57:50"
"59","kie","Generate Aleph Video","https://docs.kie.ai/runway-api/generate-aleph-video.md","runway-api/generate-aleph-video","","paths.post.input.aspect_ratio","9:16","6","1","2026-03-12 16:57:50"
"60","kie","Generate or Edit Image","https://docs.kie.ai/flux-kontext-api/generate-or-edit-image.md","flux-kontext-api/generate-or-edit-image","flux-kontext-max; flux-kontext-pro","paths.post.input.aspect_ratio","1:1","1","1","2026-03-12 16:57:50"
"61","kie","Generate or Edit Image","https://docs.kie.ai/flux-kontext-api/generate-or-edit-image.md","flux-kontext-api/generate-or-edit-image","flux-kontext-max; flux-kontext-pro","paths.post.input.aspect_ratio","16:9","2","1","2026-03-12 16:57:50"
"62","kie","Generate or Edit Image","https://docs.kie.ai/flux-kontext-api/generate-or-edit-image.md","flux-kontext-api/generate-or-edit-image","flux-kontext-max; flux-kontext-pro","paths.post.input.aspect_ratio","21:9","3","1","2026-03-12 16:57:50"
"63","kie","Generate or Edit Image","https://docs.kie.ai/flux-kontext-api/generate-or-edit-image.md","flux-kontext-api/generate-or-edit-image","flux-kontext-max; flux-kontext-pro","paths.post.input.aspect_ratio","3:4","4","1","2026-03-12 16:57:50"
"64","kie","Generate or Edit Image","https://docs.kie.ai/flux-kontext-api/generate-or-edit-image.md","flux-kontext-api/generate-or-edit-image","flux-kontext-max; flux-kontext-pro","paths.post.input.aspect_ratio","4:3","5","1","2026-03-12 16:57:50"
"65","kie","Generate or Edit Image","https://docs.kie.ai/flux-kontext-api/generate-or-edit-image.md","flux-kontext-api/generate-or-edit-image","flux-kontext-max; flux-kontext-pro","paths.post.input.aspect_ratio","9:16","6","1","2026-03-12 16:57:50"
"66","kie","Google - imagen4","https://docs.kie.ai/market/google/imagen4.md","google/imagen4","google/imagen4","paths.post.input.aspect_ratio","1:1","1","1","2026-03-12 16:57:50"
"67","kie","Google - imagen4","https://docs.kie.ai/market/google/imagen4.md","google/imagen4","google/imagen4","paths.post.input.aspect_ratio","16:9","2","1","2026-03-12 16:57:50"
"68","kie","Google - imagen4","https://docs.kie.ai/market/google/imagen4.md","google/imagen4","google/imagen4","paths.post.input.aspect_ratio","3:4","3","1","2026-03-12 16:57:50"
"69","kie","Google - imagen4","https://docs.kie.ai/market/google/imagen4.md","google/imagen4","google/imagen4","paths.post.input.aspect_ratio","4:3","4","1","2026-03-12 16:57:50"
"70","kie","Google - imagen4","https://docs.kie.ai/market/google/imagen4.md","google/imagen4","google/imagen4","paths.post.input.aspect_ratio","9:16","5","1","2026-03-12 16:57:50"
"71","kie","Google - imagen4-fast","https://docs.kie.ai/market/google/imagen4-fast.md","google/imagen4-fast","google/imagen4-fast","paths.post.input.aspect_ratio","1:1","1","1","2026-03-12 16:57:50"
"72","kie","Google - imagen4-fast","https://docs.kie.ai/market/google/imagen4-fast.md","google/imagen4-fast","google/imagen4-fast","paths.post.input.aspect_ratio","16:9","2","1","2026-03-12 16:57:50"
"73","kie","Google - imagen4-fast","https://docs.kie.ai/market/google/imagen4-fast.md","google/imagen4-fast","google/imagen4-fast","paths.post.input.aspect_ratio","3:4","3","1","2026-03-12 16:57:50"
"74","kie","Google - imagen4-fast","https://docs.kie.ai/market/google/imagen4-fast.md","google/imagen4-fast","google/imagen4-fast","paths.post.input.aspect_ratio","4:3","4","1","2026-03-12 16:57:50"
"75","kie","Google - imagen4-fast","https://docs.kie.ai/market/google/imagen4-fast.md","google/imagen4-fast","google/imagen4-fast","paths.post.input.aspect_ratio","9:16","5","1","2026-03-12 16:57:50"
"76","kie","Google - imagen4-ultra","https://docs.kie.ai/market/google/imagen4-ultra.md","google/imagen4-ultra","google/imagen4-ultra","paths.post.input.aspect_ratio","1:1","1","1","2026-03-12 16:57:50"
"77","kie","Google - imagen4-ultra","https://docs.kie.ai/market/google/imagen4-ultra.md","google/imagen4-ultra","google/imagen4-ultra","paths.post.input.aspect_ratio","16:9","2","1","2026-03-12 16:57:50"
"78","kie","Google - imagen4-ultra","https://docs.kie.ai/market/google/imagen4-ultra.md","google/imagen4-ultra","google/imagen4-ultra","paths.post.input.aspect_ratio","3:4","3","1","2026-03-12 16:57:50"
"79","kie","Google - imagen4-ultra","https://docs.kie.ai/market/google/imagen4-ultra.md","google/imagen4-ultra","google/imagen4-ultra","paths.post.input.aspect_ratio","4:3","4","1","2026-03-12 16:57:50"
"80","kie","Google - imagen4-ultra","https://docs.kie.ai/market/google/imagen4-ultra.md","google/imagen4-ultra","google/imagen4-ultra","paths.post.input.aspect_ratio","9:16","5","1","2026-03-12 16:57:50"
"81","kie","GPT Image-1.5 - Image to Image","https://docs.kie.ai/market/gpt-image/1-5-image-to-image.md","gpt-image/1-5-image-to-image","gpt-image/1.5-image-to-image","paths.post.input.aspect_ratio","1:1","1","1","2026-03-12 16:57:50"
"82","kie","GPT Image-1.5 - Image to Image","https://docs.kie.ai/market/gpt-image/1-5-image-to-image.md","gpt-image/1-5-image-to-image","gpt-image/1.5-image-to-image","paths.post.input.aspect_ratio","2:3","2","1","2026-03-12 16:57:50"
"83","kie","GPT Image-1.5 - Image to Image","https://docs.kie.ai/market/gpt-image/1-5-image-to-image.md","gpt-image/1-5-image-to-image","gpt-image/1.5-image-to-image","paths.post.input.aspect_ratio","3:2","3","1","2026-03-12 16:57:50"
"84","kie","GPT Image-1.5 - Text to Image","https://docs.kie.ai/market/gpt-image/1-5-text-to-image.md","gpt-image/1-5-text-to-image","gpt-image/1.5-text-to-image","paths.post.input.aspect_ratio","1:1","1","1","2026-03-12 16:57:50"
"85","kie","GPT Image-1.5 - Text to Image","https://docs.kie.ai/market/gpt-image/1-5-text-to-image.md","gpt-image/1-5-text-to-image","gpt-image/1.5-text-to-image","paths.post.input.aspect_ratio","2:3","2","1","2026-03-12 16:57:50"
"86","kie","GPT Image-1.5 - Text to Image","https://docs.kie.ai/market/gpt-image/1-5-text-to-image.md","gpt-image/1-5-text-to-image","gpt-image/1.5-text-to-image","paths.post.input.aspect_ratio","3:2","3","1","2026-03-12 16:57:50"
"87","kie","Grok Imagine - Text to Image","https://docs.kie.ai/market/grok-imagine/text-to-image.md","grok-imagine/text-to-image","grok-imagine/text-to-image","paths.post.input.aspect_ratio","1:1","1","1","2026-03-12 16:57:50"
"88","kie","Grok Imagine - Text to Image","https://docs.kie.ai/market/grok-imagine/text-to-image.md","grok-imagine/text-to-image","grok-imagine/text-to-image","paths.post.input.aspect_ratio","16:9","2","1","2026-03-12 16:57:50"
"89","kie","Grok Imagine - Text to Image","https://docs.kie.ai/market/grok-imagine/text-to-image.md","grok-imagine/text-to-image","grok-imagine/text-to-image","paths.post.input.aspect_ratio","2:3","3","1","2026-03-12 16:57:50"
"90","kie","Grok Imagine - Text to Image","https://docs.kie.ai/market/grok-imagine/text-to-image.md","grok-imagine/text-to-image","grok-imagine/text-to-image","paths.post.input.aspect_ratio","3:2","4","1","2026-03-12 16:57:50"
"91","kie","Grok Imagine - Text to Image","https://docs.kie.ai/market/grok-imagine/text-to-image.md","grok-imagine/text-to-image","grok-imagine/text-to-image","paths.post.input.aspect_ratio","9:16","5","1","2026-03-12 16:57:50"
"92","kie","Grok Imagine Text to Video","https://docs.kie.ai/market/grok-imagine/text-to-video.md","grok-imagine/text-to-video","grok-imagine/text-to-video","paths.post.input.aspect_ratio","1:1","1","1","2026-03-12 16:57:50"
"93","kie","Grok Imagine Text to Video","https://docs.kie.ai/market/grok-imagine/text-to-video.md","grok-imagine/text-to-video","grok-imagine/text-to-video","paths.post.input.aspect_ratio","16:9","2","1","2026-03-12 16:57:50"
"94","kie","Grok Imagine Text to Video","https://docs.kie.ai/market/grok-imagine/text-to-video.md","grok-imagine/text-to-video","grok-imagine/text-to-video","paths.post.input.aspect_ratio","2:3","3","1","2026-03-12 16:57:50"
"95","kie","Grok Imagine Text to Video","https://docs.kie.ai/market/grok-imagine/text-to-video.md","grok-imagine/text-to-video","grok-imagine/text-to-video","paths.post.input.aspect_ratio","3:2","4","1","2026-03-12 16:57:50"
"96","kie","Grok Imagine Text to Video","https://docs.kie.ai/market/grok-imagine/text-to-video.md","grok-imagine/text-to-video","grok-imagine/text-to-video","paths.post.input.aspect_ratio","9:16","5","1","2026-03-12 16:57:50"
"97","kie","Kling - V2.5 Turbo Text to Video Pro","https://docs.kie.ai/market/kling/v25-turbo-text-to-video-pro.md","kling/v25-turbo-text-to-video-pro","kling/v2-5-turbo-text-to-video-pro","paths.post.input.aspect_ratio","1:1","1","1","2026-03-12 16:57:50"
"98","kie","Kling - V2.5 Turbo Text to Video Pro","https://docs.kie.ai/market/kling/v25-turbo-text-to-video-pro.md","kling/v25-turbo-text-to-video-pro","kling/v2-5-turbo-text-to-video-pro","paths.post.input.aspect_ratio","16:9","2","1","2026-03-12 16:57:50"
"99","kie","Kling - V2.5 Turbo Text to Video Pro","https://docs.kie.ai/market/kling/v25-turbo-text-to-video-pro.md","kling/v25-turbo-text-to-video-pro","kling/v2-5-turbo-text-to-video-pro","paths.post.input.aspect_ratio","9:16","3","1","2026-03-12 16:57:50"
"100","kie","Kling 2.6 Text to Video","https://docs.kie.ai/market/kling/text-to-video.md","kling/text-to-video","kling-2.6/text-to-video","paths.post.input.aspect_ratio","1:1","1","1","2026-03-12 16:57:50"
"101","kie","Kling 2.6 Text to Video","https://docs.kie.ai/market/kling/text-to-video.md","kling/text-to-video","kling-2.6/text-to-video","paths.post.input.aspect_ratio","16:9","2","1","2026-03-12 16:57:50"
"102","kie","Kling 2.6 Text to Video","https://docs.kie.ai/market/kling/text-to-video.md","kling/text-to-video","kling-2.6/text-to-video","paths.post.input.aspect_ratio","9:16","3","1","2026-03-12 16:57:50"
"103","kie","Kling 3.0","https://docs.kie.ai/market/kling/kling-3-0.md","kling/kling-3-0","kling-3.0/video","paths.post.input.aspect_ratio","1:1","1","1","2026-03-12 16:57:50"
"104","kie","Kling 3.0","https://docs.kie.ai/market/kling/kling-3-0.md","kling/kling-3-0","kling-3.0/video","paths.post.input.aspect_ratio","16:9","2","1","2026-03-12 16:57:50"
"105","kie","Kling 3.0","https://docs.kie.ai/market/kling/kling-3-0.md","kling/kling-3-0","kling-3.0/video","paths.post.input.aspect_ratio","9:16","3","1","2026-03-12 16:57:50"
"106","kie","Kling V2.1 Master Text to Video","https://docs.kie.ai/market/kling/v2-1-master-text-to-video.md","kling/v2-1-master-text-to-video","kling/v2-1-master-text-to-video","paths.post.input.aspect_ratio","1:1","1","1","2026-03-12 16:57:50"
"107","kie","Kling V2.1 Master Text to Video","https://docs.kie.ai/market/kling/v2-1-master-text-to-video.md","kling/v2-1-master-text-to-video","kling/v2-1-master-text-to-video","paths.post.input.aspect_ratio","16:9","2","1","2026-03-12 16:57:50"
"108","kie","Kling V2.1 Master Text to Video","https://docs.kie.ai/market/kling/v2-1-master-text-to-video.md","kling/v2-1-master-text-to-video","kling/v2-1-master-text-to-video","paths.post.input.aspect_ratio","9:16","3","1","2026-03-12 16:57:50"
"109","kie","Seedream4.5 - Edit","https://docs.kie.ai/market/seedream/4-5-edit.md","seedream/4-5-edit","seedream/4.5-edit","paths.post.input.aspect_ratio","1:1","1","1","2026-03-12 16:57:50"
"110","kie","Seedream4.5 - Edit","https://docs.kie.ai/market/seedream/4-5-edit.md","seedream/4-5-edit","seedream/4.5-edit","paths.post.input.aspect_ratio","16:9","2","1","2026-03-12 16:57:50"
"111","kie","Seedream4.5 - Edit","https://docs.kie.ai/market/seedream/4-5-edit.md","seedream/4-5-edit","seedream/4.5-edit","paths.post.input.aspect_ratio","2:3","3","1","2026-03-12 16:57:50"
"112","kie","Seedream4.5 - Edit","https://docs.kie.ai/market/seedream/4-5-edit.md","seedream/4-5-edit","seedream/4.5-edit","paths.post.input.aspect_ratio","21:9","4","1","2026-03-12 16:57:50"
"113","kie","Seedream4.5 - Edit","https://docs.kie.ai/market/seedream/4-5-edit.md","seedream/4-5-edit","seedream/4.5-edit","paths.post.input.aspect_ratio","3:2","5","1","2026-03-12 16:57:50"
"114","kie","Seedream4.5 - Edit","https://docs.kie.ai/market/seedream/4-5-edit.md","seedream/4-5-edit","seedream/4.5-edit","paths.post.input.aspect_ratio","3:4","6","1","2026-03-12 16:57:50"
"115","kie","Seedream4.5 - Edit","https://docs.kie.ai/market/seedream/4-5-edit.md","seedream/4-5-edit","seedream/4.5-edit","paths.post.input.aspect_ratio","4:3","7","1","2026-03-12 16:57:50"
"116","kie","Seedream4.5 - Edit","https://docs.kie.ai/market/seedream/4-5-edit.md","seedream/4-5-edit","seedream/4.5-edit","paths.post.input.aspect_ratio","9:16","8","1","2026-03-12 16:57:50"
"117","kie","Seedream4.5 - Text to Image","https://docs.kie.ai/market/seedream/4-5-text-to-image.md","seedream/4-5-text-to-image","seedream/4.5-text-to-image","paths.post.input.aspect_ratio","1:1","1","1","2026-03-12 16:57:50"
"118","kie","Seedream4.5 - Text to Image","https://docs.kie.ai/market/seedream/4-5-text-to-image.md","seedream/4-5-text-to-image","seedream/4.5-text-to-image","paths.post.input.aspect_ratio","16:9","2","1","2026-03-12 16:57:50"
"119","kie","Seedream4.5 - Text to Image","https://docs.kie.ai/market/seedream/4-5-text-to-image.md","seedream/4-5-text-to-image","seedream/4.5-text-to-image","paths.post.input.aspect_ratio","2:3","3","1","2026-03-12 16:57:50"
"120","kie","Seedream4.5 - Text to Image","https://docs.kie.ai/market/seedream/4-5-text-to-image.md","seedream/4-5-text-to-image","seedream/4.5-text-to-image","paths.post.input.aspect_ratio","21:9","4","1","2026-03-12 16:57:50"
"121","kie","Seedream4.5 - Text to Image","https://docs.kie.ai/market/seedream/4-5-text-to-image.md","seedream/4-5-text-to-image","seedream/4.5-text-to-image","paths.post.input.aspect_ratio","3:2","5","1","2026-03-12 16:57:50"
"122","kie","Seedream4.5 - Text to Image","https://docs.kie.ai/market/seedream/4-5-text-to-image.md","seedream/4-5-text-to-image","seedream/4.5-text-to-image","paths.post.input.aspect_ratio","3:4","6","1","2026-03-12 16:57:50"
"123","kie","Seedream4.5 - Text to Image","https://docs.kie.ai/market/seedream/4-5-text-to-image.md","seedream/4-5-text-to-image","seedream/4.5-text-to-image","paths.post.input.aspect_ratio","4:3","7","1","2026-03-12 16:57:50"
"124","kie","Seedream4.5 - Text to Image","https://docs.kie.ai/market/seedream/4-5-text-to-image.md","seedream/4-5-text-to-image","seedream/4.5-text-to-image","paths.post.input.aspect_ratio","9:16","8","1","2026-03-12 16:57:50"
"125","kie","Sora2 - Image to Video","https://docs.kie.ai/market/sora2/sora-2-image-to-video.md","sora2/sora-2-image-to-video","sora-2-image-to-video","paths.post.input.aspect_ratio","landscape","1","1","2026-03-12 16:57:50"
"126","kie","Sora2 - Image to Video","https://docs.kie.ai/market/sora2/sora-2-image-to-video.md","sora2/sora-2-image-to-video","sora-2-image-to-video","paths.post.input.aspect_ratio","portrait","2","1","2026-03-12 16:57:50"
"127","kie","Sora2 - Pro Image to Video","https://docs.kie.ai/market/sora2/sora-2-pro-image-to-video.md","sora2/sora-2-pro-image-to-video","sora-2-pro-image-to-video","paths.post.input.aspect_ratio","landscape","1","1","2026-03-12 16:57:50"
"128","kie","Sora2 - Pro Image to Video","https://docs.kie.ai/market/sora2/sora-2-pro-image-to-video.md","sora2/sora-2-pro-image-to-video","sora-2-pro-image-to-video","paths.post.input.aspect_ratio","portrait","2","1","2026-03-12 16:57:50"
"129","kie","Sora2 - Pro Storyboard","https://docs.kie.ai/market/sora-2-pro-storyboard.md","sora-2-pro-storyboard","sora-2-pro-storyboard","paths.post.input.aspect_ratio","landscape","1","1","2026-03-12 16:57:50"
"130","kie","Sora2 - Pro Storyboard","https://docs.kie.ai/market/sora-2-pro-storyboard.md","sora-2-pro-storyboard","sora-2-pro-storyboard","paths.post.input.aspect_ratio","portrait","2","1","2026-03-12 16:57:50"
"131","kie","Sora2 - Pro Text to Video","https://docs.kie.ai/market/sora2/sora-2-pro-text-to-video.md","sora2/sora-2-pro-text-to-video","sora-2-pro-text-to-video","paths.post.input.aspect_ratio","landscape","1","1","2026-03-12 16:57:50"
"132","kie","Sora2 - Pro Text to Video","https://docs.kie.ai/market/sora2/sora-2-pro-text-to-video.md","sora2/sora-2-pro-text-to-video","sora-2-pro-text-to-video","paths.post.input.aspect_ratio","portrait","2","1","2026-03-12 16:57:50"
"133","kie","Sora2 - Text to Video","https://docs.kie.ai/market/sora2/sora-2-text-to-video.md","sora2/sora-2-text-to-video","sora-2-text-to-video","paths.post.input.aspect_ratio","landscape","1","1","2026-03-12 16:57:50"
"134","kie","Sora2 - Text to Video","https://docs.kie.ai/market/sora2/sora-2-text-to-video.md","sora2/sora-2-text-to-video","sora-2-text-to-video","paths.post.input.aspect_ratio","portrait","2","1","2026-03-12 16:57:50"
"135","kie","Wan - Text to Video","https://docs.kie.ai/market/wan/2-2-a14b-text-to-video-turbo.md","wan/2-2-a14b-text-to-video-turbo","wan/2-2-a14b-text-to-video-turbo","paths.post.input.aspect_ratio","16:9","1","1","2026-03-12 16:57:50"
"136","kie","Wan - Text to Video","https://docs.kie.ai/market/wan/2-2-a14b-text-to-video-turbo.md","wan/2-2-a14b-text-to-video-turbo","wan/2-2-a14b-text-to-video-turbo","paths.post.input.aspect_ratio","9:16","2","1","2026-03-12 16:57:50"
"137","kie","Z-Image","https://docs.kie.ai/market/z-image/z-image.md","z-image/z-image","z-image","paths.post.input.aspect_ratio","1:1","1","1","2026-03-12 16:57:50"
"138","kie","Z-Image","https://docs.kie.ai/market/z-image/z-image.md","z-image/z-image","z-image","paths.post.input.aspect_ratio","16:9","2","1","2026-03-12 16:57:50"
"139","kie","Z-Image","https://docs.kie.ai/market/z-image/z-image.md","z-image/z-image","z-image","paths.post.input.aspect_ratio","3:4","3","1","2026-03-12 16:57:50"
"140","kie","Z-Image","https://docs.kie.ai/market/z-image/z-image.md","z-image/z-image","z-image","paths.post.input.aspect_ratio","4:3","4","1","2026-03-12 16:57:50"
"141","kie","Z-Image","https://docs.kie.ai/market/z-image/z-image.md","z-image/z-image","z-image","paths.post.input.aspect_ratio","9:16","5","1","2026-03-12 16:57:50"
"142","kie","Kling 2.6 motion-control","https://docs.kie.ai/market/kling/motion-control.md","kling/motion-control","kling-2.6/motion-control","paths.post.input.character_orientation","image","1","1","2026-03-12 16:57:50"
"143","kie","Kling 2.6 motion-control","https://docs.kie.ai/market/kling/motion-control.md","kling/motion-control","kling-2.6/motion-control","paths.post.input.character_orientation","video","2","1","2026-03-12 16:57:50"
"144","kie","Bytedance - V1 Lite Image to Video","https://docs.kie.ai/market/bytedance/v1-lite-image-to-video.md","bytedance/v1-lite-image-to-video","bytedance/v1-lite-image-to-video","paths.post.input.duration","10","1","1","2026-03-12 16:57:50"
"145","kie","Bytedance - V1 Lite Image to Video","https://docs.kie.ai/market/bytedance/v1-lite-image-to-video.md","bytedance/v1-lite-image-to-video","bytedance/v1-lite-image-to-video","paths.post.input.duration","5","2","1","2026-03-12 16:57:50"
"146","kie","Bytedance - V1 Lite Text to Video","https://docs.kie.ai/market/bytedance/v1-lite-text-to-video.md","bytedance/v1-lite-text-to-video","bytedance/v1-lite-text-to-video","paths.post.input.duration","10","1","1","2026-03-12 16:57:50"
"147","kie","Bytedance - V1 Lite Text to Video","https://docs.kie.ai/market/bytedance/v1-lite-text-to-video.md","bytedance/v1-lite-text-to-video","bytedance/v1-lite-text-to-video","paths.post.input.duration","5","2","1","2026-03-12 16:57:50"
"148","kie","Bytedance - V1 Pro Text to Video","https://docs.kie.ai/market/bytedance/v1-pro-text-to-video.md","bytedance/v1-pro-text-to-video","bytedance/v1-pro-text-to-video","paths.post.input.duration","10","1","1","2026-03-12 16:57:50"
"149","kie","Bytedance - V1 Pro Text to Video","https://docs.kie.ai/market/bytedance/v1-pro-text-to-video.md","bytedance/v1-pro-text-to-video","bytedance/v1-pro-text-to-video","paths.post.input.duration","5","2","1","2026-03-12 16:57:50"
"150","kie","Bytedance Seedance 1.5 Pro","https://docs.kie.ai/market/bytedance/seedance-1-5-pro.md","bytedance/seedance-1-5-pro","bytedance/seedance-1.5-pro","paths.post.input.duration","12","1","1","2026-03-12 16:57:50"
"151","kie","Bytedance Seedance 1.5 Pro","https://docs.kie.ai/market/bytedance/seedance-1-5-pro.md","bytedance/seedance-1-5-pro","bytedance/seedance-1.5-pro","paths.post.input.duration","4","2","1","2026-03-12 16:57:50"
"152","kie","Bytedance Seedance 1.5 Pro","https://docs.kie.ai/market/bytedance/seedance-1-5-pro.md","bytedance/seedance-1-5-pro","bytedance/seedance-1.5-pro","paths.post.input.duration","8","3","1","2026-03-12 16:57:50"
"153","kie","Bytedance V1 Pro Fast Image to Video","https://docs.kie.ai/market/bytedance/v1-pro-fast-image-to-video.md","bytedance/v1-pro-fast-image-to-video","bytedance/v1-pro-fast-image-to-video","paths.post.input.duration","10","1","1","2026-03-12 16:57:50"
"154","kie","Bytedance V1 Pro Fast Image to Video","https://docs.kie.ai/market/bytedance/v1-pro-fast-image-to-video.md","bytedance/v1-pro-fast-image-to-video","bytedance/v1-pro-fast-image-to-video","paths.post.input.duration","5","2","1","2026-03-12 16:57:50"
"155","kie","Bytedance V1 Pro Image to Video","https://docs.kie.ai/market/bytedance/v1-pro-image-to-video.md","bytedance/v1-pro-image-to-video","bytedance/v1-pro-image-to-video","paths.post.input.duration","10","1","1","2026-03-12 16:57:50"
"156","kie","Bytedance V1 Pro Image to Video","https://docs.kie.ai/market/bytedance/v1-pro-image-to-video.md","bytedance/v1-pro-image-to-video","bytedance/v1-pro-image-to-video","paths.post.input.duration","5","2","1","2026-03-12 16:57:50"
"157","kie","Grok Imagine Image to Video","https://docs.kie.ai/market/grok-imagine/image-to-video.md","grok-imagine/image-to-video","grok-imagine/image-to-video","paths.post.input.duration","10","1","1","2026-03-12 16:57:50"
"158","kie","Grok Imagine Image to Video","https://docs.kie.ai/market/grok-imagine/image-to-video.md","grok-imagine/image-to-video","grok-imagine/image-to-video","paths.post.input.duration","15","2","1","2026-03-12 16:57:50"
"159","kie","Grok Imagine Image to Video","https://docs.kie.ai/market/grok-imagine/image-to-video.md","grok-imagine/image-to-video","grok-imagine/image-to-video","paths.post.input.duration","6","3","1","2026-03-12 16:57:50"
"160","kie","Grok Imagine Text to Video","https://docs.kie.ai/market/grok-imagine/text-to-video.md","grok-imagine/text-to-video","grok-imagine/text-to-video","paths.post.input.duration","10","1","1","2026-03-12 16:57:50"
"161","kie","Grok Imagine Text to Video","https://docs.kie.ai/market/grok-imagine/text-to-video.md","grok-imagine/text-to-video","grok-imagine/text-to-video","paths.post.input.duration","15","2","1","2026-03-12 16:57:50"
"162","kie","Grok Imagine Text to Video","https://docs.kie.ai/market/grok-imagine/text-to-video.md","grok-imagine/text-to-video","grok-imagine/text-to-video","paths.post.input.duration","6","3","1","2026-03-12 16:57:50"
"163","kie","Hailuo 2.3 Pro Image to Video","https://docs.kie.ai/market/hailuo/2-3-image-to-video-pro.md","hailuo/2-3-image-to-video-pro","hailuo/2-3-image-to-video-pro","paths.post.input.duration","10","1","1","2026-03-12 16:57:50"
"164","kie","Hailuo 2.3 Pro Image to Video","https://docs.kie.ai/market/hailuo/2-3-image-to-video-pro.md","hailuo/2-3-image-to-video-pro","hailuo/2-3-image-to-video-pro","paths.post.input.duration","6","2","1","2026-03-12 16:57:50"
"165","kie","Hailuo 2.3 Standard Image to Video","https://docs.kie.ai/market/hailuo/2-3-image-to-video-standard.md","hailuo/2-3-image-to-video-standard","hailuo/2-3-image-to-video-standard","paths.post.input.duration","10","1","1","2026-03-12 16:57:50"
"166","kie","Hailuo 2.3 Standard Image to Video","https://docs.kie.ai/market/hailuo/2-3-image-to-video-standard.md","hailuo/2-3-image-to-video-standard","hailuo/2-3-image-to-video-standard","paths.post.input.duration","6","2","1","2026-03-12 16:57:50"
"167","kie","Hailuo Standard Image to Video","https://docs.kie.ai/market/hailuo/02-image-to-video-standard.md","hailuo/02-image-to-video-standard","hailuo/02-image-to-video-standard","paths.post.input.duration","10","1","1","2026-03-12 16:57:50"
"168","kie","Hailuo Standard Image to Video","https://docs.kie.ai/market/hailuo/02-image-to-video-standard.md","hailuo/02-image-to-video-standard","hailuo/02-image-to-video-standard","paths.post.input.duration","6","2","1","2026-03-12 16:57:50"
"169","kie","Hailuo Standard Text to Video","https://docs.kie.ai/market/hailuo/02-text-to-video-standard.md","hailuo/02-text-to-video-standard","hailuo/02-text-to-video-standard","paths.post.input.duration","10","1","1","2026-03-12 16:57:50"
"170","kie","Hailuo Standard Text to Video","https://docs.kie.ai/market/hailuo/02-text-to-video-standard.md","hailuo/02-text-to-video-standard","hailuo/02-text-to-video-standard","paths.post.input.duration","6","2","1","2026-03-12 16:57:50"
"171","kie","Kling - V2.5 Turbo Image to Video Pro","https://docs.kie.ai/market/kling/v25-turbo-image-to-video-pro.md","kling/v25-turbo-image-to-video-pro","kling/v2-1-master-image-to-video","paths.post.input.duration","10","1","1","2026-03-12 16:57:50"
"172","kie","Kling - V2.5 Turbo Image to Video Pro","https://docs.kie.ai/market/kling/v25-turbo-image-to-video-pro.md","kling/v25-turbo-image-to-video-pro","kling/v2-1-master-image-to-video","paths.post.input.duration","5","2","1","2026-03-12 16:57:50"
"173","kie","Kling - V2.5 Turbo Text to Video Pro","https://docs.kie.ai/market/kling/v25-turbo-text-to-video-pro.md","kling/v25-turbo-text-to-video-pro","kling/v2-5-turbo-text-to-video-pro","paths.post.input.duration","10","1","1","2026-03-12 16:57:50"
"174","kie","Kling - V2.5 Turbo Text to Video Pro","https://docs.kie.ai/market/kling/v25-turbo-text-to-video-pro.md","kling/v25-turbo-text-to-video-pro","kling/v2-5-turbo-text-to-video-pro","paths.post.input.duration","5","2","1","2026-03-12 16:57:50"
"175","kie","Kling 2.6 Image to Video","https://docs.kie.ai/market/kling/image-to-video.md","kling/image-to-video","kling-2.6/image-to-video","paths.post.input.duration","10","1","1","2026-03-12 16:57:50"
"176","kie","Kling 2.6 Image to Video","https://docs.kie.ai/market/kling/image-to-video.md","kling/image-to-video","kling-2.6/image-to-video","paths.post.input.duration","5","2","1","2026-03-12 16:57:50"
"177","kie","Kling 2.6 Text to Video","https://docs.kie.ai/market/kling/text-to-video.md","kling/text-to-video","kling-2.6/text-to-video","paths.post.input.duration","10","1","1","2026-03-12 16:57:50"
"178","kie","Kling 2.6 Text to Video","https://docs.kie.ai/market/kling/text-to-video.md","kling/text-to-video","kling-2.6/text-to-video","paths.post.input.duration","5","2","1","2026-03-12 16:57:50"
"179","kie","Kling 3.0","https://docs.kie.ai/market/kling/kling-3-0.md","kling/kling-3-0","kling-3.0/video","paths.post.input.duration","10","1","1","2026-03-12 16:57:50"
"180","kie","Kling 3.0","https://docs.kie.ai/market/kling/kling-3-0.md","kling/kling-3-0","kling-3.0/video","paths.post.input.duration","11","2","1","2026-03-12 16:57:50"
"181","kie","Kling 3.0","https://docs.kie.ai/market/kling/kling-3-0.md","kling/kling-3-0","kling-3.0/video","paths.post.input.duration","12","3","1","2026-03-12 16:57:50"
"182","kie","Kling 3.0","https://docs.kie.ai/market/kling/kling-3-0.md","kling/kling-3-0","kling-3.0/video","paths.post.input.duration","13","4","1","2026-03-12 16:57:50"
"183","kie","Kling 3.0","https://docs.kie.ai/market/kling/kling-3-0.md","kling/kling-3-0","kling-3.0/video","paths.post.input.duration","14","5","1","2026-03-12 16:57:50"
"184","kie","Kling 3.0","https://docs.kie.ai/market/kling/kling-3-0.md","kling/kling-3-0","kling-3.0/video","paths.post.input.duration","15","6","1","2026-03-12 16:57:50"
"185","kie","Kling 3.0","https://docs.kie.ai/market/kling/kling-3-0.md","kling/kling-3-0","kling-3.0/video","paths.post.input.duration","3","7","1","2026-03-12 16:57:50"
"186","kie","Kling 3.0","https://docs.kie.ai/market/kling/kling-3-0.md","kling/kling-3-0","kling-3.0/video","paths.post.input.duration","4","8","1","2026-03-12 16:57:50"
"187","kie","Kling 3.0","https://docs.kie.ai/market/kling/kling-3-0.md","kling/kling-3-0","kling-3.0/video","paths.post.input.duration","5","9","1","2026-03-12 16:57:50"
"188","kie","Kling 3.0","https://docs.kie.ai/market/kling/kling-3-0.md","kling/kling-3-0","kling-3.0/video","paths.post.input.duration","6","10","1","2026-03-12 16:57:50"
"189","kie","Kling 3.0","https://docs.kie.ai/market/kling/kling-3-0.md","kling/kling-3-0","kling-3.0/video","paths.post.input.duration","7","11","1","2026-03-12 16:57:50"
"190","kie","Kling 3.0","https://docs.kie.ai/market/kling/kling-3-0.md","kling/kling-3-0","kling-3.0/video","paths.post.input.duration","8","12","1","2026-03-12 16:57:50"
"191","kie","Kling 3.0","https://docs.kie.ai/market/kling/kling-3-0.md","kling/kling-3-0","kling-3.0/video","paths.post.input.duration","9","13","1","2026-03-12 16:57:50"
"192","kie","Kling V2.1 Master Image to Video","https://docs.kie.ai/market/kling/v2-1-master-image-to-video.md","kling/v2-1-master-image-to-video","kling/v2-1-master-image-to-video","paths.post.input.duration","10","1","1","2026-03-12 16:57:50"
"193","kie","Kling V2.1 Master Image to Video","https://docs.kie.ai/market/kling/v2-1-master-image-to-video.md","kling/v2-1-master-image-to-video","kling/v2-1-master-image-to-video","paths.post.input.duration","5","2","1","2026-03-12 16:57:50"
"194","kie","Kling V2.1 Master Text to Video","https://docs.kie.ai/market/kling/v2-1-master-text-to-video.md","kling/v2-1-master-text-to-video","kling/v2-1-master-text-to-video","paths.post.input.duration","10","1","1","2026-03-12 16:57:50"
"195","kie","Kling V2.1 Master Text to Video","https://docs.kie.ai/market/kling/v2-1-master-text-to-video.md","kling/v2-1-master-text-to-video","kling/v2-1-master-text-to-video","paths.post.input.duration","5","2","1","2026-03-12 16:57:50"
"196","kie","Kling V2.1 Pro","https://docs.kie.ai/market/kling/v2-1-pro.md","kling/v2-1-pro","kling/v2-1-pro","paths.post.input.duration","10","1","1","2026-03-12 16:57:50"
"197","kie","Kling V2.1 Pro","https://docs.kie.ai/market/kling/v2-1-pro.md","kling/v2-1-pro","kling/v2-1-pro","paths.post.input.duration","5","2","1","2026-03-12 16:57:50"
"198","kie","Kling V2.1 Standard","https://docs.kie.ai/market/kling/v2-1-standard.md","kling/v2-1-standard","kling/v2-1-standard","paths.post.input.duration","10","1","1","2026-03-12 16:57:50"
"199","kie","Kling V2.1 Standard","https://docs.kie.ai/market/kling/v2-1-standard.md","kling/v2-1-standard","kling/v2-1-standard","paths.post.input.duration","5","2","1","2026-03-12 16:57:50"
"200","kie","Wan - 2.6-flash-image-to-video","https://docs.kie.ai/market/wan/2-6-flash-image-to-video.md","wan/2-6-flash-image-to-video","wan/2-6-flash-image-to-video","paths.post.input.duration","10","1","1","2026-03-12 16:57:50"
"201","kie","Wan - 2.6-flash-image-to-video","https://docs.kie.ai/market/wan/2-6-flash-image-to-video.md","wan/2-6-flash-image-to-video","wan/2-6-flash-image-to-video","paths.post.input.duration","15","2","1","2026-03-12 16:57:50"
"202","kie","Wan - 2.6-flash-image-to-video","https://docs.kie.ai/market/wan/2-6-flash-image-to-video.md","wan/2-6-flash-image-to-video","wan/2-6-flash-image-to-video","paths.post.input.duration","5","3","1","2026-03-12 16:57:50"
"203","kie","Wan - 2-6-flash-video-to-video","https://docs.kie.ai/market/wan/2-6-flash-video-to-video.md","wan/2-6-flash-video-to-video","wan/2-6-flash-video-to-video","paths.post.input.duration","10","1","1","2026-03-12 16:57:50"
"204","kie","Wan - 2-6-flash-video-to-video","https://docs.kie.ai/market/wan/2-6-flash-video-to-video.md","wan/2-6-flash-video-to-video","wan/2-6-flash-video-to-video","paths.post.input.duration","5","2","1","2026-03-12 16:57:50"
"205","kie","Wan 2.6 - Image to Video","https://docs.kie.ai/market/wan/2-6-image-to-video.md","wan/2-6-image-to-video","wan/2-6-image-to-video","paths.post.input.duration","10","1","1","2026-03-12 16:57:50"
"206","kie","Wan 2.6 - Image to Video","https://docs.kie.ai/market/wan/2-6-image-to-video.md","wan/2-6-image-to-video","wan/2-6-image-to-video","paths.post.input.duration","15","2","1","2026-03-12 16:57:50"
"207","kie","Wan 2.6 - Image to Video","https://docs.kie.ai/market/wan/2-6-image-to-video.md","wan/2-6-image-to-video","wan/2-6-image-to-video","paths.post.input.duration","5","3","1","2026-03-12 16:57:50"
"208","kie","Wan 2.6 - Text to Video","https://docs.kie.ai/market/wan/2-6-text-to-video.md","wan/2-6-text-to-video","wan/2-6-text-to-video","paths.post.input.duration","10","1","1","2026-03-12 16:57:50"
"209","kie","Wan 2.6 - Text to Video","https://docs.kie.ai/market/wan/2-6-text-to-video.md","wan/2-6-text-to-video","wan/2-6-text-to-video","paths.post.input.duration","15","2","1","2026-03-12 16:57:50"
"210","kie","Wan 2.6 - Text to Video","https://docs.kie.ai/market/wan/2-6-text-to-video.md","wan/2-6-text-to-video","wan/2-6-text-to-video","paths.post.input.duration","5","3","1","2026-03-12 16:57:50"
"211","kie","Wan 2.6 - Video to Video","https://docs.kie.ai/market/wan/2-6-video-to-video.md","wan/2-6-video-to-video","wan/2-6-video-to-video","paths.post.input.duration","10","1","1","2026-03-12 16:57:50"
"212","kie","Wan 2.6 - Video to Video","https://docs.kie.ai/market/wan/2-6-video-to-video.md","wan/2-6-video-to-video","wan/2-6-video-to-video","paths.post.input.duration","5","2","1","2026-03-12 16:57:50"
"213","kie","Seedream4.0 - Edit","https://docs.kie.ai/market/seedream/seedream-v4-edit.md","seedream/seedream-v4-edit","bytedance/seedream-v4-edit","paths.post.input.image_resolution","1k","1","1","2026-03-12 16:57:50"
"214","kie","Seedream4.0 - Edit","https://docs.kie.ai/market/seedream/seedream-v4-edit.md","seedream/seedream-v4-edit","bytedance/seedream-v4-edit","paths.post.input.image_resolution","2k","2","1","2026-03-12 16:57:50"
"215","kie","Seedream4.0 - Edit","https://docs.kie.ai/market/seedream/seedream-v4-edit.md","seedream/seedream-v4-edit","bytedance/seedream-v4-edit","paths.post.input.image_resolution","4k","3","1","2026-03-12 16:57:50"
"216","kie","Seedream4.0 - Text to Image","https://docs.kie.ai/market/seedream/seedream-v4-text-to-image.md","seedream/seedream-v4-text-to-image","bytedance/seedream-v4-text-to-image","paths.post.input.image_resolution","1k","1","1","2026-03-12 16:57:50"
"217","kie","Seedream4.0 - Text to Image","https://docs.kie.ai/market/seedream/seedream-v4-text-to-image.md","seedream/seedream-v4-text-to-image","bytedance/seedream-v4-text-to-image","paths.post.input.image_resolution","2k","2","1","2026-03-12 16:57:50"
"218","kie","Seedream4.0 - Text to Image","https://docs.kie.ai/market/seedream/seedream-v4-text-to-image.md","seedream/seedream-v4-text-to-image","bytedance/seedream-v4-text-to-image","paths.post.input.image_resolution","4k","3","1","2026-03-12 16:57:50"
"219","kie","Ideogram - Character","https://docs.kie.ai/market/ideogram/character.md","ideogram/character","ideogram/character","paths.post.input.image_size","square","1","1","2026-03-12 16:57:50"
"220","kie","Ideogram - Character Remix","https://docs.kie.ai/market/ideogram/character-remix.md","ideogram/character-remix","ideogram/character-remix","paths.post.input.image_size","square","1","1","2026-03-12 16:57:50"
"221","kie","Ideogram - V3 Reframe","https://docs.kie.ai/market/ideogram/v3-reframe.md","ideogram/v3-reframe","ideogram/v3-reframe","paths.post.input.image_size","square","1","1","2026-03-12 16:57:50"
"222","kie","Qwen - Image Edit","https://docs.kie.ai/market/qwen/image-edit.md","qwen/image-edit","qwen/image-edit","paths.post.input.image_size","square","1","1","2026-03-12 16:57:50"
"223","kie","Qwen - Text to Image","https://docs.kie.ai/market/qwen/text-to-image.md","qwen/text-to-image","qwen/text-to-image","paths.post.input.image_size","square","1","1","2026-03-12 16:57:50"
"224","kie","Seedream3.0 - Text to Image","https://docs.kie.ai/market/seedream/seedream.md","seedream/seedream","bytedance/seedream","paths.post.input.image_size","square","1","1","2026-03-12 16:57:50"
"225","kie","Seedream4.0 - Edit","https://docs.kie.ai/market/seedream/seedream-v4-edit.md","seedream/seedream-v4-edit","bytedance/seedream-v4-edit","paths.post.input.image_size","square","1","1","2026-03-12 16:57:50"
"226","kie","Seedream4.0 - Text to Image","https://docs.kie.ai/market/seedream/seedream-v4-text-to-image.md","seedream/seedream-v4-text-to-image","bytedance/seedream-v4-text-to-image","paths.post.input.image_size","square","1","1","2026-03-12 16:57:50"
"227","kie","Grok Imagine Image to Video","https://docs.kie.ai/market/grok-imagine/image-to-video.md","grok-imagine/image-to-video","grok-imagine/image-to-video","paths.post.input.mode","fun","1","1","2026-03-12 16:57:50"
"228","kie","Grok Imagine Image to Video","https://docs.kie.ai/market/grok-imagine/image-to-video.md","grok-imagine/image-to-video","grok-imagine/image-to-video","paths.post.input.mode","normal","2","1","2026-03-12 16:57:50"
"229","kie","Grok Imagine Image to Video","https://docs.kie.ai/market/grok-imagine/image-to-video.md","grok-imagine/image-to-video","grok-imagine/image-to-video","paths.post.input.mode","spicy","3","1","2026-03-12 16:57:50"
"230","kie","Grok Imagine Text to Video","https://docs.kie.ai/market/grok-imagine/text-to-video.md","grok-imagine/text-to-video","grok-imagine/text-to-video","paths.post.input.mode","fun","1","1","2026-03-12 16:57:50"
"231","kie","Grok Imagine Text to Video","https://docs.kie.ai/market/grok-imagine/text-to-video.md","grok-imagine/text-to-video","grok-imagine/text-to-video","paths.post.input.mode","normal","2","1","2026-03-12 16:57:50"
"232","kie","Grok Imagine Text to Video","https://docs.kie.ai/market/grok-imagine/text-to-video.md","grok-imagine/text-to-video","grok-imagine/text-to-video","paths.post.input.mode","spicy","3","1","2026-03-12 16:57:50"
"233","kie","Kling 3.0","https://docs.kie.ai/market/kling/kling-3-0.md","kling/kling-3-0","kling-3.0/video","paths.post.input.mode","pro","1","1","2026-03-12 16:57:50"
"234","kie","Kling 3.0","https://docs.kie.ai/market/kling/kling-3-0.md","kling/kling-3-0","kling-3.0/video","paths.post.input.mode","std","2","1","2026-03-12 16:57:50"
"235","kie","Sora2 - Image to Video","https://docs.kie.ai/market/sora2/sora-2-image-to-video.md","sora2/sora-2-image-to-video","sora-2-image-to-video","paths.post.input.n_frames","10","1","1","2026-03-12 16:57:50"
"236","kie","Sora2 - Image to Video","https://docs.kie.ai/market/sora2/sora-2-image-to-video.md","sora2/sora-2-image-to-video","sora-2-image-to-video","paths.post.input.n_frames","15","2","1","2026-03-12 16:57:50"
"237","kie","Sora2 - Pro Image to Video","https://docs.kie.ai/market/sora2/sora-2-pro-image-to-video.md","sora2/sora-2-pro-image-to-video","sora-2-pro-image-to-video","paths.post.input.n_frames","10","1","1","2026-03-12 16:57:50"
"238","kie","Sora2 - Pro Image to Video","https://docs.kie.ai/market/sora2/sora-2-pro-image-to-video.md","sora2/sora-2-pro-image-to-video","sora-2-pro-image-to-video","paths.post.input.n_frames","15","2","1","2026-03-12 16:57:50"
"239","kie","Sora2 - Pro Storyboard","https://docs.kie.ai/market/sora-2-pro-storyboard.md","sora-2-pro-storyboard","sora-2-pro-storyboard","paths.post.input.n_frames","10","1","1","2026-03-12 16:57:50"
"240","kie","Sora2 - Pro Storyboard","https://docs.kie.ai/market/sora-2-pro-storyboard.md","sora-2-pro-storyboard","sora-2-pro-storyboard","paths.post.input.n_frames","15","2","1","2026-03-12 16:57:50"
"241","kie","Sora2 - Pro Storyboard","https://docs.kie.ai/market/sora-2-pro-storyboard.md","sora-2-pro-storyboard","sora-2-pro-storyboard","paths.post.input.n_frames","25","3","1","2026-03-12 16:57:50"
"242","kie","Sora2 - Pro Text to Video","https://docs.kie.ai/market/sora2/sora-2-pro-text-to-video.md","sora2/sora-2-pro-text-to-video","sora-2-pro-text-to-video","paths.post.input.n_frames","10","1","1","2026-03-12 16:57:50"
"243","kie","Sora2 - Pro Text to Video","https://docs.kie.ai/market/sora2/sora-2-pro-text-to-video.md","sora2/sora-2-pro-text-to-video","sora-2-pro-text-to-video","paths.post.input.n_frames","15","2","1","2026-03-12 16:57:50"
"244","kie","Sora2 - Text to Video","https://docs.kie.ai/market/sora2/sora-2-text-to-video.md","sora2/sora-2-text-to-video","sora-2-text-to-video","paths.post.input.n_frames","10","1","1","2026-03-12 16:57:50"
"245","kie","Sora2 - Text to Video","https://docs.kie.ai/market/sora2/sora-2-text-to-video.md","sora2/sora-2-text-to-video","sora-2-text-to-video","paths.post.input.n_frames","15","2","1","2026-03-12 16:57:50"
"246","kie","Google - imagen4-fast","https://docs.kie.ai/market/google/imagen4-fast.md","google/imagen4-fast","google/imagen4-fast","paths.post.input.num_images","1","1","1","2026-03-12 16:57:50"
"247","kie","Google - imagen4-fast","https://docs.kie.ai/market/google/imagen4-fast.md","google/imagen4-fast","google/imagen4-fast","paths.post.input.num_images","2","2","1","2026-03-12 16:57:50"
"248","kie","Google - imagen4-fast","https://docs.kie.ai/market/google/imagen4-fast.md","google/imagen4-fast","google/imagen4-fast","paths.post.input.num_images","3","3","1","2026-03-12 16:57:50"
"249","kie","Google - imagen4-fast","https://docs.kie.ai/market/google/imagen4-fast.md","google/imagen4-fast","google/imagen4-fast","paths.post.input.num_images","4","4","1","2026-03-12 16:57:50"
"250","kie","Ideogram - Character","https://docs.kie.ai/market/ideogram/character.md","ideogram/character","ideogram/character","paths.post.input.num_images","1","1","1","2026-03-12 16:57:50"
"251","kie","Ideogram - Character","https://docs.kie.ai/market/ideogram/character.md","ideogram/character","ideogram/character","paths.post.input.num_images","2","2","1","2026-03-12 16:57:50"
"252","kie","Ideogram - Character","https://docs.kie.ai/market/ideogram/character.md","ideogram/character","ideogram/character","paths.post.input.num_images","3","3","1","2026-03-12 16:57:50"
"253","kie","Ideogram - Character","https://docs.kie.ai/market/ideogram/character.md","ideogram/character","ideogram/character","paths.post.input.num_images","4","4","1","2026-03-12 16:57:50"
"254","kie","Ideogram - Character Edit","https://docs.kie.ai/market/ideogram/character-edit.md","ideogram/character-edit","ideogram/character-edit","paths.post.input.num_images","1","1","1","2026-03-12 16:57:50"
"255","kie","Ideogram - Character Edit","https://docs.kie.ai/market/ideogram/character-edit.md","ideogram/character-edit","ideogram/character-edit","paths.post.input.num_images","2","2","1","2026-03-12 16:57:50"
"256","kie","Ideogram - Character Edit","https://docs.kie.ai/market/ideogram/character-edit.md","ideogram/character-edit","ideogram/character-edit","paths.post.input.num_images","3","3","1","2026-03-12 16:57:50"
"257","kie","Ideogram - Character Edit","https://docs.kie.ai/market/ideogram/character-edit.md","ideogram/character-edit","ideogram/character-edit","paths.post.input.num_images","4","4","1","2026-03-12 16:57:50"
"258","kie","Ideogram - Character Remix","https://docs.kie.ai/market/ideogram/character-remix.md","ideogram/character-remix","ideogram/character-remix","paths.post.input.num_images","1","1","1","2026-03-12 16:57:50"
"259","kie","Ideogram - Character Remix","https://docs.kie.ai/market/ideogram/character-remix.md","ideogram/character-remix","ideogram/character-remix","paths.post.input.num_images","2","2","1","2026-03-12 16:57:50"
"260","kie","Ideogram - Character Remix","https://docs.kie.ai/market/ideogram/character-remix.md","ideogram/character-remix","ideogram/character-remix","paths.post.input.num_images","3","3","1","2026-03-12 16:57:50"
"261","kie","Ideogram - Character Remix","https://docs.kie.ai/market/ideogram/character-remix.md","ideogram/character-remix","ideogram/character-remix","paths.post.input.num_images","4","4","1","2026-03-12 16:57:50"
"262","kie","Ideogram - V3 Reframe","https://docs.kie.ai/market/ideogram/v3-reframe.md","ideogram/v3-reframe","ideogram/v3-reframe","paths.post.input.num_images","1","1","1","2026-03-12 16:57:50"
"263","kie","Ideogram - V3 Reframe","https://docs.kie.ai/market/ideogram/v3-reframe.md","ideogram/v3-reframe","ideogram/v3-reframe","paths.post.input.num_images","2","2","1","2026-03-12 16:57:50"
"264","kie","Ideogram - V3 Reframe","https://docs.kie.ai/market/ideogram/v3-reframe.md","ideogram/v3-reframe","ideogram/v3-reframe","paths.post.input.num_images","3","3","1","2026-03-12 16:57:50"
"265","kie","Ideogram - V3 Reframe","https://docs.kie.ai/market/ideogram/v3-reframe.md","ideogram/v3-reframe","ideogram/v3-reframe","paths.post.input.num_images","4","4","1","2026-03-12 16:57:50"
"266","kie","Qwen - Image Edit","https://docs.kie.ai/market/qwen/image-edit.md","qwen/image-edit","qwen/image-edit","paths.post.input.num_images","1","1","1","2026-03-12 16:57:50"
"267","kie","Qwen - Image Edit","https://docs.kie.ai/market/qwen/image-edit.md","qwen/image-edit","qwen/image-edit","paths.post.input.num_images","2","2","1","2026-03-12 16:57:50"
"268","kie","Qwen - Image Edit","https://docs.kie.ai/market/qwen/image-edit.md","qwen/image-edit","qwen/image-edit","paths.post.input.num_images","3","3","1","2026-03-12 16:57:50"
"269","kie","Qwen - Image Edit","https://docs.kie.ai/market/qwen/image-edit.md","qwen/image-edit","qwen/image-edit","paths.post.input.num_images","4","4","1","2026-03-12 16:57:50"
"270","kie","Generate or Edit Image","https://docs.kie.ai/flux-kontext-api/generate-or-edit-image.md","flux-kontext-api/generate-or-edit-image","flux-kontext-max; flux-kontext-pro","paths.post.input.output_format","jpeg","1","1","2026-03-12 16:57:50"
"271","kie","Generate or Edit Image","https://docs.kie.ai/flux-kontext-api/generate-or-edit-image.md","flux-kontext-api/generate-or-edit-image","flux-kontext-max; flux-kontext-pro","paths.post.input.output_format","png","2","1","2026-03-12 16:57:50"
"272","kie","Qwen - Image Edit","https://docs.kie.ai/market/qwen/image-edit.md","qwen/image-edit","qwen/image-edit","paths.post.input.output_format","jpeg","1","1","2026-03-12 16:57:50"
"273","kie","Qwen - Image Edit","https://docs.kie.ai/market/qwen/image-edit.md","qwen/image-edit","qwen/image-edit","paths.post.input.output_format","png","2","1","2026-03-12 16:57:50"
"274","kie","Qwen - Image to Image","https://docs.kie.ai/market/qwen/image-to-image.md","qwen/image-to-image","qwen/image-to-image","paths.post.input.output_format","jpeg","1","1","2026-03-12 16:57:50"
"275","kie","Qwen - Image to Image","https://docs.kie.ai/market/qwen/image-to-image.md","qwen/image-to-image","qwen/image-to-image","paths.post.input.output_format","png","2","1","2026-03-12 16:57:50"
"276","kie","Qwen - Text to Image","https://docs.kie.ai/market/qwen/text-to-image.md","qwen/text-to-image","qwen/text-to-image","paths.post.input.output_format","jpeg","1","1","2026-03-12 16:57:50"
"277","kie","Qwen - Text to Image","https://docs.kie.ai/market/qwen/text-to-image.md","qwen/text-to-image","qwen/text-to-image","paths.post.input.output_format","png","2","1","2026-03-12 16:57:50"
"278","kie","GPT Image-1.5 - Image to Image","https://docs.kie.ai/market/gpt-image/1-5-image-to-image.md","gpt-image/1-5-image-to-image","gpt-image/1.5-image-to-image","paths.post.input.quality","high","1","1","2026-03-12 16:57:50"
"279","kie","GPT Image-1.5 - Image to Image","https://docs.kie.ai/market/gpt-image/1-5-image-to-image.md","gpt-image/1-5-image-to-image","gpt-image/1.5-image-to-image","paths.post.input.quality","medium","2","1","2026-03-12 16:57:50"
"280","kie","GPT Image-1.5 - Text to Image","https://docs.kie.ai/market/gpt-image/1-5-text-to-image.md","gpt-image/1-5-text-to-image","gpt-image/1.5-text-to-image","paths.post.input.quality","high","1","1","2026-03-12 16:57:50"
"281","kie","GPT Image-1.5 - Text to Image","https://docs.kie.ai/market/gpt-image/1-5-text-to-image.md","gpt-image/1-5-text-to-image","gpt-image/1.5-text-to-image","paths.post.input.quality","medium","2","1","2026-03-12 16:57:50"
"282","kie","Seedream4.5 - Edit","https://docs.kie.ai/market/seedream/4-5-edit.md","seedream/4-5-edit","seedream/4.5-edit","paths.post.input.quality","basic","1","1","2026-03-12 16:57:50"
"283","kie","Seedream4.5 - Edit","https://docs.kie.ai/market/seedream/4-5-edit.md","seedream/4-5-edit","seedream/4.5-edit","paths.post.input.quality","high","2","1","2026-03-12 16:57:50"
"284","kie","Seedream4.5 - Text to Image","https://docs.kie.ai/market/seedream/4-5-text-to-image.md","seedream/4-5-text-to-image","seedream/4.5-text-to-image","paths.post.input.quality","basic","1","1","2026-03-12 16:57:50"
"285","kie","Seedream4.5 - Text to Image","https://docs.kie.ai/market/seedream/4-5-text-to-image.md","seedream/4-5-text-to-image","seedream/4.5-text-to-image","paths.post.input.quality","high","2","1","2026-03-12 16:57:50"
"286","kie","Bytedance - V1 Lite Image to Video","https://docs.kie.ai/market/bytedance/v1-lite-image-to-video.md","bytedance/v1-lite-image-to-video","bytedance/v1-lite-image-to-video","paths.post.input.resolution","1080p","1","1","2026-03-12 16:57:50"
"287","kie","Bytedance - V1 Lite Image to Video","https://docs.kie.ai/market/bytedance/v1-lite-image-to-video.md","bytedance/v1-lite-image-to-video","bytedance/v1-lite-image-to-video","paths.post.input.resolution","480p","2","1","2026-03-12 16:57:50"
"288","kie","Bytedance - V1 Lite Image to Video","https://docs.kie.ai/market/bytedance/v1-lite-image-to-video.md","bytedance/v1-lite-image-to-video","bytedance/v1-lite-image-to-video","paths.post.input.resolution","720p","3","1","2026-03-12 16:57:50"
"289","kie","Bytedance - V1 Lite Text to Video","https://docs.kie.ai/market/bytedance/v1-lite-text-to-video.md","bytedance/v1-lite-text-to-video","bytedance/v1-lite-text-to-video","paths.post.input.resolution","1080p","1","1","2026-03-12 16:57:50"
"290","kie","Bytedance - V1 Lite Text to Video","https://docs.kie.ai/market/bytedance/v1-lite-text-to-video.md","bytedance/v1-lite-text-to-video","bytedance/v1-lite-text-to-video","paths.post.input.resolution","480p","2","1","2026-03-12 16:57:50"
"291","kie","Bytedance - V1 Lite Text to Video","https://docs.kie.ai/market/bytedance/v1-lite-text-to-video.md","bytedance/v1-lite-text-to-video","bytedance/v1-lite-text-to-video","paths.post.input.resolution","720p","3","1","2026-03-12 16:57:50"
"292","kie","Bytedance - V1 Pro Text to Video","https://docs.kie.ai/market/bytedance/v1-pro-text-to-video.md","bytedance/v1-pro-text-to-video","bytedance/v1-pro-text-to-video","paths.post.input.resolution","1080p","1","1","2026-03-12 16:57:50"
"293","kie","Bytedance - V1 Pro Text to Video","https://docs.kie.ai/market/bytedance/v1-pro-text-to-video.md","bytedance/v1-pro-text-to-video","bytedance/v1-pro-text-to-video","paths.post.input.resolution","480p","2","1","2026-03-12 16:57:50"
"294","kie","Bytedance - V1 Pro Text to Video","https://docs.kie.ai/market/bytedance/v1-pro-text-to-video.md","bytedance/v1-pro-text-to-video","bytedance/v1-pro-text-to-video","paths.post.input.resolution","720p","3","1","2026-03-12 16:57:50"
"295","kie","Bytedance Seedance 1.5 Pro","https://docs.kie.ai/market/bytedance/seedance-1-5-pro.md","bytedance/seedance-1-5-pro","bytedance/seedance-1.5-pro","paths.post.input.resolution","1080p","1","1","2026-03-12 16:57:50"
"296","kie","Bytedance Seedance 1.5 Pro","https://docs.kie.ai/market/bytedance/seedance-1-5-pro.md","bytedance/seedance-1-5-pro","bytedance/seedance-1.5-pro","paths.post.input.resolution","480p","2","1","2026-03-12 16:57:50"
"297","kie","Bytedance Seedance 1.5 Pro","https://docs.kie.ai/market/bytedance/seedance-1-5-pro.md","bytedance/seedance-1-5-pro","bytedance/seedance-1.5-pro","paths.post.input.resolution","720p","3","1","2026-03-12 16:57:50"
"298","kie","Bytedance V1 Pro Fast Image to Video","https://docs.kie.ai/market/bytedance/v1-pro-fast-image-to-video.md","bytedance/v1-pro-fast-image-to-video","bytedance/v1-pro-fast-image-to-video","paths.post.input.resolution","1080p","1","1","2026-03-12 16:57:50"
"299","kie","Bytedance V1 Pro Fast Image to Video","https://docs.kie.ai/market/bytedance/v1-pro-fast-image-to-video.md","bytedance/v1-pro-fast-image-to-video","bytedance/v1-pro-fast-image-to-video","paths.post.input.resolution","720p","2","1","2026-03-12 16:57:50"
"300","kie","Bytedance V1 Pro Image to Video","https://docs.kie.ai/market/bytedance/v1-pro-image-to-video.md","bytedance/v1-pro-image-to-video","bytedance/v1-pro-image-to-video","paths.post.input.resolution","1080p","1","1","2026-03-12 16:57:50"
"301","kie","Bytedance V1 Pro Image to Video","https://docs.kie.ai/market/bytedance/v1-pro-image-to-video.md","bytedance/v1-pro-image-to-video","bytedance/v1-pro-image-to-video","paths.post.input.resolution","480p","2","1","2026-03-12 16:57:50"
"302","kie","Bytedance V1 Pro Image to Video","https://docs.kie.ai/market/bytedance/v1-pro-image-to-video.md","bytedance/v1-pro-image-to-video","bytedance/v1-pro-image-to-video","paths.post.input.resolution","720p","3","1","2026-03-12 16:57:50"
"303","kie","Flux-2 - Image to Image","https://docs.kie.ai/market/flux2/flex-image-to-image.md","flux2/flex-image-to-image","flux-2/flex-image-to-image","paths.post.input.resolution","1k","1","1","2026-03-12 16:57:50"
"304","kie","Flux-2 - Image to Image","https://docs.kie.ai/market/flux2/flex-image-to-image.md","flux2/flex-image-to-image","flux-2/flex-image-to-image","paths.post.input.resolution","2k","2","1","2026-03-12 16:57:50"
"305","kie","Flux-2 - Pro Image to Image","https://docs.kie.ai/market/flux2/pro-image-to-image.md","flux2/pro-image-to-image","flux-2/pro-image-to-image","paths.post.input.resolution","1k","1","1","2026-03-12 16:57:50"
"306","kie","Flux-2 - Pro Image to Image","https://docs.kie.ai/market/flux2/pro-image-to-image.md","flux2/pro-image-to-image","flux-2/pro-image-to-image","paths.post.input.resolution","2k","2","1","2026-03-12 16:57:50"
"307","kie","Flux-2 - Pro Text to Image","https://docs.kie.ai/market/flux2/pro-text-to-image.md","flux2/pro-text-to-image","flux-2/pro-text-to-image","paths.post.input.resolution","1k","1","1","2026-03-12 16:57:50"
"308","kie","Flux-2 - Pro Text to Image","https://docs.kie.ai/market/flux2/pro-text-to-image.md","flux2/pro-text-to-image","flux-2/pro-text-to-image","paths.post.input.resolution","2k","2","1","2026-03-12 16:57:50"
"309","kie","Flux-2 - Text to Image","https://docs.kie.ai/market/flux2/flex-text-to-image.md","flux2/flex-text-to-image","flux-2/flex-text-to-image","paths.post.input.resolution","1k","1","1","2026-03-12 16:57:50"
"310","kie","Flux-2 - Text to Image","https://docs.kie.ai/market/flux2/flex-text-to-image.md","flux2/flex-text-to-image","flux-2/flex-text-to-image","paths.post.input.resolution","2k","2","1","2026-03-12 16:57:50"
"311","kie","Grok Imagine Image to Video","https://docs.kie.ai/market/grok-imagine/image-to-video.md","grok-imagine/image-to-video","grok-imagine/image-to-video","paths.post.input.resolution","480p","1","1","2026-03-12 16:57:50"
"312","kie","Grok Imagine Image to Video","https://docs.kie.ai/market/grok-imagine/image-to-video.md","grok-imagine/image-to-video","grok-imagine/image-to-video","paths.post.input.resolution","720p","2","1","2026-03-12 16:57:50"
"313","kie","Grok Imagine Text to Video","https://docs.kie.ai/market/grok-imagine/text-to-video.md","grok-imagine/text-to-video","grok-imagine/text-to-video","paths.post.input.resolution","480p","1","1","2026-03-12 16:57:50"
"314","kie","Grok Imagine Text to Video","https://docs.kie.ai/market/grok-imagine/text-to-video.md","grok-imagine/text-to-video","grok-imagine/text-to-video","paths.post.input.resolution","720p","2","1","2026-03-12 16:57:50"
"315","kie","Hailuo 2.3 Pro Image to Video","https://docs.kie.ai/market/hailuo/2-3-image-to-video-pro.md","hailuo/2-3-image-to-video-pro","hailuo/2-3-image-to-video-pro","paths.post.input.resolution","1080p","1","1","2026-03-12 16:57:50"
"316","kie","Hailuo 2.3 Pro Image to Video","https://docs.kie.ai/market/hailuo/2-3-image-to-video-pro.md","hailuo/2-3-image-to-video-pro","hailuo/2-3-image-to-video-pro","paths.post.input.resolution","768p","2","1","2026-03-12 16:57:50"
"317","kie","Hailuo 2.3 Standard Image to Video","https://docs.kie.ai/market/hailuo/2-3-image-to-video-standard.md","hailuo/2-3-image-to-video-standard","hailuo/2-3-image-to-video-standard","paths.post.input.resolution","1080p","1","1","2026-03-12 16:57:50"
"318","kie","Hailuo 2.3 Standard Image to Video","https://docs.kie.ai/market/hailuo/2-3-image-to-video-standard.md","hailuo/2-3-image-to-video-standard","hailuo/2-3-image-to-video-standard","paths.post.input.resolution","768p","2","1","2026-03-12 16:57:50"
"319","kie","Hailuo Standard Image to Video","https://docs.kie.ai/market/hailuo/02-image-to-video-standard.md","hailuo/02-image-to-video-standard","hailuo/02-image-to-video-standard","paths.post.input.resolution","512p","1","1","2026-03-12 16:57:50"
"320","kie","Hailuo Standard Image to Video","https://docs.kie.ai/market/hailuo/02-image-to-video-standard.md","hailuo/02-image-to-video-standard","hailuo/02-image-to-video-standard","paths.post.input.resolution","768p","2","1","2026-03-12 16:57:50"
"321","kie","Infinitalk - From Audio","https://docs.kie.ai/market/infinitalk/from-audio.md","infinitalk/from-audio","infinitalk/from-audio","paths.post.input.resolution","480p","1","1","2026-03-12 16:57:50"
"322","kie","Infinitalk - From Audio","https://docs.kie.ai/market/infinitalk/from-audio.md","infinitalk/from-audio","infinitalk/from-audio","paths.post.input.resolution","720p","2","1","2026-03-12 16:57:50"
"323","kie","Wan - 2.2 A14B Speech to Video Turbo","https://docs.kie.ai/market/wan/2-2-a14b-speech-to-video-turbo.md","wan/2-2-a14b-speech-to-video-turbo","wan/2-2-a14b-speech-to-video-turbo","paths.post.input.resolution","480p","1","1","2026-03-12 16:57:50"
"324","kie","Wan - 2.2 A14B Speech to Video Turbo","https://docs.kie.ai/market/wan/2-2-a14b-speech-to-video-turbo.md","wan/2-2-a14b-speech-to-video-turbo","wan/2-2-a14b-speech-to-video-turbo","paths.post.input.resolution","580p","2","1","2026-03-12 16:57:50"
"325","kie","Wan - 2.2 A14B Speech to Video Turbo","https://docs.kie.ai/market/wan/2-2-a14b-speech-to-video-turbo.md","wan/2-2-a14b-speech-to-video-turbo","wan/2-2-a14b-speech-to-video-turbo","paths.post.input.resolution","720p","3","1","2026-03-12 16:57:50"
"326","kie","Wan - 2.6-flash-image-to-video","https://docs.kie.ai/market/wan/2-6-flash-image-to-video.md","wan/2-6-flash-image-to-video","wan/2-6-flash-image-to-video","paths.post.input.resolution","1080p","1","1","2026-03-12 16:57:50"
"327","kie","Wan - 2.6-flash-image-to-video","https://docs.kie.ai/market/wan/2-6-flash-image-to-video.md","wan/2-6-flash-image-to-video","wan/2-6-flash-image-to-video","paths.post.input.resolution","720p","2","1","2026-03-12 16:57:50"
"328","kie","Wan - 2-6-flash-video-to-video","https://docs.kie.ai/market/wan/2-6-flash-video-to-video.md","wan/2-6-flash-video-to-video","wan/2-6-flash-video-to-video","paths.post.input.resolution","1080p","1","1","2026-03-12 16:57:50"
"329","kie","Wan - 2-6-flash-video-to-video","https://docs.kie.ai/market/wan/2-6-flash-video-to-video.md","wan/2-6-flash-video-to-video","wan/2-6-flash-video-to-video","paths.post.input.resolution","720p","2","1","2026-03-12 16:57:50"
"330","kie","Wan - Animate Move","https://docs.kie.ai/market/wan/2-2-animate-move.md","wan/2-2-animate-move","wan/2-2-animate-move","paths.post.input.resolution","480p","1","1","2026-03-12 16:57:50"
"331","kie","Wan - Animate Move","https://docs.kie.ai/market/wan/2-2-animate-move.md","wan/2-2-animate-move","wan/2-2-animate-move","paths.post.input.resolution","580p","2","1","2026-03-12 16:57:50"
"332","kie","Wan - Animate Move","https://docs.kie.ai/market/wan/2-2-animate-move.md","wan/2-2-animate-move","wan/2-2-animate-move","paths.post.input.resolution","720p","3","1","2026-03-12 16:57:50"
"333","kie","Wan - Animate Replace","https://docs.kie.ai/market/wan/2-2-animate-replace.md","wan/2-2-animate-replace","wan/2-2-animate-replace","paths.post.input.resolution","480p","1","1","2026-03-12 16:57:50"
"334","kie","Wan - Animate Replace","https://docs.kie.ai/market/wan/2-2-animate-replace.md","wan/2-2-animate-replace","wan/2-2-animate-replace","paths.post.input.resolution","580p","2","1","2026-03-12 16:57:50"
"335","kie","Wan - Animate Replace","https://docs.kie.ai/market/wan/2-2-animate-replace.md","wan/2-2-animate-replace","wan/2-2-animate-replace","paths.post.input.resolution","720p","3","1","2026-03-12 16:57:50"
"336","kie","Wan - Image to Video","https://docs.kie.ai/market/wan/2-2-a14b-image-to-video-turbo.md","wan/2-2-a14b-image-to-video-turbo","wan/2-2-a14b-image-to-video-turbo","paths.post.input.resolution","480p","1","1","2026-03-12 16:57:50"
"337","kie","Wan - Image to Video","https://docs.kie.ai/market/wan/2-2-a14b-image-to-video-turbo.md","wan/2-2-a14b-image-to-video-turbo","wan/2-2-a14b-image-to-video-turbo","paths.post.input.resolution","720p","2","1","2026-03-12 16:57:50"
"338","kie","Wan - Text to Video","https://docs.kie.ai/market/wan/2-2-a14b-text-to-video-turbo.md","wan/2-2-a14b-text-to-video-turbo","wan/2-2-a14b-text-to-video-turbo","paths.post.input.resolution","480p","1","1","2026-03-12 16:57:50"
"339","kie","Wan - Text to Video","https://docs.kie.ai/market/wan/2-2-a14b-text-to-video-turbo.md","wan/2-2-a14b-text-to-video-turbo","wan/2-2-a14b-text-to-video-turbo","paths.post.input.resolution","720p","2","1","2026-03-12 16:57:50"
"340","kie","Wan 2.6 - Image to Video","https://docs.kie.ai/market/wan/2-6-image-to-video.md","wan/2-6-image-to-video","wan/2-6-image-to-video","paths.post.input.resolution","1080p","1","1","2026-03-12 16:57:50"
"341","kie","Wan 2.6 - Image to Video","https://docs.kie.ai/market/wan/2-6-image-to-video.md","wan/2-6-image-to-video","wan/2-6-image-to-video","paths.post.input.resolution","720p","2","1","2026-03-12 16:57:50"
"342","kie","Wan 2.6 - Text to Video","https://docs.kie.ai/market/wan/2-6-text-to-video.md","wan/2-6-text-to-video","wan/2-6-text-to-video","paths.post.input.resolution","1080p","1","1","2026-03-12 16:57:50"
"343","kie","Wan 2.6 - Text to Video","https://docs.kie.ai/market/wan/2-6-text-to-video.md","wan/2-6-text-to-video","wan/2-6-text-to-video","paths.post.input.resolution","720p","2","1","2026-03-12 16:57:50"
"344","kie","Wan 2.6 - Video to Video","https://docs.kie.ai/market/wan/2-6-video-to-video.md","wan/2-6-video-to-video","wan/2-6-video-to-video","paths.post.input.resolution","1080p","1","1","2026-03-12 16:57:50"
"345","kie","Wan 2.6 - Video to Video","https://docs.kie.ai/market/wan/2-6-video-to-video.md","wan/2-6-video-to-video","wan/2-6-video-to-video","paths.post.input.resolution","720p","2","1","2026-03-12 16:57:50"
"346","kie","Generate or Edit Image","https://docs.kie.ai/flux-kontext-api/generate-or-edit-image.md","flux-kontext-api/generate-or-edit-image","flux-kontext-max; flux-kontext-pro","paths.post.input.safety_tolerance","0","1","1","2026-03-12 16:57:50"
"347","kie","Generate or Edit Image","https://docs.kie.ai/flux-kontext-api/generate-or-edit-image.md","flux-kontext-api/generate-or-edit-image","flux-kontext-max; flux-kontext-pro","paths.post.input.safety_tolerance","1","2","1","2026-03-12 16:57:50"
"348","kie","Generate or Edit Image","https://docs.kie.ai/flux-kontext-api/generate-or-edit-image.md","flux-kontext-api/generate-or-edit-image","flux-kontext-max; flux-kontext-pro","paths.post.input.safety_tolerance","2","3","1","2026-03-12 16:57:50"
"349","kie","Generate or Edit Image","https://docs.kie.ai/flux-kontext-api/generate-or-edit-image.md","flux-kontext-api/generate-or-edit-image","flux-kontext-max; flux-kontext-pro","paths.post.input.safety_tolerance","3","4","1","2026-03-12 16:57:50"
"350","kie","Generate or Edit Image","https://docs.kie.ai/flux-kontext-api/generate-or-edit-image.md","flux-kontext-api/generate-or-edit-image","flux-kontext-max; flux-kontext-pro","paths.post.input.safety_tolerance","4","5","1","2026-03-12 16:57:50"
"351","kie","Generate or Edit Image","https://docs.kie.ai/flux-kontext-api/generate-or-edit-image.md","flux-kontext-api/generate-or-edit-image","flux-kontext-max; flux-kontext-pro","paths.post.input.safety_tolerance","5","6","1","2026-03-12 16:57:50"
"352","kie","Generate or Edit Image","https://docs.kie.ai/flux-kontext-api/generate-or-edit-image.md","flux-kontext-api/generate-or-edit-image","flux-kontext-max; flux-kontext-pro","paths.post.input.safety_tolerance","6","7","1","2026-03-12 16:57:50"
"353","kie","Generate 4o Image","https://docs.kie.ai/4o-image-api/generate-4-o-image.md","4o-image-api/generate-4-o-image","","paths.post.input.size","1:1","1","1","2026-03-12 16:57:50"
"354","kie","Generate 4o Image","https://docs.kie.ai/4o-image-api/generate-4-o-image.md","4o-image-api/generate-4-o-image","","paths.post.input.size","2:3","2","1","2026-03-12 16:57:50"
"355","kie","Generate 4o Image","https://docs.kie.ai/4o-image-api/generate-4-o-image.md","4o-image-api/generate-4-o-image","","paths.post.input.size","3:2","3","1","2026-03-12 16:57:50"
"356","kie","Ideogram - Character","https://docs.kie.ai/market/ideogram/character.md","ideogram/character","ideogram/character","paths.post.input.style","AUTO","1","1","2026-03-12 16:57:50"
"357","kie","Ideogram - Character","https://docs.kie.ai/market/ideogram/character.md","ideogram/character","ideogram/character","paths.post.input.style","FICTION","2","1","2026-03-12 16:57:50"
"358","kie","Ideogram - Character","https://docs.kie.ai/market/ideogram/character.md","ideogram/character","ideogram/character","paths.post.input.style","REALISTIC","3","1","2026-03-12 16:57:50"
"359","kie","Ideogram - Character Edit","https://docs.kie.ai/market/ideogram/character-edit.md","ideogram/character-edit","ideogram/character-edit","paths.post.input.style","AUTO","1","1","2026-03-12 16:57:50"
"360","kie","Ideogram - Character Edit","https://docs.kie.ai/market/ideogram/character-edit.md","ideogram/character-edit","ideogram/character-edit","paths.post.input.style","FICTION","2","1","2026-03-12 16:57:50"
"361","kie","Ideogram - Character Edit","https://docs.kie.ai/market/ideogram/character-edit.md","ideogram/character-edit","ideogram/character-edit","paths.post.input.style","REALISTIC","3","1","2026-03-12 16:57:50"
"362","kie","Ideogram - Character Remix","https://docs.kie.ai/market/ideogram/character-remix.md","ideogram/character-remix","ideogram/character-remix","paths.post.input.style","AUTO","1","1","2026-03-12 16:57:50"
"363","kie","Ideogram - Character Remix","https://docs.kie.ai/market/ideogram/character-remix.md","ideogram/character-remix","ideogram/character-remix","paths.post.input.style","FICTION","2","1","2026-03-12 16:57:50"
"364","kie","Ideogram - Character Remix","https://docs.kie.ai/market/ideogram/character-remix.md","ideogram/character-remix","ideogram/character-remix","paths.post.input.style","REALISTIC","3","1","2026-03-12 16:57:50"
"365","kie","Ideogram - V3 Reframe","https://docs.kie.ai/market/ideogram/v3-reframe.md","ideogram/v3-reframe","ideogram/v3-reframe","paths.post.input.style","AUTO","1","1","2026-03-12 16:57:50"
"366","kie","Ideogram - V3 Reframe","https://docs.kie.ai/market/ideogram/v3-reframe.md","ideogram/v3-reframe","ideogram/v3-reframe","paths.post.input.style","DESIGN","2","1","2026-03-12 16:57:50"
"367","kie","Ideogram - V3 Reframe","https://docs.kie.ai/market/ideogram/v3-reframe.md","ideogram/v3-reframe","ideogram/v3-reframe","paths.post.input.style","GENERAL","3","1","2026-03-12 16:57:50"
"368","kie","Ideogram - V3 Reframe","https://docs.kie.ai/market/ideogram/v3-reframe.md","ideogram/v3-reframe","ideogram/v3-reframe","paths.post.input.style","REALISTIC","4","1","2026-03-12 16:57:50"
"369","kie","Topaz - Image Upscale","https://docs.kie.ai/market/topaz/image-upscale.md","topaz/image-upscale","topaz/image-upscale","paths.post.input.upscale_factor","1","1","1","2026-03-12 16:57:50"
"370","kie","Topaz - Image Upscale","https://docs.kie.ai/market/topaz/image-upscale.md","topaz/image-upscale","topaz/image-upscale","paths.post.input.upscale_factor","2","2","1","2026-03-12 16:57:50"
"371","kie","Topaz - Image Upscale","https://docs.kie.ai/market/topaz/image-upscale.md","topaz/image-upscale","topaz/image-upscale","paths.post.input.upscale_factor","4","3","1","2026-03-12 16:57:50"
"372","kie","Topaz - Image Upscale","https://docs.kie.ai/market/topaz/image-upscale.md","topaz/image-upscale","topaz/image-upscale","paths.post.input.upscale_factor","8","4","1","2026-03-12 16:57:50"
"373","kie","Topaz - Video Upscale","https://docs.kie.ai/market/topaz/video-upscale.md","topaz/video-upscale","topaz/video-upscale","paths.post.input.upscale_factor","1","1","1","2026-03-12 16:57:50"
"374","kie","Topaz - Video Upscale","https://docs.kie.ai/market/topaz/video-upscale.md","topaz/video-upscale","topaz/video-upscale","paths.post.input.upscale_factor","2","2","1","2026-03-12 16:57:50"
"375","kie","Topaz - Video Upscale","https://docs.kie.ai/market/topaz/video-upscale.md","topaz/video-upscale","topaz/video-upscale","paths.post.input.upscale_factor","4","3","1","2026-03-12 16:57:50"
"376","kie","elevenlabs/text-to-speech-multilingual-v2","https://docs.kie.ai/market/elevenlabs/text-to-speech-multilingual-v2.md","elevenlabs/text-to-speech-multilingual-v2","elevenlabs/text-to-speech-multilingual-v2","paths.post.input.voice","0SpgpJ4D3MpHCiWdyTg3","1","1","2026-03-12 16:57:50"
"377","kie","elevenlabs/text-to-speech-multilingual-v2","https://docs.kie.ai/market/elevenlabs/text-to-speech-multilingual-v2.md","elevenlabs/text-to-speech-multilingual-v2","elevenlabs/text-to-speech-multilingual-v2","paths.post.input.voice","1cxc5c3E9K6F1wlqOJGV","2","1","2026-03-12 16:57:50"
"378","kie","elevenlabs/text-to-speech-multilingual-v2","https://docs.kie.ai/market/elevenlabs/text-to-speech-multilingual-v2.md","elevenlabs/text-to-speech-multilingual-v2","elevenlabs/text-to-speech-multilingual-v2","paths.post.input.voice","1hlpeD1ydbI2ow0Tt3EW","3","1","2026-03-12 16:57:50"
"379","kie","elevenlabs/text-to-speech-multilingual-v2","https://docs.kie.ai/market/elevenlabs/text-to-speech-multilingual-v2.md","elevenlabs/text-to-speech-multilingual-v2","elevenlabs/text-to-speech-multilingual-v2","paths.post.input.voice","1KFdM0QCwQn4rmn5nn9C","4","1","2026-03-12 16:57:50"
"380","kie","elevenlabs/text-to-speech-multilingual-v2","https://docs.kie.ai/market/elevenlabs/text-to-speech-multilingual-v2.md","elevenlabs/text-to-speech-multilingual-v2","elevenlabs/text-to-speech-multilingual-v2","paths.post.input.voice","1SM7GgM6IMuvQlz2BwM3","5","1","2026-03-12 16:57:50"
"381","kie","elevenlabs/text-to-speech-multilingual-v2","https://docs.kie.ai/market/elevenlabs/text-to-speech-multilingual-v2.md","elevenlabs/text-to-speech-multilingual-v2","elevenlabs/text-to-speech-multilingual-v2","paths.post.input.voice","1U02n4nD6AdIZ9CjF053","6","1","2026-03-12 16:57:50"
"382","kie","elevenlabs/text-to-speech-multilingual-v2","https://docs.kie.ai/market/elevenlabs/text-to-speech-multilingual-v2.md","elevenlabs/text-to-speech-multilingual-v2","elevenlabs/text-to-speech-multilingual-v2","paths.post.input.voice","1wGbFxmAM3Fgw63G1zZJ","7","1","2026-03-12 16:57:50"
"383","kie","elevenlabs/text-to-speech-multilingual-v2","https://docs.kie.ai/market/elevenlabs/text-to-speech-multilingual-v2.md","elevenlabs/text-to-speech-multilingual-v2","elevenlabs/text-to-speech-multilingual-v2","paths.post.input.voice","2zRM7PkgwBPiau2jvVXc","8","1","2026-03-12 16:57:50"
"384","kie","elevenlabs/text-to-speech-multilingual-v2","https://docs.kie.ai/market/elevenlabs/text-to-speech-multilingual-v2.md","elevenlabs/text-to-speech-multilingual-v2","elevenlabs/text-to-speech-multilingual-v2","paths.post.input.voice","4YYIPFl9wE5c4L2eu2Gb","9","1","2026-03-12 16:57:50"
"385","kie","elevenlabs/text-to-speech-multilingual-v2","https://docs.kie.ai/market/elevenlabs/text-to-speech-multilingual-v2.md","elevenlabs/text-to-speech-multilingual-v2","elevenlabs/text-to-speech-multilingual-v2","paths.post.input.voice","56AoDkrOh6qfVPDXZ7Pt","10","1","2026-03-12 16:57:50"
"386","kie","elevenlabs/text-to-speech-multilingual-v2","https://docs.kie.ai/market/elevenlabs/text-to-speech-multilingual-v2.md","elevenlabs/text-to-speech-multilingual-v2","elevenlabs/text-to-speech-multilingual-v2","paths.post.input.voice","5l5f8iK3YPeGga21rQIX","11","1","2026-03-12 16:57:50"
"387","kie","elevenlabs/text-to-speech-multilingual-v2","https://docs.kie.ai/market/elevenlabs/text-to-speech-multilingual-v2.md","elevenlabs/text-to-speech-multilingual-v2","elevenlabs/text-to-speech-multilingual-v2","paths.post.input.voice","6aDn1KB0hjpdcocrUkmq","12","1","2026-03-12 16:57:50"
"388","kie","elevenlabs/text-to-speech-multilingual-v2","https://docs.kie.ai/market/elevenlabs/text-to-speech-multilingual-v2.md","elevenlabs/text-to-speech-multilingual-v2","elevenlabs/text-to-speech-multilingual-v2","paths.post.input.voice","6F5Zhi321D3Oq7v1oNT4","13","1","2026-03-12 16:57:50"
"389","kie","elevenlabs/text-to-speech-multilingual-v2","https://docs.kie.ai/market/elevenlabs/text-to-speech-multilingual-v2.md","elevenlabs/text-to-speech-multilingual-v2","elevenlabs/text-to-speech-multilingual-v2","paths.post.input.voice","8JVbfL6oEdmuxKn5DK2C","14","1","2026-03-12 16:57:50"
"390","kie","elevenlabs/text-to-speech-multilingual-v2","https://docs.kie.ai/market/elevenlabs/text-to-speech-multilingual-v2.md","elevenlabs/text-to-speech-multilingual-v2","elevenlabs/text-to-speech-multilingual-v2","paths.post.input.voice","9PVP7ENhDskL0KYHAKtD","15","1","2026-03-12 16:57:50"
"391","kie","elevenlabs/text-to-speech-multilingual-v2","https://docs.kie.ai/market/elevenlabs/text-to-speech-multilingual-v2.md","elevenlabs/text-to-speech-multilingual-v2","elevenlabs/text-to-speech-multilingual-v2","paths.post.input.voice","9yzdeviXkFddZ4Oz8Mok","16","1","2026-03-12 16:57:50"
"392","kie","elevenlabs/text-to-speech-multilingual-v2","https://docs.kie.ai/market/elevenlabs/text-to-speech-multilingual-v2.md","elevenlabs/text-to-speech-multilingual-v2","elevenlabs/text-to-speech-multilingual-v2","paths.post.input.voice","aD6riP1btT197c6dACmy","17","1","2026-03-12 16:57:50"
"393","kie","elevenlabs/text-to-speech-multilingual-v2","https://docs.kie.ai/market/elevenlabs/text-to-speech-multilingual-v2.md","elevenlabs/text-to-speech-multilingual-v2","elevenlabs/text-to-speech-multilingual-v2","paths.post.input.voice","AeRdCCKzvd23BpJoofzx","18","1","2026-03-12 16:57:50"
"394","kie","elevenlabs/text-to-speech-multilingual-v2","https://docs.kie.ai/market/elevenlabs/text-to-speech-multilingual-v2.md","elevenlabs/text-to-speech-multilingual-v2","elevenlabs/text-to-speech-multilingual-v2","paths.post.input.voice","Alice","19","1","2026-03-12 16:57:50"
"395","kie","elevenlabs/text-to-speech-multilingual-v2","https://docs.kie.ai/market/elevenlabs/text-to-speech-multilingual-v2.md","elevenlabs/text-to-speech-multilingual-v2","elevenlabs/text-to-speech-multilingual-v2","paths.post.input.voice","aMSt68OGf4xUZAnLpTU8","20","1","2026-03-12 16:57:50"
"396","kie","elevenlabs/text-to-speech-multilingual-v2","https://docs.kie.ai/market/elevenlabs/text-to-speech-multilingual-v2.md","elevenlabs/text-to-speech-multilingual-v2","elevenlabs/text-to-speech-multilingual-v2","paths.post.input.voice","Aria","21","1","2026-03-12 16:57:50"
"397","kie","elevenlabs/text-to-speech-multilingual-v2","https://docs.kie.ai/market/elevenlabs/text-to-speech-multilingual-v2.md","elevenlabs/text-to-speech-multilingual-v2","elevenlabs/text-to-speech-multilingual-v2","paths.post.input.voice","Atp5cNFg1Wj5gyKD7HWV","22","1","2026-03-12 16:57:50"
"398","kie","elevenlabs/text-to-speech-multilingual-v2","https://docs.kie.ai/market/elevenlabs/text-to-speech-multilingual-v2.md","elevenlabs/text-to-speech-multilingual-v2","elevenlabs/text-to-speech-multilingual-v2","paths.post.input.voice","B8gJV1IhpuegLxdpXFOE","23","1","2026-03-12 16:57:50"
"399","kie","elevenlabs/text-to-speech-multilingual-v2","https://docs.kie.ai/market/elevenlabs/text-to-speech-multilingual-v2.md","elevenlabs/text-to-speech-multilingual-v2","elevenlabs/text-to-speech-multilingual-v2","paths.post.input.voice","Bill","24","1","2026-03-12 16:57:50"
"400","kie","elevenlabs/text-to-speech-multilingual-v2","https://docs.kie.ai/market/elevenlabs/text-to-speech-multilingual-v2.md","elevenlabs/text-to-speech-multilingual-v2","elevenlabs/text-to-speech-multilingual-v2","paths.post.input.voice","BIvP0GN1cAtSRTxNHnWS","25","1","2026-03-12 16:57:50"
"401","kie","elevenlabs/text-to-speech-multilingual-v2","https://docs.kie.ai/market/elevenlabs/text-to-speech-multilingual-v2.md","elevenlabs/text-to-speech-multilingual-v2","elevenlabs/text-to-speech-multilingual-v2","paths.post.input.voice","Bj9UqZbhQsanLzgalpEG","26","1","2026-03-12 16:57:50"
"402","kie","elevenlabs/text-to-speech-multilingual-v2","https://docs.kie.ai/market/elevenlabs/text-to-speech-multilingual-v2.md","elevenlabs/text-to-speech-multilingual-v2","elevenlabs/text-to-speech-multilingual-v2","paths.post.input.voice","BpjGufoPiobT79j2vtj4","27","1","2026-03-12 16:57:50"
"403","kie","elevenlabs/text-to-speech-multilingual-v2","https://docs.kie.ai/market/elevenlabs/text-to-speech-multilingual-v2.md","elevenlabs/text-to-speech-multilingual-v2","elevenlabs/text-to-speech-multilingual-v2","paths.post.input.voice","Brian","28","1","2026-03-12 16:57:50"
"404","kie","elevenlabs/text-to-speech-multilingual-v2","https://docs.kie.ai/market/elevenlabs/text-to-speech-multilingual-v2.md","elevenlabs/text-to-speech-multilingual-v2","elevenlabs/text-to-speech-multilingual-v2","paths.post.input.voice","bwCXcoVxWNYMlC6Esa8u","29","1","2026-03-12 16:57:50"
"405","kie","elevenlabs/text-to-speech-multilingual-v2","https://docs.kie.ai/market/elevenlabs/text-to-speech-multilingual-v2.md","elevenlabs/text-to-speech-multilingual-v2","elevenlabs/text-to-speech-multilingual-v2","paths.post.input.voice","BZgkqPqms7Kj9ulSkVzn","30","1","2026-03-12 16:57:50"
"406","kie","elevenlabs/text-to-speech-multilingual-v2","https://docs.kie.ai/market/elevenlabs/text-to-speech-multilingual-v2.md","elevenlabs/text-to-speech-multilingual-v2","elevenlabs/text-to-speech-multilingual-v2","paths.post.input.voice","c6SfcYrb2t09NHXiT80T","31","1","2026-03-12 16:57:50"
"407","kie","elevenlabs/text-to-speech-multilingual-v2","https://docs.kie.ai/market/elevenlabs/text-to-speech-multilingual-v2.md","elevenlabs/text-to-speech-multilingual-v2","elevenlabs/text-to-speech-multilingual-v2","paths.post.input.voice","Callum","32","1","2026-03-12 16:57:50"
"408","kie","elevenlabs/text-to-speech-multilingual-v2","https://docs.kie.ai/market/elevenlabs/text-to-speech-multilingual-v2.md","elevenlabs/text-to-speech-multilingual-v2","elevenlabs/text-to-speech-multilingual-v2","paths.post.input.voice","CeNX9CMwmxDxUF5Q2Inm","33","1","2026-03-12 16:57:50"
"409","kie","elevenlabs/text-to-speech-multilingual-v2","https://docs.kie.ai/market/elevenlabs/text-to-speech-multilingual-v2.md","elevenlabs/text-to-speech-multilingual-v2","elevenlabs/text-to-speech-multilingual-v2","paths.post.input.voice","cgSgspJ2msm6clMCkdW9","34","1","2026-03-12 16:57:50"
"410","kie","elevenlabs/text-to-speech-multilingual-v2","https://docs.kie.ai/market/elevenlabs/text-to-speech-multilingual-v2.md","elevenlabs/text-to-speech-multilingual-v2","elevenlabs/text-to-speech-multilingual-v2","paths.post.input.voice","Charlie","35","1","2026-03-12 16:57:50"
"411","kie","elevenlabs/text-to-speech-multilingual-v2","https://docs.kie.ai/market/elevenlabs/text-to-speech-multilingual-v2.md","elevenlabs/text-to-speech-multilingual-v2","elevenlabs/text-to-speech-multilingual-v2","paths.post.input.voice","Charlotte","36","1","2026-03-12 16:57:50"
"412","kie","elevenlabs/text-to-speech-multilingual-v2","https://docs.kie.ai/market/elevenlabs/text-to-speech-multilingual-v2.md","elevenlabs/text-to-speech-multilingual-v2","elevenlabs/text-to-speech-multilingual-v2","paths.post.input.voice","Chris","37","1","2026-03-12 16:57:50"
"413","kie","elevenlabs/text-to-speech-multilingual-v2","https://docs.kie.ai/market/elevenlabs/text-to-speech-multilingual-v2.md","elevenlabs/text-to-speech-multilingual-v2","elevenlabs/text-to-speech-multilingual-v2","paths.post.input.voice","cTNP6ZM2mLTKj2BFhxEh","38","1","2026-03-12 16:57:50"
"414","kie","elevenlabs/text-to-speech-multilingual-v2","https://docs.kie.ai/market/elevenlabs/text-to-speech-multilingual-v2.md","elevenlabs/text-to-speech-multilingual-v2","elevenlabs/text-to-speech-multilingual-v2","paths.post.input.voice","D2jw4N9m4xePLTQ3IHjU","39","1","2026-03-12 16:57:50"
"415","kie","elevenlabs/text-to-speech-multilingual-v2","https://docs.kie.ai/market/elevenlabs/text-to-speech-multilingual-v2.md","elevenlabs/text-to-speech-multilingual-v2","elevenlabs/text-to-speech-multilingual-v2","paths.post.input.voice","Daniel","40","1","2026-03-12 16:57:50"
"416","kie","elevenlabs/text-to-speech-multilingual-v2","https://docs.kie.ai/market/elevenlabs/text-to-speech-multilingual-v2.md","elevenlabs/text-to-speech-multilingual-v2","elevenlabs/text-to-speech-multilingual-v2","paths.post.input.voice","DGTOOUoGpoP6UZ9uSWfA","41","1","2026-03-12 16:57:50"
"417","kie","elevenlabs/text-to-speech-multilingual-v2","https://docs.kie.ai/market/elevenlabs/text-to-speech-multilingual-v2.md","elevenlabs/text-to-speech-multilingual-v2","elevenlabs/text-to-speech-multilingual-v2","paths.post.input.voice","DGzg6RaUqxGRTHSBjfgF","42","1","2026-03-12 16:57:50"
"418","kie","elevenlabs/text-to-speech-multilingual-v2","https://docs.kie.ai/market/elevenlabs/text-to-speech-multilingual-v2.md","elevenlabs/text-to-speech-multilingual-v2","elevenlabs/text-to-speech-multilingual-v2","paths.post.input.voice","dHd5gvgSOzSfduK4CvEg","43","1","2026-03-12 16:57:50"
"419","kie","elevenlabs/text-to-speech-multilingual-v2","https://docs.kie.ai/market/elevenlabs/text-to-speech-multilingual-v2.md","elevenlabs/text-to-speech-multilingual-v2","elevenlabs/text-to-speech-multilingual-v2","paths.post.input.voice","DTKMou8ccj1ZaWGBiotd","44","1","2026-03-12 16:57:50"
"420","kie","elevenlabs/text-to-speech-multilingual-v2","https://docs.kie.ai/market/elevenlabs/text-to-speech-multilingual-v2.md","elevenlabs/text-to-speech-multilingual-v2","elevenlabs/text-to-speech-multilingual-v2","paths.post.input.voice","DYkrAHD8iwork3YSUBbs","45","1","2026-03-12 16:57:50"
"421","kie","elevenlabs/text-to-speech-multilingual-v2","https://docs.kie.ai/market/elevenlabs/text-to-speech-multilingual-v2.md","elevenlabs/text-to-speech-multilingual-v2","elevenlabs/text-to-speech-multilingual-v2","paths.post.input.voice","EiNlNiXeDU1pqqOPrYMO","46","1","2026-03-12 16:57:50"
"422","kie","elevenlabs/text-to-speech-multilingual-v2","https://docs.kie.ai/market/elevenlabs/text-to-speech-multilingual-v2.md","elevenlabs/text-to-speech-multilingual-v2","elevenlabs/text-to-speech-multilingual-v2","paths.post.input.voice","EkK5I93UQWFDigLMpZcX","47","1","2026-03-12 16:57:50"
"423","kie","elevenlabs/text-to-speech-multilingual-v2","https://docs.kie.ai/market/elevenlabs/text-to-speech-multilingual-v2.md","elevenlabs/text-to-speech-multilingual-v2","elevenlabs/text-to-speech-multilingual-v2","paths.post.input.voice","eR40ATw9ArzDf9h3v7t7","48","1","2026-03-12 16:57:50"
"424","kie","elevenlabs/text-to-speech-multilingual-v2","https://docs.kie.ai/market/elevenlabs/text-to-speech-multilingual-v2.md","elevenlabs/text-to-speech-multilingual-v2","elevenlabs/text-to-speech-multilingual-v2","paths.post.input.voice","Eric","49","1","2026-03-12 16:57:50"
"425","kie","elevenlabs/text-to-speech-multilingual-v2","https://docs.kie.ai/market/elevenlabs/text-to-speech-multilingual-v2.md","elevenlabs/text-to-speech-multilingual-v2","elevenlabs/text-to-speech-multilingual-v2","paths.post.input.voice","esy0r39YPLQjOczyOib8","50","1","2026-03-12 16:57:50"
"426","kie","elevenlabs/text-to-speech-multilingual-v2","https://docs.kie.ai/market/elevenlabs/text-to-speech-multilingual-v2.md","elevenlabs/text-to-speech-multilingual-v2","elevenlabs/text-to-speech-multilingual-v2","paths.post.input.voice","eVItLK1UvXctxuaRV2Oq","51","1","2026-03-12 16:57:50"
"427","kie","elevenlabs/text-to-speech-multilingual-v2","https://docs.kie.ai/market/elevenlabs/text-to-speech-multilingual-v2.md","elevenlabs/text-to-speech-multilingual-v2","elevenlabs/text-to-speech-multilingual-v2","paths.post.input.voice","exsUS4vynmxd379XN4yO","52","1","2026-03-12 16:57:50"
"428","kie","elevenlabs/text-to-speech-multilingual-v2","https://docs.kie.ai/market/elevenlabs/text-to-speech-multilingual-v2.md","elevenlabs/text-to-speech-multilingual-v2","elevenlabs/text-to-speech-multilingual-v2","paths.post.input.voice","FF7KdobWPaiR0vkcALHF","53","1","2026-03-12 16:57:50"
"429","kie","elevenlabs/text-to-speech-multilingual-v2","https://docs.kie.ai/market/elevenlabs/text-to-speech-multilingual-v2.md","elevenlabs/text-to-speech-multilingual-v2","elevenlabs/text-to-speech-multilingual-v2","paths.post.input.voice","FGY2WhTYpPnrIDTdsKH5","54","1","2026-03-12 16:57:50"
"430","kie","elevenlabs/text-to-speech-multilingual-v2","https://docs.kie.ai/market/elevenlabs/text-to-speech-multilingual-v2.md","elevenlabs/text-to-speech-multilingual-v2","elevenlabs/text-to-speech-multilingual-v2","paths.post.input.voice","flHkNRp1BlvT73UL6gyz","55","1","2026-03-12 16:57:50"
"431","kie","elevenlabs/text-to-speech-multilingual-v2","https://docs.kie.ai/market/elevenlabs/text-to-speech-multilingual-v2.md","elevenlabs/text-to-speech-multilingual-v2","elevenlabs/text-to-speech-multilingual-v2","paths.post.input.voice","FUfBrNit0NNZAwb58KWH","56","1","2026-03-12 16:57:50"
"432","kie","elevenlabs/text-to-speech-multilingual-v2","https://docs.kie.ai/market/elevenlabs/text-to-speech-multilingual-v2.md","elevenlabs/text-to-speech-multilingual-v2","elevenlabs/text-to-speech-multilingual-v2","paths.post.input.voice","g6xIsTj2HwM6VR4iXFCw","57","1","2026-03-12 16:57:50"
"433","kie","elevenlabs/text-to-speech-multilingual-v2","https://docs.kie.ai/market/elevenlabs/text-to-speech-multilingual-v2.md","elevenlabs/text-to-speech-multilingual-v2","elevenlabs/text-to-speech-multilingual-v2","paths.post.input.voice","George","58","1","2026-03-12 16:57:50"
"434","kie","elevenlabs/text-to-speech-multilingual-v2","https://docs.kie.ai/market/elevenlabs/text-to-speech-multilingual-v2.md","elevenlabs/text-to-speech-multilingual-v2","elevenlabs/text-to-speech-multilingual-v2","paths.post.input.voice","gs0tAILXbY5DNrJrsM6F","59","1","2026-03-12 16:57:50"
"435","kie","elevenlabs/text-to-speech-multilingual-v2","https://docs.kie.ai/market/elevenlabs/text-to-speech-multilingual-v2.md","elevenlabs/text-to-speech-multilingual-v2","elevenlabs/text-to-speech-multilingual-v2","paths.post.input.voice","gU0LNdkMOQCOrPrwtbee","60","1","2026-03-12 16:57:50"
"436","kie","elevenlabs/text-to-speech-multilingual-v2","https://docs.kie.ai/market/elevenlabs/text-to-speech-multilingual-v2.md","elevenlabs/text-to-speech-multilingual-v2","elevenlabs/text-to-speech-multilingual-v2","paths.post.input.voice","HgyIHe81F3nXywNwkraY","61","1","2026-03-12 16:57:50"
"437","kie","elevenlabs/text-to-speech-multilingual-v2","https://docs.kie.ai/market/elevenlabs/text-to-speech-multilingual-v2.md","elevenlabs/text-to-speech-multilingual-v2","elevenlabs/text-to-speech-multilingual-v2","paths.post.input.voice","hpp4J3VqNfWAUOO0d1Us","62","1","2026-03-12 16:57:50"
"438","kie","elevenlabs/text-to-speech-multilingual-v2","https://docs.kie.ai/market/elevenlabs/text-to-speech-multilingual-v2.md","elevenlabs/text-to-speech-multilingual-v2","elevenlabs/text-to-speech-multilingual-v2","paths.post.input.voice","hqfrgApggtO1785R4Fsn","63","1","2026-03-12 16:57:50"
"439","kie","elevenlabs/text-to-speech-multilingual-v2","https://docs.kie.ai/market/elevenlabs/text-to-speech-multilingual-v2.md","elevenlabs/text-to-speech-multilingual-v2","elevenlabs/text-to-speech-multilingual-v2","paths.post.input.voice","iCrDUkL56s3C8sCRl7wb","64","1","2026-03-12 16:57:50"
"440","kie","elevenlabs/text-to-speech-multilingual-v2","https://docs.kie.ai/market/elevenlabs/text-to-speech-multilingual-v2.md","elevenlabs/text-to-speech-multilingual-v2","elevenlabs/text-to-speech-multilingual-v2","paths.post.input.voice","IjnA9kwZJHJ20Fp7Vmy6","65","1","2026-03-12 16:57:50"
"441","kie","elevenlabs/text-to-speech-multilingual-v2","https://docs.kie.ai/market/elevenlabs/text-to-speech-multilingual-v2.md","elevenlabs/text-to-speech-multilingual-v2","elevenlabs/text-to-speech-multilingual-v2","paths.post.input.voice","iP95p4xoKVk53GoZ742B","66","1","2026-03-12 16:57:50"
"442","kie","elevenlabs/text-to-speech-multilingual-v2","https://docs.kie.ai/market/elevenlabs/text-to-speech-multilingual-v2.md","elevenlabs/text-to-speech-multilingual-v2","elevenlabs/text-to-speech-multilingual-v2","paths.post.input.voice","Jessica","67","1","2026-03-12 16:57:50"
"443","kie","elevenlabs/text-to-speech-multilingual-v2","https://docs.kie.ai/market/elevenlabs/text-to-speech-multilingual-v2.md","elevenlabs/text-to-speech-multilingual-v2","elevenlabs/text-to-speech-multilingual-v2","paths.post.input.voice","KoQQbl9zjAdLgKZjm8Ol","68","1","2026-03-12 16:57:50"
"444","kie","elevenlabs/text-to-speech-multilingual-v2","https://docs.kie.ai/market/elevenlabs/text-to-speech-multilingual-v2.md","elevenlabs/text-to-speech-multilingual-v2","elevenlabs/text-to-speech-multilingual-v2","paths.post.input.voice","kPzsL2i3teMYv0FxEYQ6","69","1","2026-03-12 16:57:50"
"445","kie","elevenlabs/text-to-speech-multilingual-v2","https://docs.kie.ai/market/elevenlabs/text-to-speech-multilingual-v2.md","elevenlabs/text-to-speech-multilingual-v2","elevenlabs/text-to-speech-multilingual-v2","paths.post.input.voice","KTPVrSVAEUSJRClDzBw7","70","1","2026-03-12 16:57:50"
"446","kie","elevenlabs/text-to-speech-multilingual-v2","https://docs.kie.ai/market/elevenlabs/text-to-speech-multilingual-v2.md","elevenlabs/text-to-speech-multilingual-v2","elevenlabs/text-to-speech-multilingual-v2","paths.post.input.voice","kUUTqKQ05NMGulF08DDf","71","1","2026-03-12 16:57:50"
"447","kie","elevenlabs/text-to-speech-multilingual-v2","https://docs.kie.ai/market/elevenlabs/text-to-speech-multilingual-v2.md","elevenlabs/text-to-speech-multilingual-v2","elevenlabs/text-to-speech-multilingual-v2","paths.post.input.voice","L0Dsvb3SLTyegXwtm47J","72","1","2026-03-12 16:57:50"
"448","kie","elevenlabs/text-to-speech-multilingual-v2","https://docs.kie.ai/market/elevenlabs/text-to-speech-multilingual-v2.md","elevenlabs/text-to-speech-multilingual-v2","elevenlabs/text-to-speech-multilingual-v2","paths.post.input.voice","Laura","73","1","2026-03-12 16:57:50"
"449","kie","elevenlabs/text-to-speech-multilingual-v2","https://docs.kie.ai/market/elevenlabs/text-to-speech-multilingual-v2.md","elevenlabs/text-to-speech-multilingual-v2","elevenlabs/text-to-speech-multilingual-v2","paths.post.input.voice","lcMyyd2HUfFzxdCaC4Ta","74","1","2026-03-12 16:57:50"
"450","kie","elevenlabs/text-to-speech-multilingual-v2","https://docs.kie.ai/market/elevenlabs/text-to-speech-multilingual-v2.md","elevenlabs/text-to-speech-multilingual-v2","elevenlabs/text-to-speech-multilingual-v2","paths.post.input.voice","LG95yZDEHg6fCZdQjLqj","75","1","2026-03-12 16:57:50"
"451","kie","elevenlabs/text-to-speech-multilingual-v2","https://docs.kie.ai/market/elevenlabs/text-to-speech-multilingual-v2.md","elevenlabs/text-to-speech-multilingual-v2","elevenlabs/text-to-speech-multilingual-v2","paths.post.input.voice","Liam","76","1","2026-03-12 16:57:50"
"452","kie","elevenlabs/text-to-speech-multilingual-v2","https://docs.kie.ai/market/elevenlabs/text-to-speech-multilingual-v2.md","elevenlabs/text-to-speech-multilingual-v2","elevenlabs/text-to-speech-multilingual-v2","paths.post.input.voice","Lily","77","1","2026-03-12 16:57:50"
"453","kie","elevenlabs/text-to-speech-multilingual-v2","https://docs.kie.ai/market/elevenlabs/text-to-speech-multilingual-v2.md","elevenlabs/text-to-speech-multilingual-v2","elevenlabs/text-to-speech-multilingual-v2","paths.post.input.voice","ljo9gAlSqKOvF6D8sOsX","78","1","2026-03-12 16:57:50"
"454","kie","elevenlabs/text-to-speech-multilingual-v2","https://docs.kie.ai/market/elevenlabs/text-to-speech-multilingual-v2.md","elevenlabs/text-to-speech-multilingual-v2","elevenlabs/text-to-speech-multilingual-v2","paths.post.input.voice","LruHrtVF6PSyGItzMNHS","79","1","2026-03-12 16:57:50"
"455","kie","elevenlabs/text-to-speech-multilingual-v2","https://docs.kie.ai/market/elevenlabs/text-to-speech-multilingual-v2.md","elevenlabs/text-to-speech-multilingual-v2","elevenlabs/text-to-speech-multilingual-v2","paths.post.input.voice","Matilda","80","1","2026-03-12 16:57:50"
"456","kie","elevenlabs/text-to-speech-multilingual-v2","https://docs.kie.ai/market/elevenlabs/text-to-speech-multilingual-v2.md","elevenlabs/text-to-speech-multilingual-v2","elevenlabs/text-to-speech-multilingual-v2","paths.post.input.voice","MJ0RnG71ty4LH3dvNfSd","81","1","2026-03-12 16:57:50"
"457","kie","elevenlabs/text-to-speech-multilingual-v2","https://docs.kie.ai/market/elevenlabs/text-to-speech-multilingual-v2.md","elevenlabs/text-to-speech-multilingual-v2","elevenlabs/text-to-speech-multilingual-v2","paths.post.input.voice","MnUw1cSnpiLoLhpd3Hqp","82","1","2026-03-12 16:57:50"
"458","kie","elevenlabs/text-to-speech-multilingual-v2","https://docs.kie.ai/market/elevenlabs/text-to-speech-multilingual-v2.md","elevenlabs/text-to-speech-multilingual-v2","elevenlabs/text-to-speech-multilingual-v2","paths.post.input.voice","mtrellq69YZsNwzUSyXh","83","1","2026-03-12 16:57:50"
"459","kie","elevenlabs/text-to-speech-multilingual-v2","https://docs.kie.ai/market/elevenlabs/text-to-speech-multilingual-v2.md","elevenlabs/text-to-speech-multilingual-v2","elevenlabs/text-to-speech-multilingual-v2","paths.post.input.voice","N2lVS1w4EtoT3dr4eOWO","84","1","2026-03-12 16:57:50"
"460","kie","elevenlabs/text-to-speech-multilingual-v2","https://docs.kie.ai/market/elevenlabs/text-to-speech-multilingual-v2.md","elevenlabs/text-to-speech-multilingual-v2","elevenlabs/text-to-speech-multilingual-v2","paths.post.input.voice","NNl6r8mD7vthiJatiJt1","85","1","2026-03-12 16:57:50"
"461","kie","elevenlabs/text-to-speech-multilingual-v2","https://docs.kie.ai/market/elevenlabs/text-to-speech-multilingual-v2.md","elevenlabs/text-to-speech-multilingual-v2","elevenlabs/text-to-speech-multilingual-v2","paths.post.input.voice","NOpBlnGInO9m6vDvFkFC","86","1","2026-03-12 16:57:50"
"462","kie","elevenlabs/text-to-speech-multilingual-v2","https://docs.kie.ai/market/elevenlabs/text-to-speech-multilingual-v2.md","elevenlabs/text-to-speech-multilingual-v2","elevenlabs/text-to-speech-multilingual-v2","paths.post.input.voice","nPczCjzI2devNBz1zQrb","87","1","2026-03-12 16:57:50"
"463","kie","elevenlabs/text-to-speech-multilingual-v2","https://docs.kie.ai/market/elevenlabs/text-to-speech-multilingual-v2.md","elevenlabs/text-to-speech-multilingual-v2","elevenlabs/text-to-speech-multilingual-v2","paths.post.input.voice","nzeAacJi50IvxcyDnMXa","88","1","2026-03-12 16:57:50"
"464","kie","elevenlabs/text-to-speech-multilingual-v2","https://docs.kie.ai/market/elevenlabs/text-to-speech-multilingual-v2.md","elevenlabs/text-to-speech-multilingual-v2","elevenlabs/text-to-speech-multilingual-v2","paths.post.input.voice","oR4uRy4fHDUGGISL0Rev","89","1","2026-03-12 16:57:50"
"465","kie","elevenlabs/text-to-speech-multilingual-v2","https://docs.kie.ai/market/elevenlabs/text-to-speech-multilingual-v2.md","elevenlabs/text-to-speech-multilingual-v2","elevenlabs/text-to-speech-multilingual-v2","paths.post.input.voice","ouL9IsyrSnUkCmfnD02u","90","1","2026-03-12 16:57:50"
"466","kie","elevenlabs/text-to-speech-multilingual-v2","https://docs.kie.ai/market/elevenlabs/text-to-speech-multilingual-v2.md","elevenlabs/text-to-speech-multilingual-v2","elevenlabs/text-to-speech-multilingual-v2","paths.post.input.voice","OYWwCdDHouzDwiZJWOOu","91","1","2026-03-12 16:57:50"
"467","kie","elevenlabs/text-to-speech-multilingual-v2","https://docs.kie.ai/market/elevenlabs/text-to-speech-multilingual-v2.md","elevenlabs/text-to-speech-multilingual-v2","elevenlabs/text-to-speech-multilingual-v2","paths.post.input.voice","P1bg08DkjqiVEzOn76yG","92","1","2026-03-12 16:57:50"
"468","kie","elevenlabs/text-to-speech-multilingual-v2","https://docs.kie.ai/market/elevenlabs/text-to-speech-multilingual-v2.md","elevenlabs/text-to-speech-multilingual-v2","elevenlabs/text-to-speech-multilingual-v2","paths.post.input.voice","piI8Kku0DcvcL6TTSeQt","93","1","2026-03-12 16:57:50"
"469","kie","elevenlabs/text-to-speech-multilingual-v2","https://docs.kie.ai/market/elevenlabs/text-to-speech-multilingual-v2.md","elevenlabs/text-to-speech-multilingual-v2","elevenlabs/text-to-speech-multilingual-v2","paths.post.input.voice","pNInz6obpgDQGcFmaJgB","94","1","2026-03-12 16:57:50"
"470","kie","elevenlabs/text-to-speech-multilingual-v2","https://docs.kie.ai/market/elevenlabs/text-to-speech-multilingual-v2.md","elevenlabs/text-to-speech-multilingual-v2","elevenlabs/text-to-speech-multilingual-v2","paths.post.input.voice","pPdl9cQBQq4p6mRkZy2Z","95","1","2026-03-12 16:57:50"
"471","kie","elevenlabs/text-to-speech-multilingual-v2","https://docs.kie.ai/market/elevenlabs/text-to-speech-multilingual-v2.md","elevenlabs/text-to-speech-multilingual-v2","elevenlabs/text-to-speech-multilingual-v2","paths.post.input.voice","PPzYpIqttlTYA83688JI","96","1","2026-03-12 16:57:50"
"472","kie","elevenlabs/text-to-speech-multilingual-v2","https://docs.kie.ai/market/elevenlabs/text-to-speech-multilingual-v2.md","elevenlabs/text-to-speech-multilingual-v2","elevenlabs/text-to-speech-multilingual-v2","paths.post.input.voice","qDuRKMlYmrm8trt5QyBn","97","1","2026-03-12 16:57:50"
"473","kie","elevenlabs/text-to-speech-multilingual-v2","https://docs.kie.ai/market/elevenlabs/text-to-speech-multilingual-v2.md","elevenlabs/text-to-speech-multilingual-v2","elevenlabs/text-to-speech-multilingual-v2","paths.post.input.voice","Qggl4b0xRMiqOwhPtVWT","98","1","2026-03-12 16:57:50"
"474","kie","elevenlabs/text-to-speech-multilingual-v2","https://docs.kie.ai/market/elevenlabs/text-to-speech-multilingual-v2.md","elevenlabs/text-to-speech-multilingual-v2","elevenlabs/text-to-speech-multilingual-v2","paths.post.input.voice","qNkzaJoHLLdpvgh5tISm","99","1","2026-03-12 16:57:50"
"475","kie","elevenlabs/text-to-speech-multilingual-v2","https://docs.kie.ai/market/elevenlabs/text-to-speech-multilingual-v2.md","elevenlabs/text-to-speech-multilingual-v2","elevenlabs/text-to-speech-multilingual-v2","paths.post.input.voice","qXpMhyvQqiRxWQs4qSSB","100","1","2026-03-12 16:57:50"
"476","kie","elevenlabs/text-to-speech-multilingual-v2","https://docs.kie.ai/market/elevenlabs/text-to-speech-multilingual-v2.md","elevenlabs/text-to-speech-multilingual-v2","elevenlabs/text-to-speech-multilingual-v2","paths.post.input.voice","Rachel","101","1","2026-03-12 16:57:50"
"477","kie","elevenlabs/text-to-speech-multilingual-v2","https://docs.kie.ai/market/elevenlabs/text-to-speech-multilingual-v2.md","elevenlabs/text-to-speech-multilingual-v2","elevenlabs/text-to-speech-multilingual-v2","paths.post.input.voice","RILOU7YmBhvwJGDGjNmP","102","1","2026-03-12 16:57:50"
"478","kie","elevenlabs/text-to-speech-multilingual-v2","https://docs.kie.ai/market/elevenlabs/text-to-speech-multilingual-v2.md","elevenlabs/text-to-speech-multilingual-v2","elevenlabs/text-to-speech-multilingual-v2","paths.post.input.voice","River","103","1","2026-03-12 16:57:50"
"479","kie","elevenlabs/text-to-speech-multilingual-v2","https://docs.kie.ai/market/elevenlabs/text-to-speech-multilingual-v2.md","elevenlabs/text-to-speech-multilingual-v2","elevenlabs/text-to-speech-multilingual-v2","paths.post.input.voice","Roger","104","1","2026-03-12 16:57:50"
"480","kie","elevenlabs/text-to-speech-multilingual-v2","https://docs.kie.ai/market/elevenlabs/text-to-speech-multilingual-v2.md","elevenlabs/text-to-speech-multilingual-v2","elevenlabs/text-to-speech-multilingual-v2","paths.post.input.voice","ruirxsoakN0GWmGNIo04","105","1","2026-03-12 16:57:50"
"481","kie","elevenlabs/text-to-speech-multilingual-v2","https://docs.kie.ai/market/elevenlabs/text-to-speech-multilingual-v2.md","elevenlabs/text-to-speech-multilingual-v2","elevenlabs/text-to-speech-multilingual-v2","paths.post.input.voice","Sarah","106","1","2026-03-12 16:57:50"
"482","kie","elevenlabs/text-to-speech-multilingual-v2","https://docs.kie.ai/market/elevenlabs/text-to-speech-multilingual-v2.md","elevenlabs/text-to-speech-multilingual-v2","elevenlabs/text-to-speech-multilingual-v2","paths.post.input.voice","scOwDtmlUjD3prqpp97I","107","1","2026-03-12 16:57:50"
"483","kie","elevenlabs/text-to-speech-multilingual-v2","https://docs.kie.ai/market/elevenlabs/text-to-speech-multilingual-v2.md","elevenlabs/text-to-speech-multilingual-v2","elevenlabs/text-to-speech-multilingual-v2","paths.post.input.voice","sH0WdfE5fsKuM2otdQZr","108","1","2026-03-12 16:57:50"
"484","kie","elevenlabs/text-to-speech-multilingual-v2","https://docs.kie.ai/market/elevenlabs/text-to-speech-multilingual-v2.md","elevenlabs/text-to-speech-multilingual-v2","elevenlabs/text-to-speech-multilingual-v2","paths.post.input.voice","Sm1seazb4gs7RSlUVw7c","109","1","2026-03-12 16:57:50"
"485","kie","elevenlabs/text-to-speech-multilingual-v2","https://docs.kie.ai/market/elevenlabs/text-to-speech-multilingual-v2.md","elevenlabs/text-to-speech-multilingual-v2","elevenlabs/text-to-speech-multilingual-v2","paths.post.input.voice","SOYHLrjzK2X1ezoPC6cr","110","1","2026-03-12 16:57:50"
"486","kie","elevenlabs/text-to-speech-multilingual-v2","https://docs.kie.ai/market/elevenlabs/text-to-speech-multilingual-v2.md","elevenlabs/text-to-speech-multilingual-v2","elevenlabs/text-to-speech-multilingual-v2","paths.post.input.voice","Sq93GQT4X1lKDXsQcixO","111","1","2026-03-12 16:57:50"
"487","kie","elevenlabs/text-to-speech-multilingual-v2","https://docs.kie.ai/market/elevenlabs/text-to-speech-multilingual-v2.md","elevenlabs/text-to-speech-multilingual-v2","elevenlabs/text-to-speech-multilingual-v2","paths.post.input.voice","st7NwhTPEzqo2riw7qWC","112","1","2026-03-12 16:57:50"
"488","kie","elevenlabs/text-to-speech-multilingual-v2","https://docs.kie.ai/market/elevenlabs/text-to-speech-multilingual-v2.md","elevenlabs/text-to-speech-multilingual-v2","elevenlabs/text-to-speech-multilingual-v2","paths.post.input.voice","TC0Zp7WVFzhA8zpTlRqV","113","1","2026-03-12 16:57:50"
"489","kie","elevenlabs/text-to-speech-multilingual-v2","https://docs.kie.ai/market/elevenlabs/text-to-speech-multilingual-v2.md","elevenlabs/text-to-speech-multilingual-v2","elevenlabs/text-to-speech-multilingual-v2","paths.post.input.voice","TmNe0cCqkZBMwPWOd3RD","114","1","2026-03-12 16:57:50"
"490","kie","elevenlabs/text-to-speech-multilingual-v2","https://docs.kie.ai/market/elevenlabs/text-to-speech-multilingual-v2.md","elevenlabs/text-to-speech-multilingual-v2","elevenlabs/text-to-speech-multilingual-v2","paths.post.input.voice","tnSpp4vdxKPjI9w0GnoV","115","1","2026-03-12 16:57:50"
"491","kie","elevenlabs/text-to-speech-multilingual-v2","https://docs.kie.ai/market/elevenlabs/text-to-speech-multilingual-v2.md","elevenlabs/text-to-speech-multilingual-v2","elevenlabs/text-to-speech-multilingual-v2","paths.post.input.voice","Tsns2HvNFKfGiNjllgqo","116","1","2026-03-12 16:57:50"
"492","kie","elevenlabs/text-to-speech-multilingual-v2","https://docs.kie.ai/market/elevenlabs/text-to-speech-multilingual-v2.md","elevenlabs/text-to-speech-multilingual-v2","elevenlabs/text-to-speech-multilingual-v2","paths.post.input.voice","TX3LPaxmHKxFdv7VOQHJ","117","1","2026-03-12 16:57:50"
"493","kie","elevenlabs/text-to-speech-multilingual-v2","https://docs.kie.ai/market/elevenlabs/text-to-speech-multilingual-v2.md","elevenlabs/text-to-speech-multilingual-v2","elevenlabs/text-to-speech-multilingual-v2","paths.post.input.voice","U1Vk2oyatMdYs096Ety7","118","1","2026-03-12 16:57:50"
"494","kie","elevenlabs/text-to-speech-multilingual-v2","https://docs.kie.ai/market/elevenlabs/text-to-speech-multilingual-v2.md","elevenlabs/text-to-speech-multilingual-v2","elevenlabs/text-to-speech-multilingual-v2","paths.post.input.voice","UFO0Yv86wqRxAt1DmXUu","119","1","2026-03-12 16:57:50"
"495","kie","elevenlabs/text-to-speech-multilingual-v2","https://docs.kie.ai/market/elevenlabs/text-to-speech-multilingual-v2.md","elevenlabs/text-to-speech-multilingual-v2","elevenlabs/text-to-speech-multilingual-v2","paths.post.input.voice","UgBBYS2sOqTuMpoF3BR0","120","1","2026-03-12 16:57:50"
"496","kie","elevenlabs/text-to-speech-multilingual-v2","https://docs.kie.ai/market/elevenlabs/text-to-speech-multilingual-v2.md","elevenlabs/text-to-speech-multilingual-v2","elevenlabs/text-to-speech-multilingual-v2","paths.post.input.voice","uYXf8XasLslADfZ2MB4u","121","1","2026-03-12 16:57:50"
"497","kie","elevenlabs/text-to-speech-multilingual-v2","https://docs.kie.ai/market/elevenlabs/text-to-speech-multilingual-v2.md","elevenlabs/text-to-speech-multilingual-v2","elevenlabs/text-to-speech-multilingual-v2","paths.post.input.voice","vBKc2FfBKJfcZNyEt1n6","122","1","2026-03-12 16:57:50"
"498","kie","elevenlabs/text-to-speech-multilingual-v2","https://docs.kie.ai/market/elevenlabs/text-to-speech-multilingual-v2.md","elevenlabs/text-to-speech-multilingual-v2","elevenlabs/text-to-speech-multilingual-v2","paths.post.input.voice","vfaqCOvlrKi4Zp7C2IAm","123","1","2026-03-12 16:57:50"
"499","kie","elevenlabs/text-to-speech-multilingual-v2","https://docs.kie.ai/market/elevenlabs/text-to-speech-multilingual-v2.md","elevenlabs/text-to-speech-multilingual-v2","elevenlabs/text-to-speech-multilingual-v2","paths.post.input.voice","Will","124","1","2026-03-12 16:57:50"
"500","kie","elevenlabs/text-to-speech-multilingual-v2","https://docs.kie.ai/market/elevenlabs/text-to-speech-multilingual-v2.md","elevenlabs/text-to-speech-multilingual-v2","elevenlabs/text-to-speech-multilingual-v2","paths.post.input.voice","wJqPPQ618aTW29mptyoc","125","1","2026-03-12 16:57:50"
"501","kie","elevenlabs/text-to-speech-multilingual-v2","https://docs.kie.ai/market/elevenlabs/text-to-speech-multilingual-v2.md","elevenlabs/text-to-speech-multilingual-v2","elevenlabs/text-to-speech-multilingual-v2","paths.post.input.voice","wo6udizrrtpIxWGp2qJk","126","1","2026-03-12 16:57:50"
"502","kie","elevenlabs/text-to-speech-multilingual-v2","https://docs.kie.ai/market/elevenlabs/text-to-speech-multilingual-v2.md","elevenlabs/text-to-speech-multilingual-v2","elevenlabs/text-to-speech-multilingual-v2","paths.post.input.voice","x70vRnQBMBu4FAYhjJbO","127","1","2026-03-12 16:57:50"
"503","kie","elevenlabs/text-to-speech-multilingual-v2","https://docs.kie.ai/market/elevenlabs/text-to-speech-multilingual-v2.md","elevenlabs/text-to-speech-multilingual-v2","elevenlabs/text-to-speech-multilingual-v2","paths.post.input.voice","XB0fDUnXU5powFXDhCwa","128","1","2026-03-12 16:57:50"
"504","kie","elevenlabs/text-to-speech-multilingual-v2","https://docs.kie.ai/market/elevenlabs/text-to-speech-multilingual-v2.md","elevenlabs/text-to-speech-multilingual-v2","elevenlabs/text-to-speech-multilingual-v2","paths.post.input.voice","yjJ45q8TVCrtMhEKurxY","129","1","2026-03-12 16:57:50"
"505","kie","elevenlabs/text-to-speech-multilingual-v2","https://docs.kie.ai/market/elevenlabs/text-to-speech-multilingual-v2.md","elevenlabs/text-to-speech-multilingual-v2","elevenlabs/text-to-speech-multilingual-v2","paths.post.input.voice","YOq2y2Up4RgXP2HyXjE5","130","1","2026-03-12 16:57:50"
"506","kie","elevenlabs/text-to-speech-multilingual-v2","https://docs.kie.ai/market/elevenlabs/text-to-speech-multilingual-v2.md","elevenlabs/text-to-speech-multilingual-v2","elevenlabs/text-to-speech-multilingual-v2","paths.post.input.voice","YXpFCvM1S3JbWEJhoskW","131","1","2026-03-12 16:57:50"
"507","kie","elevenlabs/text-to-speech-multilingual-v2","https://docs.kie.ai/market/elevenlabs/text-to-speech-multilingual-v2.md","elevenlabs/text-to-speech-multilingual-v2","elevenlabs/text-to-speech-multilingual-v2","paths.post.input.voice","Z3R5wn05IrDiVCyEkUrK","132","1","2026-03-12 16:57:50"
"508","kie","elevenlabs/text-to-speech-multilingual-v2","https://docs.kie.ai/market/elevenlabs/text-to-speech-multilingual-v2.md","elevenlabs/text-to-speech-multilingual-v2","elevenlabs/text-to-speech-multilingual-v2","paths.post.input.voice","zA6D7RyKdc2EClouEMkP","133","1","2026-03-12 16:57:50"
"509","kie","elevenlabs/text-to-speech-multilingual-v2","https://docs.kie.ai/market/elevenlabs/text-to-speech-multilingual-v2.md","elevenlabs/text-to-speech-multilingual-v2","elevenlabs/text-to-speech-multilingual-v2","paths.post.input.voice","ZF6FPAbjXT4488VcRRnw","134","1","2026-03-12 16:57:50"
"510","kie","elevenlabs/text-to-speech-multilingual-v2","https://docs.kie.ai/market/elevenlabs/text-to-speech-multilingual-v2.md","elevenlabs/text-to-speech-multilingual-v2","elevenlabs/text-to-speech-multilingual-v2","paths.post.input.voice","zYcjlYFOd3taleS0gkk3","135","1","2026-03-12 16:57:50"
"511","kie","elevenlabs/text-to-speech-turbo-2-5","https://docs.kie.ai/market/elevenlabs/text-to-speech-turbo-2-5.md","elevenlabs/text-to-speech-turbo-2-5","elevenlabs/text-to-speech-turbo-2-5","paths.post.input.voice","0SpgpJ4D3MpHCiWdyTg3","1","1","2026-03-12 16:57:50"
"512","kie","elevenlabs/text-to-speech-turbo-2-5","https://docs.kie.ai/market/elevenlabs/text-to-speech-turbo-2-5.md","elevenlabs/text-to-speech-turbo-2-5","elevenlabs/text-to-speech-turbo-2-5","paths.post.input.voice","1cxc5c3E9K6F1wlqOJGV","2","1","2026-03-12 16:57:50"
"513","kie","elevenlabs/text-to-speech-turbo-2-5","https://docs.kie.ai/market/elevenlabs/text-to-speech-turbo-2-5.md","elevenlabs/text-to-speech-turbo-2-5","elevenlabs/text-to-speech-turbo-2-5","paths.post.input.voice","1hlpeD1ydbI2ow0Tt3EW","3","1","2026-03-12 16:57:50"
"514","kie","elevenlabs/text-to-speech-turbo-2-5","https://docs.kie.ai/market/elevenlabs/text-to-speech-turbo-2-5.md","elevenlabs/text-to-speech-turbo-2-5","elevenlabs/text-to-speech-turbo-2-5","paths.post.input.voice","1KFdM0QCwQn4rmn5nn9C","4","1","2026-03-12 16:57:50"
"515","kie","elevenlabs/text-to-speech-turbo-2-5","https://docs.kie.ai/market/elevenlabs/text-to-speech-turbo-2-5.md","elevenlabs/text-to-speech-turbo-2-5","elevenlabs/text-to-speech-turbo-2-5","paths.post.input.voice","1SM7GgM6IMuvQlz2BwM3","5","1","2026-03-12 16:57:50"
"516","kie","elevenlabs/text-to-speech-turbo-2-5","https://docs.kie.ai/market/elevenlabs/text-to-speech-turbo-2-5.md","elevenlabs/text-to-speech-turbo-2-5","elevenlabs/text-to-speech-turbo-2-5","paths.post.input.voice","1U02n4nD6AdIZ9CjF053","6","1","2026-03-12 16:57:50"
"517","kie","elevenlabs/text-to-speech-turbo-2-5","https://docs.kie.ai/market/elevenlabs/text-to-speech-turbo-2-5.md","elevenlabs/text-to-speech-turbo-2-5","elevenlabs/text-to-speech-turbo-2-5","paths.post.input.voice","1wGbFxmAM3Fgw63G1zZJ","7","1","2026-03-12 16:57:50"
"518","kie","elevenlabs/text-to-speech-turbo-2-5","https://docs.kie.ai/market/elevenlabs/text-to-speech-turbo-2-5.md","elevenlabs/text-to-speech-turbo-2-5","elevenlabs/text-to-speech-turbo-2-5","paths.post.input.voice","2zRM7PkgwBPiau2jvVXc","8","1","2026-03-12 16:57:50"
"519","kie","elevenlabs/text-to-speech-turbo-2-5","https://docs.kie.ai/market/elevenlabs/text-to-speech-turbo-2-5.md","elevenlabs/text-to-speech-turbo-2-5","elevenlabs/text-to-speech-turbo-2-5","paths.post.input.voice","4YYIPFl9wE5c4L2eu2Gb","9","1","2026-03-12 16:57:50"
"520","kie","elevenlabs/text-to-speech-turbo-2-5","https://docs.kie.ai/market/elevenlabs/text-to-speech-turbo-2-5.md","elevenlabs/text-to-speech-turbo-2-5","elevenlabs/text-to-speech-turbo-2-5","paths.post.input.voice","56AoDkrOh6qfVPDXZ7Pt","10","1","2026-03-12 16:57:50"
"521","kie","elevenlabs/text-to-speech-turbo-2-5","https://docs.kie.ai/market/elevenlabs/text-to-speech-turbo-2-5.md","elevenlabs/text-to-speech-turbo-2-5","elevenlabs/text-to-speech-turbo-2-5","paths.post.input.voice","5l5f8iK3YPeGga21rQIX","11","1","2026-03-12 16:57:50"
"522","kie","elevenlabs/text-to-speech-turbo-2-5","https://docs.kie.ai/market/elevenlabs/text-to-speech-turbo-2-5.md","elevenlabs/text-to-speech-turbo-2-5","elevenlabs/text-to-speech-turbo-2-5","paths.post.input.voice","6aDn1KB0hjpdcocrUkmq","12","1","2026-03-12 16:57:50"
"523","kie","elevenlabs/text-to-speech-turbo-2-5","https://docs.kie.ai/market/elevenlabs/text-to-speech-turbo-2-5.md","elevenlabs/text-to-speech-turbo-2-5","elevenlabs/text-to-speech-turbo-2-5","paths.post.input.voice","6F5Zhi321D3Oq7v1oNT4","13","1","2026-03-12 16:57:50"
"524","kie","elevenlabs/text-to-speech-turbo-2-5","https://docs.kie.ai/market/elevenlabs/text-to-speech-turbo-2-5.md","elevenlabs/text-to-speech-turbo-2-5","elevenlabs/text-to-speech-turbo-2-5","paths.post.input.voice","8JVbfL6oEdmuxKn5DK2C","14","1","2026-03-12 16:57:50"
"525","kie","elevenlabs/text-to-speech-turbo-2-5","https://docs.kie.ai/market/elevenlabs/text-to-speech-turbo-2-5.md","elevenlabs/text-to-speech-turbo-2-5","elevenlabs/text-to-speech-turbo-2-5","paths.post.input.voice","9PVP7ENhDskL0KYHAKtD","15","1","2026-03-12 16:57:50"
"526","kie","elevenlabs/text-to-speech-turbo-2-5","https://docs.kie.ai/market/elevenlabs/text-to-speech-turbo-2-5.md","elevenlabs/text-to-speech-turbo-2-5","elevenlabs/text-to-speech-turbo-2-5","paths.post.input.voice","9yzdeviXkFddZ4Oz8Mok","16","1","2026-03-12 16:57:50"
"527","kie","elevenlabs/text-to-speech-turbo-2-5","https://docs.kie.ai/market/elevenlabs/text-to-speech-turbo-2-5.md","elevenlabs/text-to-speech-turbo-2-5","elevenlabs/text-to-speech-turbo-2-5","paths.post.input.voice","aD6riP1btT197c6dACmy","17","1","2026-03-12 16:57:50"
"528","kie","elevenlabs/text-to-speech-turbo-2-5","https://docs.kie.ai/market/elevenlabs/text-to-speech-turbo-2-5.md","elevenlabs/text-to-speech-turbo-2-5","elevenlabs/text-to-speech-turbo-2-5","paths.post.input.voice","AeRdCCKzvd23BpJoofzx","18","1","2026-03-12 16:57:50"
"529","kie","elevenlabs/text-to-speech-turbo-2-5","https://docs.kie.ai/market/elevenlabs/text-to-speech-turbo-2-5.md","elevenlabs/text-to-speech-turbo-2-5","elevenlabs/text-to-speech-turbo-2-5","paths.post.input.voice","Alice","19","1","2026-03-12 16:57:50"
"530","kie","elevenlabs/text-to-speech-turbo-2-5","https://docs.kie.ai/market/elevenlabs/text-to-speech-turbo-2-5.md","elevenlabs/text-to-speech-turbo-2-5","elevenlabs/text-to-speech-turbo-2-5","paths.post.input.voice","aMSt68OGf4xUZAnLpTU8","20","1","2026-03-12 16:57:50"
"531","kie","elevenlabs/text-to-speech-turbo-2-5","https://docs.kie.ai/market/elevenlabs/text-to-speech-turbo-2-5.md","elevenlabs/text-to-speech-turbo-2-5","elevenlabs/text-to-speech-turbo-2-5","paths.post.input.voice","Aria","21","1","2026-03-12 16:57:50"
"532","kie","elevenlabs/text-to-speech-turbo-2-5","https://docs.kie.ai/market/elevenlabs/text-to-speech-turbo-2-5.md","elevenlabs/text-to-speech-turbo-2-5","elevenlabs/text-to-speech-turbo-2-5","paths.post.input.voice","Atp5cNFg1Wj5gyKD7HWV","22","1","2026-03-12 16:57:50"
"533","kie","elevenlabs/text-to-speech-turbo-2-5","https://docs.kie.ai/market/elevenlabs/text-to-speech-turbo-2-5.md","elevenlabs/text-to-speech-turbo-2-5","elevenlabs/text-to-speech-turbo-2-5","paths.post.input.voice","B8gJV1IhpuegLxdpXFOE","23","1","2026-03-12 16:57:50"
"534","kie","elevenlabs/text-to-speech-turbo-2-5","https://docs.kie.ai/market/elevenlabs/text-to-speech-turbo-2-5.md","elevenlabs/text-to-speech-turbo-2-5","elevenlabs/text-to-speech-turbo-2-5","paths.post.input.voice","Bill","24","1","2026-03-12 16:57:50"
"535","kie","elevenlabs/text-to-speech-turbo-2-5","https://docs.kie.ai/market/elevenlabs/text-to-speech-turbo-2-5.md","elevenlabs/text-to-speech-turbo-2-5","elevenlabs/text-to-speech-turbo-2-5","paths.post.input.voice","BIvP0GN1cAtSRTxNHnWS","25","1","2026-03-12 16:57:50"
"536","kie","elevenlabs/text-to-speech-turbo-2-5","https://docs.kie.ai/market/elevenlabs/text-to-speech-turbo-2-5.md","elevenlabs/text-to-speech-turbo-2-5","elevenlabs/text-to-speech-turbo-2-5","paths.post.input.voice","Bj9UqZbhQsanLzgalpEG","26","1","2026-03-12 16:57:50"
"537","kie","elevenlabs/text-to-speech-turbo-2-5","https://docs.kie.ai/market/elevenlabs/text-to-speech-turbo-2-5.md","elevenlabs/text-to-speech-turbo-2-5","elevenlabs/text-to-speech-turbo-2-5","paths.post.input.voice","BpjGufoPiobT79j2vtj4","27","1","2026-03-12 16:57:50"
"538","kie","elevenlabs/text-to-speech-turbo-2-5","https://docs.kie.ai/market/elevenlabs/text-to-speech-turbo-2-5.md","elevenlabs/text-to-speech-turbo-2-5","elevenlabs/text-to-speech-turbo-2-5","paths.post.input.voice","Brian","28","1","2026-03-12 16:57:50"
"539","kie","elevenlabs/text-to-speech-turbo-2-5","https://docs.kie.ai/market/elevenlabs/text-to-speech-turbo-2-5.md","elevenlabs/text-to-speech-turbo-2-5","elevenlabs/text-to-speech-turbo-2-5","paths.post.input.voice","bwCXcoVxWNYMlC6Esa8u","29","1","2026-03-12 16:57:50"
"540","kie","elevenlabs/text-to-speech-turbo-2-5","https://docs.kie.ai/market/elevenlabs/text-to-speech-turbo-2-5.md","elevenlabs/text-to-speech-turbo-2-5","elevenlabs/text-to-speech-turbo-2-5","paths.post.input.voice","BZgkqPqms7Kj9ulSkVzn","30","1","2026-03-12 16:57:50"
"541","kie","elevenlabs/text-to-speech-turbo-2-5","https://docs.kie.ai/market/elevenlabs/text-to-speech-turbo-2-5.md","elevenlabs/text-to-speech-turbo-2-5","elevenlabs/text-to-speech-turbo-2-5","paths.post.input.voice","c6SfcYrb2t09NHXiT80T","31","1","2026-03-12 16:57:50"
"542","kie","elevenlabs/text-to-speech-turbo-2-5","https://docs.kie.ai/market/elevenlabs/text-to-speech-turbo-2-5.md","elevenlabs/text-to-speech-turbo-2-5","elevenlabs/text-to-speech-turbo-2-5","paths.post.input.voice","Callum","32","1","2026-03-12 16:57:50"
"543","kie","elevenlabs/text-to-speech-turbo-2-5","https://docs.kie.ai/market/elevenlabs/text-to-speech-turbo-2-5.md","elevenlabs/text-to-speech-turbo-2-5","elevenlabs/text-to-speech-turbo-2-5","paths.post.input.voice","CeNX9CMwmxDxUF5Q2Inm","33","1","2026-03-12 16:57:50"
"544","kie","elevenlabs/text-to-speech-turbo-2-5","https://docs.kie.ai/market/elevenlabs/text-to-speech-turbo-2-5.md","elevenlabs/text-to-speech-turbo-2-5","elevenlabs/text-to-speech-turbo-2-5","paths.post.input.voice","cgSgspJ2msm6clMCkdW9","34","1","2026-03-12 16:57:50"
"545","kie","elevenlabs/text-to-speech-turbo-2-5","https://docs.kie.ai/market/elevenlabs/text-to-speech-turbo-2-5.md","elevenlabs/text-to-speech-turbo-2-5","elevenlabs/text-to-speech-turbo-2-5","paths.post.input.voice","Charlie","35","1","2026-03-12 16:57:50"
"546","kie","elevenlabs/text-to-speech-turbo-2-5","https://docs.kie.ai/market/elevenlabs/text-to-speech-turbo-2-5.md","elevenlabs/text-to-speech-turbo-2-5","elevenlabs/text-to-speech-turbo-2-5","paths.post.input.voice","Charlotte","36","1","2026-03-12 16:57:50"
"547","kie","elevenlabs/text-to-speech-turbo-2-5","https://docs.kie.ai/market/elevenlabs/text-to-speech-turbo-2-5.md","elevenlabs/text-to-speech-turbo-2-5","elevenlabs/text-to-speech-turbo-2-5","paths.post.input.voice","Chris","37","1","2026-03-12 16:57:50"
"548","kie","elevenlabs/text-to-speech-turbo-2-5","https://docs.kie.ai/market/elevenlabs/text-to-speech-turbo-2-5.md","elevenlabs/text-to-speech-turbo-2-5","elevenlabs/text-to-speech-turbo-2-5","paths.post.input.voice","cTNP6ZM2mLTKj2BFhxEh","38","1","2026-03-12 16:57:50"
"549","kie","elevenlabs/text-to-speech-turbo-2-5","https://docs.kie.ai/market/elevenlabs/text-to-speech-turbo-2-5.md","elevenlabs/text-to-speech-turbo-2-5","elevenlabs/text-to-speech-turbo-2-5","paths.post.input.voice","D2jw4N9m4xePLTQ3IHjU","39","1","2026-03-12 16:57:50"
"550","kie","elevenlabs/text-to-speech-turbo-2-5","https://docs.kie.ai/market/elevenlabs/text-to-speech-turbo-2-5.md","elevenlabs/text-to-speech-turbo-2-5","elevenlabs/text-to-speech-turbo-2-5","paths.post.input.voice","Daniel","40","1","2026-03-12 16:57:50"
"551","kie","elevenlabs/text-to-speech-turbo-2-5","https://docs.kie.ai/market/elevenlabs/text-to-speech-turbo-2-5.md","elevenlabs/text-to-speech-turbo-2-5","elevenlabs/text-to-speech-turbo-2-5","paths.post.input.voice","DGTOOUoGpoP6UZ9uSWfA","41","1","2026-03-12 16:57:50"
"552","kie","elevenlabs/text-to-speech-turbo-2-5","https://docs.kie.ai/market/elevenlabs/text-to-speech-turbo-2-5.md","elevenlabs/text-to-speech-turbo-2-5","elevenlabs/text-to-speech-turbo-2-5","paths.post.input.voice","DGzg6RaUqxGRTHSBjfgF","42","1","2026-03-12 16:57:50"
"553","kie","elevenlabs/text-to-speech-turbo-2-5","https://docs.kie.ai/market/elevenlabs/text-to-speech-turbo-2-5.md","elevenlabs/text-to-speech-turbo-2-5","elevenlabs/text-to-speech-turbo-2-5","paths.post.input.voice","dHd5gvgSOzSfduK4CvEg","43","1","2026-03-12 16:57:50"
"554","kie","elevenlabs/text-to-speech-turbo-2-5","https://docs.kie.ai/market/elevenlabs/text-to-speech-turbo-2-5.md","elevenlabs/text-to-speech-turbo-2-5","elevenlabs/text-to-speech-turbo-2-5","paths.post.input.voice","DTKMou8ccj1ZaWGBiotd","44","1","2026-03-12 16:57:50"
"555","kie","elevenlabs/text-to-speech-turbo-2-5","https://docs.kie.ai/market/elevenlabs/text-to-speech-turbo-2-5.md","elevenlabs/text-to-speech-turbo-2-5","elevenlabs/text-to-speech-turbo-2-5","paths.post.input.voice","DYkrAHD8iwork3YSUBbs","45","1","2026-03-12 16:57:50"
"556","kie","elevenlabs/text-to-speech-turbo-2-5","https://docs.kie.ai/market/elevenlabs/text-to-speech-turbo-2-5.md","elevenlabs/text-to-speech-turbo-2-5","elevenlabs/text-to-speech-turbo-2-5","paths.post.input.voice","EiNlNiXeDU1pqqOPrYMO","46","1","2026-03-12 16:57:50"
"557","kie","elevenlabs/text-to-speech-turbo-2-5","https://docs.kie.ai/market/elevenlabs/text-to-speech-turbo-2-5.md","elevenlabs/text-to-speech-turbo-2-5","elevenlabs/text-to-speech-turbo-2-5","paths.post.input.voice","EkK5I93UQWFDigLMpZcX","47","1","2026-03-12 16:57:50"
"558","kie","elevenlabs/text-to-speech-turbo-2-5","https://docs.kie.ai/market/elevenlabs/text-to-speech-turbo-2-5.md","elevenlabs/text-to-speech-turbo-2-5","elevenlabs/text-to-speech-turbo-2-5","paths.post.input.voice","eR40ATw9ArzDf9h3v7t7","48","1","2026-03-12 16:57:50"
"559","kie","elevenlabs/text-to-speech-turbo-2-5","https://docs.kie.ai/market/elevenlabs/text-to-speech-turbo-2-5.md","elevenlabs/text-to-speech-turbo-2-5","elevenlabs/text-to-speech-turbo-2-5","paths.post.input.voice","Eric","49","1","2026-03-12 16:57:50"
"560","kie","elevenlabs/text-to-speech-turbo-2-5","https://docs.kie.ai/market/elevenlabs/text-to-speech-turbo-2-5.md","elevenlabs/text-to-speech-turbo-2-5","elevenlabs/text-to-speech-turbo-2-5","paths.post.input.voice","esy0r39YPLQjOczyOib8","50","1","2026-03-12 16:57:50"
"561","kie","elevenlabs/text-to-speech-turbo-2-5","https://docs.kie.ai/market/elevenlabs/text-to-speech-turbo-2-5.md","elevenlabs/text-to-speech-turbo-2-5","elevenlabs/text-to-speech-turbo-2-5","paths.post.input.voice","eVItLK1UvXctxuaRV2Oq","51","1","2026-03-12 16:57:50"
"562","kie","elevenlabs/text-to-speech-turbo-2-5","https://docs.kie.ai/market/elevenlabs/text-to-speech-turbo-2-5.md","elevenlabs/text-to-speech-turbo-2-5","elevenlabs/text-to-speech-turbo-2-5","paths.post.input.voice","exsUS4vynmxd379XN4yO","52","1","2026-03-12 16:57:50"
"563","kie","elevenlabs/text-to-speech-turbo-2-5","https://docs.kie.ai/market/elevenlabs/text-to-speech-turbo-2-5.md","elevenlabs/text-to-speech-turbo-2-5","elevenlabs/text-to-speech-turbo-2-5","paths.post.input.voice","FF7KdobWPaiR0vkcALHF","53","1","2026-03-12 16:57:50"
"564","kie","elevenlabs/text-to-speech-turbo-2-5","https://docs.kie.ai/market/elevenlabs/text-to-speech-turbo-2-5.md","elevenlabs/text-to-speech-turbo-2-5","elevenlabs/text-to-speech-turbo-2-5","paths.post.input.voice","FGY2WhTYpPnrIDTdsKH5","54","1","2026-03-12 16:57:50"
"565","kie","elevenlabs/text-to-speech-turbo-2-5","https://docs.kie.ai/market/elevenlabs/text-to-speech-turbo-2-5.md","elevenlabs/text-to-speech-turbo-2-5","elevenlabs/text-to-speech-turbo-2-5","paths.post.input.voice","flHkNRp1BlvT73UL6gyz","55","1","2026-03-12 16:57:50"
"566","kie","elevenlabs/text-to-speech-turbo-2-5","https://docs.kie.ai/market/elevenlabs/text-to-speech-turbo-2-5.md","elevenlabs/text-to-speech-turbo-2-5","elevenlabs/text-to-speech-turbo-2-5","paths.post.input.voice","FUfBrNit0NNZAwb58KWH","56","1","2026-03-12 16:57:50"
"567","kie","elevenlabs/text-to-speech-turbo-2-5","https://docs.kie.ai/market/elevenlabs/text-to-speech-turbo-2-5.md","elevenlabs/text-to-speech-turbo-2-5","elevenlabs/text-to-speech-turbo-2-5","paths.post.input.voice","g6xIsTj2HwM6VR4iXFCw","57","1","2026-03-12 16:57:50"
"568","kie","elevenlabs/text-to-speech-turbo-2-5","https://docs.kie.ai/market/elevenlabs/text-to-speech-turbo-2-5.md","elevenlabs/text-to-speech-turbo-2-5","elevenlabs/text-to-speech-turbo-2-5","paths.post.input.voice","George","58","1","2026-03-12 16:57:50"
"569","kie","elevenlabs/text-to-speech-turbo-2-5","https://docs.kie.ai/market/elevenlabs/text-to-speech-turbo-2-5.md","elevenlabs/text-to-speech-turbo-2-5","elevenlabs/text-to-speech-turbo-2-5","paths.post.input.voice","gs0tAILXbY5DNrJrsM6F","59","1","2026-03-12 16:57:50"
"570","kie","elevenlabs/text-to-speech-turbo-2-5","https://docs.kie.ai/market/elevenlabs/text-to-speech-turbo-2-5.md","elevenlabs/text-to-speech-turbo-2-5","elevenlabs/text-to-speech-turbo-2-5","paths.post.input.voice","gU0LNdkMOQCOrPrwtbee","60","1","2026-03-12 16:57:50"
"571","kie","elevenlabs/text-to-speech-turbo-2-5","https://docs.kie.ai/market/elevenlabs/text-to-speech-turbo-2-5.md","elevenlabs/text-to-speech-turbo-2-5","elevenlabs/text-to-speech-turbo-2-5","paths.post.input.voice","HgyIHe81F3nXywNwkraY","61","1","2026-03-12 16:57:50"
"572","kie","elevenlabs/text-to-speech-turbo-2-5","https://docs.kie.ai/market/elevenlabs/text-to-speech-turbo-2-5.md","elevenlabs/text-to-speech-turbo-2-5","elevenlabs/text-to-speech-turbo-2-5","paths.post.input.voice","hpp4J3VqNfWAUOO0d1Us","62","1","2026-03-12 16:57:50"
"573","kie","elevenlabs/text-to-speech-turbo-2-5","https://docs.kie.ai/market/elevenlabs/text-to-speech-turbo-2-5.md","elevenlabs/text-to-speech-turbo-2-5","elevenlabs/text-to-speech-turbo-2-5","paths.post.input.voice","hqfrgApggtO1785R4Fsn","63","1","2026-03-12 16:57:50"
"574","kie","elevenlabs/text-to-speech-turbo-2-5","https://docs.kie.ai/market/elevenlabs/text-to-speech-turbo-2-5.md","elevenlabs/text-to-speech-turbo-2-5","elevenlabs/text-to-speech-turbo-2-5","paths.post.input.voice","iCrDUkL56s3C8sCRl7wb","64","1","2026-03-12 16:57:50"
"575","kie","elevenlabs/text-to-speech-turbo-2-5","https://docs.kie.ai/market/elevenlabs/text-to-speech-turbo-2-5.md","elevenlabs/text-to-speech-turbo-2-5","elevenlabs/text-to-speech-turbo-2-5","paths.post.input.voice","IjnA9kwZJHJ20Fp7Vmy6","65","1","2026-03-12 16:57:50"
"576","kie","elevenlabs/text-to-speech-turbo-2-5","https://docs.kie.ai/market/elevenlabs/text-to-speech-turbo-2-5.md","elevenlabs/text-to-speech-turbo-2-5","elevenlabs/text-to-speech-turbo-2-5","paths.post.input.voice","iP95p4xoKVk53GoZ742B","66","1","2026-03-12 16:57:50"
"577","kie","elevenlabs/text-to-speech-turbo-2-5","https://docs.kie.ai/market/elevenlabs/text-to-speech-turbo-2-5.md","elevenlabs/text-to-speech-turbo-2-5","elevenlabs/text-to-speech-turbo-2-5","paths.post.input.voice","Jessica","67","1","2026-03-12 16:57:50"
"578","kie","elevenlabs/text-to-speech-turbo-2-5","https://docs.kie.ai/market/elevenlabs/text-to-speech-turbo-2-5.md","elevenlabs/text-to-speech-turbo-2-5","elevenlabs/text-to-speech-turbo-2-5","paths.post.input.voice","KoQQbl9zjAdLgKZjm8Ol","68","1","2026-03-12 16:57:50"
"579","kie","elevenlabs/text-to-speech-turbo-2-5","https://docs.kie.ai/market/elevenlabs/text-to-speech-turbo-2-5.md","elevenlabs/text-to-speech-turbo-2-5","elevenlabs/text-to-speech-turbo-2-5","paths.post.input.voice","kPzsL2i3teMYv0FxEYQ6","69","1","2026-03-12 16:57:50"
"580","kie","elevenlabs/text-to-speech-turbo-2-5","https://docs.kie.ai/market/elevenlabs/text-to-speech-turbo-2-5.md","elevenlabs/text-to-speech-turbo-2-5","elevenlabs/text-to-speech-turbo-2-5","paths.post.input.voice","KTPVrSVAEUSJRClDzBw7","70","1","2026-03-12 16:57:50"
"581","kie","elevenlabs/text-to-speech-turbo-2-5","https://docs.kie.ai/market/elevenlabs/text-to-speech-turbo-2-5.md","elevenlabs/text-to-speech-turbo-2-5","elevenlabs/text-to-speech-turbo-2-5","paths.post.input.voice","kUUTqKQ05NMGulF08DDf","71","1","2026-03-12 16:57:50"
"582","kie","elevenlabs/text-to-speech-turbo-2-5","https://docs.kie.ai/market/elevenlabs/text-to-speech-turbo-2-5.md","elevenlabs/text-to-speech-turbo-2-5","elevenlabs/text-to-speech-turbo-2-5","paths.post.input.voice","L0Dsvb3SLTyegXwtm47J","72","1","2026-03-12 16:57:50"
"583","kie","elevenlabs/text-to-speech-turbo-2-5","https://docs.kie.ai/market/elevenlabs/text-to-speech-turbo-2-5.md","elevenlabs/text-to-speech-turbo-2-5","elevenlabs/text-to-speech-turbo-2-5","paths.post.input.voice","Laura","73","1","2026-03-12 16:57:50"
"584","kie","elevenlabs/text-to-speech-turbo-2-5","https://docs.kie.ai/market/elevenlabs/text-to-speech-turbo-2-5.md","elevenlabs/text-to-speech-turbo-2-5","elevenlabs/text-to-speech-turbo-2-5","paths.post.input.voice","lcMyyd2HUfFzxdCaC4Ta","74","1","2026-03-12 16:57:50"
"585","kie","elevenlabs/text-to-speech-turbo-2-5","https://docs.kie.ai/market/elevenlabs/text-to-speech-turbo-2-5.md","elevenlabs/text-to-speech-turbo-2-5","elevenlabs/text-to-speech-turbo-2-5","paths.post.input.voice","LG95yZDEHg6fCZdQjLqj","75","1","2026-03-12 16:57:50"
"586","kie","elevenlabs/text-to-speech-turbo-2-5","https://docs.kie.ai/market/elevenlabs/text-to-speech-turbo-2-5.md","elevenlabs/text-to-speech-turbo-2-5","elevenlabs/text-to-speech-turbo-2-5","paths.post.input.voice","Liam","76","1","2026-03-12 16:57:50"
"587","kie","elevenlabs/text-to-speech-turbo-2-5","https://docs.kie.ai/market/elevenlabs/text-to-speech-turbo-2-5.md","elevenlabs/text-to-speech-turbo-2-5","elevenlabs/text-to-speech-turbo-2-5","paths.post.input.voice","Lily","77","1","2026-03-12 16:57:50"
"588","kie","elevenlabs/text-to-speech-turbo-2-5","https://docs.kie.ai/market/elevenlabs/text-to-speech-turbo-2-5.md","elevenlabs/text-to-speech-turbo-2-5","elevenlabs/text-to-speech-turbo-2-5","paths.post.input.voice","ljo9gAlSqKOvF6D8sOsX","78","1","2026-03-12 16:57:50"
"589","kie","elevenlabs/text-to-speech-turbo-2-5","https://docs.kie.ai/market/elevenlabs/text-to-speech-turbo-2-5.md","elevenlabs/text-to-speech-turbo-2-5","elevenlabs/text-to-speech-turbo-2-5","paths.post.input.voice","LruHrtVF6PSyGItzMNHS","79","1","2026-03-12 16:57:50"
"590","kie","elevenlabs/text-to-speech-turbo-2-5","https://docs.kie.ai/market/elevenlabs/text-to-speech-turbo-2-5.md","elevenlabs/text-to-speech-turbo-2-5","elevenlabs/text-to-speech-turbo-2-5","paths.post.input.voice","Matilda","80","1","2026-03-12 16:57:50"
"591","kie","elevenlabs/text-to-speech-turbo-2-5","https://docs.kie.ai/market/elevenlabs/text-to-speech-turbo-2-5.md","elevenlabs/text-to-speech-turbo-2-5","elevenlabs/text-to-speech-turbo-2-5","paths.post.input.voice","MJ0RnG71ty4LH3dvNfSd","81","1","2026-03-12 16:57:50"
"592","kie","elevenlabs/text-to-speech-turbo-2-5","https://docs.kie.ai/market/elevenlabs/text-to-speech-turbo-2-5.md","elevenlabs/text-to-speech-turbo-2-5","elevenlabs/text-to-speech-turbo-2-5","paths.post.input.voice","MnUw1cSnpiLoLhpd3Hqp","82","1","2026-03-12 16:57:50"
"593","kie","elevenlabs/text-to-speech-turbo-2-5","https://docs.kie.ai/market/elevenlabs/text-to-speech-turbo-2-5.md","elevenlabs/text-to-speech-turbo-2-5","elevenlabs/text-to-speech-turbo-2-5","paths.post.input.voice","mtrellq69YZsNwzUSyXh","83","1","2026-03-12 16:57:50"
"594","kie","elevenlabs/text-to-speech-turbo-2-5","https://docs.kie.ai/market/elevenlabs/text-to-speech-turbo-2-5.md","elevenlabs/text-to-speech-turbo-2-5","elevenlabs/text-to-speech-turbo-2-5","paths.post.input.voice","N2lVS1w4EtoT3dr4eOWO","84","1","2026-03-12 16:57:50"
"595","kie","elevenlabs/text-to-speech-turbo-2-5","https://docs.kie.ai/market/elevenlabs/text-to-speech-turbo-2-5.md","elevenlabs/text-to-speech-turbo-2-5","elevenlabs/text-to-speech-turbo-2-5","paths.post.input.voice","NNl6r8mD7vthiJatiJt1","85","1","2026-03-12 16:57:50"
"596","kie","elevenlabs/text-to-speech-turbo-2-5","https://docs.kie.ai/market/elevenlabs/text-to-speech-turbo-2-5.md","elevenlabs/text-to-speech-turbo-2-5","elevenlabs/text-to-speech-turbo-2-5","paths.post.input.voice","NOpBlnGInO9m6vDvFkFC","86","1","2026-03-12 16:57:50"
"597","kie","elevenlabs/text-to-speech-turbo-2-5","https://docs.kie.ai/market/elevenlabs/text-to-speech-turbo-2-5.md","elevenlabs/text-to-speech-turbo-2-5","elevenlabs/text-to-speech-turbo-2-5","paths.post.input.voice","nPczCjzI2devNBz1zQrb","87","1","2026-03-12 16:57:50"
"598","kie","elevenlabs/text-to-speech-turbo-2-5","https://docs.kie.ai/market/elevenlabs/text-to-speech-turbo-2-5.md","elevenlabs/text-to-speech-turbo-2-5","elevenlabs/text-to-speech-turbo-2-5","paths.post.input.voice","nzeAacJi50IvxcyDnMXa","88","1","2026-03-12 16:57:50"
"599","kie","elevenlabs/text-to-speech-turbo-2-5","https://docs.kie.ai/market/elevenlabs/text-to-speech-turbo-2-5.md","elevenlabs/text-to-speech-turbo-2-5","elevenlabs/text-to-speech-turbo-2-5","paths.post.input.voice","oR4uRy4fHDUGGISL0Rev","89","1","2026-03-12 16:57:50"
"600","kie","elevenlabs/text-to-speech-turbo-2-5","https://docs.kie.ai/market/elevenlabs/text-to-speech-turbo-2-5.md","elevenlabs/text-to-speech-turbo-2-5","elevenlabs/text-to-speech-turbo-2-5","paths.post.input.voice","ouL9IsyrSnUkCmfnD02u","90","1","2026-03-12 16:57:50"
"601","kie","elevenlabs/text-to-speech-turbo-2-5","https://docs.kie.ai/market/elevenlabs/text-to-speech-turbo-2-5.md","elevenlabs/text-to-speech-turbo-2-5","elevenlabs/text-to-speech-turbo-2-5","paths.post.input.voice","OYWwCdDHouzDwiZJWOOu","91","1","2026-03-12 16:57:50"
"602","kie","elevenlabs/text-to-speech-turbo-2-5","https://docs.kie.ai/market/elevenlabs/text-to-speech-turbo-2-5.md","elevenlabs/text-to-speech-turbo-2-5","elevenlabs/text-to-speech-turbo-2-5","paths.post.input.voice","P1bg08DkjqiVEzOn76yG","92","1","2026-03-12 16:57:50"
"603","kie","elevenlabs/text-to-speech-turbo-2-5","https://docs.kie.ai/market/elevenlabs/text-to-speech-turbo-2-5.md","elevenlabs/text-to-speech-turbo-2-5","elevenlabs/text-to-speech-turbo-2-5","paths.post.input.voice","piI8Kku0DcvcL6TTSeQt","93","1","2026-03-12 16:57:50"
"604","kie","elevenlabs/text-to-speech-turbo-2-5","https://docs.kie.ai/market/elevenlabs/text-to-speech-turbo-2-5.md","elevenlabs/text-to-speech-turbo-2-5","elevenlabs/text-to-speech-turbo-2-5","paths.post.input.voice","pNInz6obpgDQGcFmaJgB","94","1","2026-03-12 16:57:50"
"605","kie","elevenlabs/text-to-speech-turbo-2-5","https://docs.kie.ai/market/elevenlabs/text-to-speech-turbo-2-5.md","elevenlabs/text-to-speech-turbo-2-5","elevenlabs/text-to-speech-turbo-2-5","paths.post.input.voice","pPdl9cQBQq4p6mRkZy2Z","95","1","2026-03-12 16:57:50"
"606","kie","elevenlabs/text-to-speech-turbo-2-5","https://docs.kie.ai/market/elevenlabs/text-to-speech-turbo-2-5.md","elevenlabs/text-to-speech-turbo-2-5","elevenlabs/text-to-speech-turbo-2-5","paths.post.input.voice","PPzYpIqttlTYA83688JI","96","1","2026-03-12 16:57:50"
"607","kie","elevenlabs/text-to-speech-turbo-2-5","https://docs.kie.ai/market/elevenlabs/text-to-speech-turbo-2-5.md","elevenlabs/text-to-speech-turbo-2-5","elevenlabs/text-to-speech-turbo-2-5","paths.post.input.voice","qDuRKMlYmrm8trt5QyBn","97","1","2026-03-12 16:57:50"
"608","kie","elevenlabs/text-to-speech-turbo-2-5","https://docs.kie.ai/market/elevenlabs/text-to-speech-turbo-2-5.md","elevenlabs/text-to-speech-turbo-2-5","elevenlabs/text-to-speech-turbo-2-5","paths.post.input.voice","Qggl4b0xRMiqOwhPtVWT","98","1","2026-03-12 16:57:50"
"609","kie","elevenlabs/text-to-speech-turbo-2-5","https://docs.kie.ai/market/elevenlabs/text-to-speech-turbo-2-5.md","elevenlabs/text-to-speech-turbo-2-5","elevenlabs/text-to-speech-turbo-2-5","paths.post.input.voice","qNkzaJoHLLdpvgh5tISm","99","1","2026-03-12 16:57:50"
"610","kie","elevenlabs/text-to-speech-turbo-2-5","https://docs.kie.ai/market/elevenlabs/text-to-speech-turbo-2-5.md","elevenlabs/text-to-speech-turbo-2-5","elevenlabs/text-to-speech-turbo-2-5","paths.post.input.voice","qXpMhyvQqiRxWQs4qSSB","100","1","2026-03-12 16:57:50"
"611","kie","elevenlabs/text-to-speech-turbo-2-5","https://docs.kie.ai/market/elevenlabs/text-to-speech-turbo-2-5.md","elevenlabs/text-to-speech-turbo-2-5","elevenlabs/text-to-speech-turbo-2-5","paths.post.input.voice","Rachel","101","1","2026-03-12 16:57:50"
"612","kie","elevenlabs/text-to-speech-turbo-2-5","https://docs.kie.ai/market/elevenlabs/text-to-speech-turbo-2-5.md","elevenlabs/text-to-speech-turbo-2-5","elevenlabs/text-to-speech-turbo-2-5","paths.post.input.voice","RILOU7YmBhvwJGDGjNmP","102","1","2026-03-12 16:57:50"
"613","kie","elevenlabs/text-to-speech-turbo-2-5","https://docs.kie.ai/market/elevenlabs/text-to-speech-turbo-2-5.md","elevenlabs/text-to-speech-turbo-2-5","elevenlabs/text-to-speech-turbo-2-5","paths.post.input.voice","River","103","1","2026-03-12 16:57:50"
"614","kie","elevenlabs/text-to-speech-turbo-2-5","https://docs.kie.ai/market/elevenlabs/text-to-speech-turbo-2-5.md","elevenlabs/text-to-speech-turbo-2-5","elevenlabs/text-to-speech-turbo-2-5","paths.post.input.voice","Roger","104","1","2026-03-12 16:57:50"
"615","kie","elevenlabs/text-to-speech-turbo-2-5","https://docs.kie.ai/market/elevenlabs/text-to-speech-turbo-2-5.md","elevenlabs/text-to-speech-turbo-2-5","elevenlabs/text-to-speech-turbo-2-5","paths.post.input.voice","ruirxsoakN0GWmGNIo04","105","1","2026-03-12 16:57:50"
"616","kie","elevenlabs/text-to-speech-turbo-2-5","https://docs.kie.ai/market/elevenlabs/text-to-speech-turbo-2-5.md","elevenlabs/text-to-speech-turbo-2-5","elevenlabs/text-to-speech-turbo-2-5","paths.post.input.voice","Sarah","106","1","2026-03-12 16:57:50"
"617","kie","elevenlabs/text-to-speech-turbo-2-5","https://docs.kie.ai/market/elevenlabs/text-to-speech-turbo-2-5.md","elevenlabs/text-to-speech-turbo-2-5","elevenlabs/text-to-speech-turbo-2-5","paths.post.input.voice","scOwDtmlUjD3prqpp97I","107","1","2026-03-12 16:57:50"
"618","kie","elevenlabs/text-to-speech-turbo-2-5","https://docs.kie.ai/market/elevenlabs/text-to-speech-turbo-2-5.md","elevenlabs/text-to-speech-turbo-2-5","elevenlabs/text-to-speech-turbo-2-5","paths.post.input.voice","sH0WdfE5fsKuM2otdQZr","108","1","2026-03-12 16:57:50"
"619","kie","elevenlabs/text-to-speech-turbo-2-5","https://docs.kie.ai/market/elevenlabs/text-to-speech-turbo-2-5.md","elevenlabs/text-to-speech-turbo-2-5","elevenlabs/text-to-speech-turbo-2-5","paths.post.input.voice","SOYHLrjzK2X1ezoPC6cr","109","1","2026-03-12 16:57:50"
"620","kie","elevenlabs/text-to-speech-turbo-2-5","https://docs.kie.ai/market/elevenlabs/text-to-speech-turbo-2-5.md","elevenlabs/text-to-speech-turbo-2-5","elevenlabs/text-to-speech-turbo-2-5","paths.post.input.voice","Sq93GQT4X1lKDXsQcixO","110","1","2026-03-12 16:57:50"
"621","kie","elevenlabs/text-to-speech-turbo-2-5","https://docs.kie.ai/market/elevenlabs/text-to-speech-turbo-2-5.md","elevenlabs/text-to-speech-turbo-2-5","elevenlabs/text-to-speech-turbo-2-5","paths.post.input.voice","st7NwhTPEzqo2riw7qWC","111","1","2026-03-12 16:57:50"
"622","kie","elevenlabs/text-to-speech-turbo-2-5","https://docs.kie.ai/market/elevenlabs/text-to-speech-turbo-2-5.md","elevenlabs/text-to-speech-turbo-2-5","elevenlabs/text-to-speech-turbo-2-5","paths.post.input.voice","TC0Zp7WVFzhA8zpTlRqV","112","1","2026-03-12 16:57:50"
"623","kie","elevenlabs/text-to-speech-turbo-2-5","https://docs.kie.ai/market/elevenlabs/text-to-speech-turbo-2-5.md","elevenlabs/text-to-speech-turbo-2-5","elevenlabs/text-to-speech-turbo-2-5","paths.post.input.voice","TmNe0cCqkZBMwPWOd3RD","113","1","2026-03-12 16:57:50"
"624","kie","elevenlabs/text-to-speech-turbo-2-5","https://docs.kie.ai/market/elevenlabs/text-to-speech-turbo-2-5.md","elevenlabs/text-to-speech-turbo-2-5","elevenlabs/text-to-speech-turbo-2-5","paths.post.input.voice","tnSpp4vdxKPjI9w0GnoV","114","1","2026-03-12 16:57:50"
"625","kie","elevenlabs/text-to-speech-turbo-2-5","https://docs.kie.ai/market/elevenlabs/text-to-speech-turbo-2-5.md","elevenlabs/text-to-speech-turbo-2-5","elevenlabs/text-to-speech-turbo-2-5","paths.post.input.voice","Tsns2HvNFKfGiNjllgqo","115","1","2026-03-12 16:57:50"
"626","kie","elevenlabs/text-to-speech-turbo-2-5","https://docs.kie.ai/market/elevenlabs/text-to-speech-turbo-2-5.md","elevenlabs/text-to-speech-turbo-2-5","elevenlabs/text-to-speech-turbo-2-5","paths.post.input.voice","TX3LPaxmHKxFdv7VOQHJ","116","1","2026-03-12 16:57:50"
"627","kie","elevenlabs/text-to-speech-turbo-2-5","https://docs.kie.ai/market/elevenlabs/text-to-speech-turbo-2-5.md","elevenlabs/text-to-speech-turbo-2-5","elevenlabs/text-to-speech-turbo-2-5","paths.post.input.voice","U1Vk2oyatMdYs096Ety7","117","1","2026-03-12 16:57:50"
"628","kie","elevenlabs/text-to-speech-turbo-2-5","https://docs.kie.ai/market/elevenlabs/text-to-speech-turbo-2-5.md","elevenlabs/text-to-speech-turbo-2-5","elevenlabs/text-to-speech-turbo-2-5","paths.post.input.voice","UFO0Yv86wqRxAt1DmXUu","118","1","2026-03-12 16:57:50"
"629","kie","elevenlabs/text-to-speech-turbo-2-5","https://docs.kie.ai/market/elevenlabs/text-to-speech-turbo-2-5.md","elevenlabs/text-to-speech-turbo-2-5","elevenlabs/text-to-speech-turbo-2-5","paths.post.input.voice","UgBBYS2sOqTuMpoF3BR0","119","1","2026-03-12 16:57:50"
"630","kie","elevenlabs/text-to-speech-turbo-2-5","https://docs.kie.ai/market/elevenlabs/text-to-speech-turbo-2-5.md","elevenlabs/text-to-speech-turbo-2-5","elevenlabs/text-to-speech-turbo-2-5","paths.post.input.voice","uYXf8XasLslADfZ2MB4u","120","1","2026-03-12 16:57:50"
"631","kie","elevenlabs/text-to-speech-turbo-2-5","https://docs.kie.ai/market/elevenlabs/text-to-speech-turbo-2-5.md","elevenlabs/text-to-speech-turbo-2-5","elevenlabs/text-to-speech-turbo-2-5","paths.post.input.voice","vBKc2FfBKJfcZNyEt1n6","121","1","2026-03-12 16:57:50"
"632","kie","elevenlabs/text-to-speech-turbo-2-5","https://docs.kie.ai/market/elevenlabs/text-to-speech-turbo-2-5.md","elevenlabs/text-to-speech-turbo-2-5","elevenlabs/text-to-speech-turbo-2-5","paths.post.input.voice","vfaqCOvlrKi4Zp7C2IAm","122","1","2026-03-12 16:57:50"
"633","kie","elevenlabs/text-to-speech-turbo-2-5","https://docs.kie.ai/market/elevenlabs/text-to-speech-turbo-2-5.md","elevenlabs/text-to-speech-turbo-2-5","elevenlabs/text-to-speech-turbo-2-5","paths.post.input.voice","Will","123","1","2026-03-12 16:57:50"
"634","kie","elevenlabs/text-to-speech-turbo-2-5","https://docs.kie.ai/market/elevenlabs/text-to-speech-turbo-2-5.md","elevenlabs/text-to-speech-turbo-2-5","elevenlabs/text-to-speech-turbo-2-5","paths.post.input.voice","wJqPPQ618aTW29mptyoc","124","1","2026-03-12 16:57:50"
"635","kie","elevenlabs/text-to-speech-turbo-2-5","https://docs.kie.ai/market/elevenlabs/text-to-speech-turbo-2-5.md","elevenlabs/text-to-speech-turbo-2-5","elevenlabs/text-to-speech-turbo-2-5","paths.post.input.voice","wo6udizrrtpIxWGp2qJk","125","1","2026-03-12 16:57:50"
"636","kie","elevenlabs/text-to-speech-turbo-2-5","https://docs.kie.ai/market/elevenlabs/text-to-speech-turbo-2-5.md","elevenlabs/text-to-speech-turbo-2-5","elevenlabs/text-to-speech-turbo-2-5","paths.post.input.voice","x70vRnQBMBu4FAYhjJbO","126","1","2026-03-12 16:57:50"
"637","kie","elevenlabs/text-to-speech-turbo-2-5","https://docs.kie.ai/market/elevenlabs/text-to-speech-turbo-2-5.md","elevenlabs/text-to-speech-turbo-2-5","elevenlabs/text-to-speech-turbo-2-5","paths.post.input.voice","XB0fDUnXU5powFXDhCwa","127","1","2026-03-12 16:57:50"
"638","kie","elevenlabs/text-to-speech-turbo-2-5","https://docs.kie.ai/market/elevenlabs/text-to-speech-turbo-2-5.md","elevenlabs/text-to-speech-turbo-2-5","elevenlabs/text-to-speech-turbo-2-5","paths.post.input.voice","yjJ45q8TVCrtMhEKurxY","128","1","2026-03-12 16:57:50"
"639","kie","elevenlabs/text-to-speech-turbo-2-5","https://docs.kie.ai/market/elevenlabs/text-to-speech-turbo-2-5.md","elevenlabs/text-to-speech-turbo-2-5","elevenlabs/text-to-speech-turbo-2-5","paths.post.input.voice","YOq2y2Up4RgXP2HyXjE5","129","1","2026-03-12 16:57:50"
"640","kie","elevenlabs/text-to-speech-turbo-2-5","https://docs.kie.ai/market/elevenlabs/text-to-speech-turbo-2-5.md","elevenlabs/text-to-speech-turbo-2-5","elevenlabs/text-to-speech-turbo-2-5","paths.post.input.voice","YXpFCvM1S3JbWEJhoskW","130","1","2026-03-12 16:57:50"
"641","kie","elevenlabs/text-to-speech-turbo-2-5","https://docs.kie.ai/market/elevenlabs/text-to-speech-turbo-2-5.md","elevenlabs/text-to-speech-turbo-2-5","elevenlabs/text-to-speech-turbo-2-5","paths.post.input.voice","Z3R5wn05IrDiVCyEkUrK","131","1","2026-03-12 16:57:50"
"642","kie","elevenlabs/text-to-speech-turbo-2-5","https://docs.kie.ai/market/elevenlabs/text-to-speech-turbo-2-5.md","elevenlabs/text-to-speech-turbo-2-5","elevenlabs/text-to-speech-turbo-2-5","paths.post.input.voice","zA6D7RyKdc2EClouEMkP","132","1","2026-03-12 16:57:50"
"643","kie","elevenlabs/text-to-speech-turbo-2-5","https://docs.kie.ai/market/elevenlabs/text-to-speech-turbo-2-5.md","elevenlabs/text-to-speech-turbo-2-5","elevenlabs/text-to-speech-turbo-2-5","paths.post.input.voice","ZF6FPAbjXT4488VcRRnw","133","1","2026-03-12 16:57:50"
"644","kie","elevenlabs/text-to-speech-turbo-2-5","https://docs.kie.ai/market/elevenlabs/text-to-speech-turbo-2-5.md","elevenlabs/text-to-speech-turbo-2-5","elevenlabs/text-to-speech-turbo-2-5","paths.post.input.voice","zYcjlYFOd3taleS0gkk3","134","1","2026-03-12 16:57:50"
"645","kie","Bytedance - V1 Lite Image to Video","https://docs.kie.ai/market/bytedance/v1-lite-image-to-video.md","bytedance/v1-lite-image-to-video","bytedance/v1-lite-image-to-video","paths.post.model","bytedance/v1-lite-image-to-video","1","1","2026-03-12 16:57:50"
"646","kie","Bytedance - V1 Lite Text to Video","https://docs.kie.ai/market/bytedance/v1-lite-text-to-video.md","bytedance/v1-lite-text-to-video","bytedance/v1-lite-text-to-video","paths.post.model","bytedance/v1-lite-text-to-video","1","1","2026-03-12 16:57:50"
"647","kie","Bytedance - V1 Pro Text to Video","https://docs.kie.ai/market/bytedance/v1-pro-text-to-video.md","bytedance/v1-pro-text-to-video","bytedance/v1-pro-text-to-video","paths.post.model","bytedance/v1-pro-text-to-video","1","1","2026-03-12 16:57:50"
"648","kie","Bytedance Seedance 1.5 Pro","https://docs.kie.ai/market/bytedance/seedance-1-5-pro.md","bytedance/seedance-1-5-pro","bytedance/seedance-1.5-pro","paths.post.model","bytedance/seedance-1.5-pro","1","1","2026-03-12 16:57:50"
"649","kie","Bytedance V1 Pro Fast Image to Video","https://docs.kie.ai/market/bytedance/v1-pro-fast-image-to-video.md","bytedance/v1-pro-fast-image-to-video","bytedance/v1-pro-fast-image-to-video","paths.post.model","bytedance/v1-pro-fast-image-to-video","1","1","2026-03-12 16:57:50"
"650","kie","Bytedance V1 Pro Image to Video","https://docs.kie.ai/market/bytedance/v1-pro-image-to-video.md","bytedance/v1-pro-image-to-video","bytedance/v1-pro-image-to-video","paths.post.model","bytedance/v1-pro-image-to-video","1","1","2026-03-12 16:57:50"
"651","kie","elevenlabs/audio-isolation","https://docs.kie.ai/market/elevenlabs/audio-isolation.md","elevenlabs/audio-isolation","elevenlabs/audio-isolation","paths.post.model","elevenlabs/audio-isolation","1","1","2026-03-12 16:57:50"
"652","kie","elevenlabs/speech-to-text","https://docs.kie.ai/market/elevenlabs/speech-to-text.md","elevenlabs/speech-to-text","elevenlabs/speech-to-text","paths.post.model","elevenlabs/speech-to-text","1","1","2026-03-12 16:57:50"
"653","kie","elevenlabs/text-to-speech-multilingual-v2","https://docs.kie.ai/market/elevenlabs/text-to-speech-multilingual-v2.md","elevenlabs/text-to-speech-multilingual-v2","elevenlabs/text-to-speech-multilingual-v2","paths.post.model","elevenlabs/text-to-speech-multilingual-v2","1","1","2026-03-12 16:57:50"
"654","kie","elevenlabs/text-to-speech-turbo-2-5","https://docs.kie.ai/market/elevenlabs/text-to-speech-turbo-2-5.md","elevenlabs/text-to-speech-turbo-2-5","elevenlabs/text-to-speech-turbo-2-5","paths.post.model","elevenlabs/text-to-speech-turbo-2-5","1","1","2026-03-12 16:57:50"
"655","kie","Flux-2 - Image to Image","https://docs.kie.ai/market/flux2/flex-image-to-image.md","flux2/flex-image-to-image","flux-2/flex-image-to-image","paths.post.model","flux-2/flex-image-to-image","1","1","2026-03-12 16:57:50"
"656","kie","Flux-2 - Pro Image to Image","https://docs.kie.ai/market/flux2/pro-image-to-image.md","flux2/pro-image-to-image","flux-2/pro-image-to-image","paths.post.model","flux-2/pro-image-to-image","1","1","2026-03-12 16:57:50"
"657","kie","Flux-2 - Pro Text to Image","https://docs.kie.ai/market/flux2/pro-text-to-image.md","flux2/pro-text-to-image","flux-2/pro-text-to-image","paths.post.model","flux-2/pro-text-to-image","1","1","2026-03-12 16:57:50"
"658","kie","Flux-2 - Text to Image","https://docs.kie.ai/market/flux2/flex-text-to-image.md","flux2/flex-text-to-image","flux-2/flex-text-to-image","paths.post.model","flux-2/flex-text-to-image","1","1","2026-03-12 16:57:50"
"659","kie","Generate or Edit Image","https://docs.kie.ai/flux-kontext-api/generate-or-edit-image.md","flux-kontext-api/generate-or-edit-image","flux-kontext-max; flux-kontext-pro","paths.post.model","flux-kontext-max","1","1","2026-03-12 16:57:50"
"660","kie","Generate or Edit Image","https://docs.kie.ai/flux-kontext-api/generate-or-edit-image.md","flux-kontext-api/generate-or-edit-image","flux-kontext-max; flux-kontext-pro","paths.post.model","flux-kontext-pro","2","1","2026-03-12 16:57:50"
"661","kie","Google - imagen4","https://docs.kie.ai/market/google/imagen4.md","google/imagen4","google/imagen4","paths.post.model","google/imagen4","1","1","2026-03-12 16:57:50"
"662","kie","Google - imagen4-fast","https://docs.kie.ai/market/google/imagen4-fast.md","google/imagen4-fast","google/imagen4-fast","paths.post.model","google/imagen4-fast","1","1","2026-03-12 16:57:50"
"663","kie","Google - imagen4-ultra","https://docs.kie.ai/market/google/imagen4-ultra.md","google/imagen4-ultra","google/imagen4-ultra","paths.post.model","google/imagen4-ultra","1","1","2026-03-12 16:57:50"
"664","kie","GPT Image-1.5 - Image to Image","https://docs.kie.ai/market/gpt-image/1-5-image-to-image.md","gpt-image/1-5-image-to-image","gpt-image/1.5-image-to-image","paths.post.model","gpt-image/1.5-image-to-image","1","1","2026-03-12 16:57:50"
"665","kie","GPT Image-1.5 - Text to Image","https://docs.kie.ai/market/gpt-image/1-5-text-to-image.md","gpt-image/1-5-text-to-image","gpt-image/1.5-text-to-image","paths.post.model","gpt-image/1.5-text-to-image","1","1","2026-03-12 16:57:50"
"666","kie","Grok Imagine - image to image","https://docs.kie.ai/market/grok-imagine/image-to-image.md","grok-imagine/image-to-image","grok-imagine/image-to-image","paths.post.model","grok-imagine/image-to-image","1","1","2026-03-12 16:57:50"
"667","kie","Grok Imagine - Text to Image","https://docs.kie.ai/market/grok-imagine/text-to-image.md","grok-imagine/text-to-image","grok-imagine/text-to-image","paths.post.model","grok-imagine/text-to-image","1","1","2026-03-12 16:57:50"
"668","kie","Grok Imagine - Video Upscale","https://docs.kie.ai/market/grok-imagine/upscale.md","grok-imagine/upscale","grok-imagine/upscale","paths.post.model","grok-imagine/upscale","1","1","2026-03-12 16:57:50"
"669","kie","Grok Imagine Image to Video","https://docs.kie.ai/market/grok-imagine/image-to-video.md","grok-imagine/image-to-video","grok-imagine/image-to-video","paths.post.model","grok-imagine/image-to-video","1","1","2026-03-12 16:57:50"
"670","kie","Grok Imagine Text to Video","https://docs.kie.ai/market/grok-imagine/text-to-video.md","grok-imagine/text-to-video","grok-imagine/text-to-video","paths.post.model","grok-imagine/text-to-video","1","1","2026-03-12 16:57:50"
"671","kie","Hailuo 2.3 Pro Image to Video","https://docs.kie.ai/market/hailuo/2-3-image-to-video-pro.md","hailuo/2-3-image-to-video-pro","hailuo/2-3-image-to-video-pro","paths.post.model","hailuo/2-3-image-to-video-pro","1","1","2026-03-12 16:57:50"
"672","kie","Hailuo 2.3 Standard Image to Video","https://docs.kie.ai/market/hailuo/2-3-image-to-video-standard.md","hailuo/2-3-image-to-video-standard","hailuo/2-3-image-to-video-standard","paths.post.model","hailuo/2-3-image-to-video-standard","1","1","2026-03-12 16:57:50"
"673","kie","Hailuo Pro Image to Video","https://docs.kie.ai/market/hailuo/02-image-to-video-pro.md","hailuo/02-image-to-video-pro","hailuo/02-image-to-video-pro","paths.post.model","hailuo/02-image-to-video-pro","1","1","2026-03-12 16:57:50"
"674","kie","Hailuo Pro Text to Video","https://docs.kie.ai/market/hailuo/02-text-to-video-pro.md","hailuo/02-text-to-video-pro","hailuo/02-text-to-video-pro","paths.post.model","hailuo/02-text-to-video-pro","1","1","2026-03-12 16:57:50"
"675","kie","Hailuo Standard Image to Video","https://docs.kie.ai/market/hailuo/02-image-to-video-standard.md","hailuo/02-image-to-video-standard","hailuo/02-image-to-video-standard","paths.post.model","hailuo/02-image-to-video-standard","1","1","2026-03-12 16:57:50"
"676","kie","Hailuo Standard Text to Video","https://docs.kie.ai/market/hailuo/02-text-to-video-standard.md","hailuo/02-text-to-video-standard","hailuo/02-text-to-video-standard","paths.post.model","hailuo/02-text-to-video-standard","1","1","2026-03-12 16:57:50"
"677","kie","Ideogram - Character","https://docs.kie.ai/market/ideogram/character.md","ideogram/character","ideogram/character","paths.post.model","ideogram/character","1","1","2026-03-12 16:57:50"
"678","kie","Ideogram - Character Edit","https://docs.kie.ai/market/ideogram/character-edit.md","ideogram/character-edit","ideogram/character-edit","paths.post.model","ideogram/character-edit","1","1","2026-03-12 16:57:50"
"679","kie","Ideogram - Character Remix","https://docs.kie.ai/market/ideogram/character-remix.md","ideogram/character-remix","ideogram/character-remix","paths.post.model","ideogram/character-remix","1","1","2026-03-12 16:57:50"
"680","kie","Ideogram - V3 Reframe","https://docs.kie.ai/market/ideogram/v3-reframe.md","ideogram/v3-reframe","ideogram/v3-reframe","paths.post.model","ideogram/v3-reframe","1","1","2026-03-12 16:57:50"
"681","kie","Infinitalk - From Audio","https://docs.kie.ai/market/infinitalk/from-audio.md","infinitalk/from-audio","infinitalk/from-audio","paths.post.model","infinitalk/from-audio","1","1","2026-03-12 16:57:50"
"682","kie","Kling - V2.5 Turbo Image to Video Pro","https://docs.kie.ai/market/kling/v25-turbo-image-to-video-pro.md","kling/v25-turbo-image-to-video-pro","kling/v2-1-master-image-to-video","paths.post.model","kling/v2-1-master-image-to-video","1","1","2026-03-12 16:57:50"
"683","kie","Kling - V2.5 Turbo Text to Video Pro","https://docs.kie.ai/market/kling/v25-turbo-text-to-video-pro.md","kling/v25-turbo-text-to-video-pro","kling/v2-5-turbo-text-to-video-pro","paths.post.model","kling/v2-5-turbo-text-to-video-pro","1","1","2026-03-12 16:57:50"
"684","kie","Kling 2.6 Image to Video","https://docs.kie.ai/market/kling/image-to-video.md","kling/image-to-video","kling-2.6/image-to-video","paths.post.model","kling-2.6/image-to-video","1","1","2026-03-12 16:57:50"
"685","kie","Kling 2.6 motion-control","https://docs.kie.ai/market/kling/motion-control.md","kling/motion-control","kling-2.6/motion-control","paths.post.model","kling-2.6/motion-control","1","1","2026-03-12 16:57:50"
"686","kie","Kling 2.6 Text to Video","https://docs.kie.ai/market/kling/text-to-video.md","kling/text-to-video","kling-2.6/text-to-video","paths.post.model","kling-2.6/text-to-video","1","1","2026-03-12 16:57:50"
"687","kie","Kling 3.0","https://docs.kie.ai/market/kling/kling-3-0.md","kling/kling-3-0","kling-3.0/video","paths.post.model","kling-3.0/video","1","1","2026-03-12 16:57:50"
"688","kie","Kling AI Avatar Pro","https://docs.kie.ai/market/kling/ai-avatar-pro.md","kling/ai-avatar-pro","kling/ai-avatar-pro","paths.post.model","kling/ai-avatar-pro","1","1","2026-03-12 16:57:50"
"689","kie","Kling AI Avatar Standard","https://docs.kie.ai/market/kling/ai-avatar-standard.md","kling/ai-avatar-standard","kling/ai-avatar-standard","paths.post.model","kling/ai-avatar-standard","1","1","2026-03-12 16:57:50"
"690","kie","Kling V2.1 Master Image to Video","https://docs.kie.ai/market/kling/v2-1-master-image-to-video.md","kling/v2-1-master-image-to-video","kling/v2-1-master-image-to-video","paths.post.model","kling/v2-1-master-image-to-video","1","1","2026-03-12 16:57:50"
"691","kie","Kling V2.1 Master Text to Video","https://docs.kie.ai/market/kling/v2-1-master-text-to-video.md","kling/v2-1-master-text-to-video","kling/v2-1-master-text-to-video","paths.post.model","kling/v2-1-master-text-to-video","1","1","2026-03-12 16:57:50"
"692","kie","Kling V2.1 Pro","https://docs.kie.ai/market/kling/v2-1-pro.md","kling/v2-1-pro","kling/v2-1-pro","paths.post.model","kling/v2-1-pro","1","1","2026-03-12 16:57:50"
"693","kie","Kling V2.1 Standard","https://docs.kie.ai/market/kling/v2-1-standard.md","kling/v2-1-standard","kling/v2-1-standard","paths.post.model","kling/v2-1-standard","1","1","2026-03-12 16:57:50"
"694","kie","Qwen - Image Edit","https://docs.kie.ai/market/qwen/image-edit.md","qwen/image-edit","qwen/image-edit","paths.post.model","qwen/image-edit","1","1","2026-03-12 16:57:50"
"695","kie","Qwen - Image to Image","https://docs.kie.ai/market/qwen/image-to-image.md","qwen/image-to-image","qwen/image-to-image","paths.post.model","qwen/image-to-image","1","1","2026-03-12 16:57:50"
"696","kie","Qwen - Text to Image","https://docs.kie.ai/market/qwen/text-to-image.md","qwen/text-to-image","qwen/text-to-image","paths.post.model","qwen/text-to-image","1","1","2026-03-12 16:57:50"
"697","kie","Recraft - Crisp Upscale","https://docs.kie.ai/market/recraft/crisp-upscale.md","recraft/crisp-upscale","recraft/crisp-upscale","paths.post.model","recraft/crisp-upscale","1","1","2026-03-12 16:57:50"
"698","kie","Recraft - Remove Background","https://docs.kie.ai/market/recraft/remove-background.md","recraft/remove-background","recraft/remove-background","paths.post.model","recraft/remove-background","1","1","2026-03-12 16:57:50"
"699","kie","Seedream3.0 - Text to Image","https://docs.kie.ai/market/seedream/seedream.md","seedream/seedream","bytedance/seedream","paths.post.model","bytedance/seedream","1","1","2026-03-12 16:57:50"
"700","kie","Seedream4.0 - Edit","https://docs.kie.ai/market/seedream/seedream-v4-edit.md","seedream/seedream-v4-edit","bytedance/seedream-v4-edit","paths.post.model","bytedance/seedream-v4-edit","1","1","2026-03-12 16:57:50"
"701","kie","Seedream4.0 - Text to Image","https://docs.kie.ai/market/seedream/seedream-v4-text-to-image.md","seedream/seedream-v4-text-to-image","bytedance/seedream-v4-text-to-image","paths.post.model","bytedance/seedream-v4-text-to-image","1","1","2026-03-12 16:57:50"
"702","kie","Seedream4.5 - Edit","https://docs.kie.ai/market/seedream/4-5-edit.md","seedream/4-5-edit","seedream/4.5-edit","paths.post.model","seedream/4.5-edit","1","1","2026-03-12 16:57:50"
"703","kie","Seedream4.5 - Text to Image","https://docs.kie.ai/market/seedream/4-5-text-to-image.md","seedream/4-5-text-to-image","seedream/4.5-text-to-image","paths.post.model","seedream/4.5-text-to-image","1","1","2026-03-12 16:57:50"
"704","kie","Sora2 - Characters","https://docs.kie.ai/market/sora2/sora-2-characters.md","sora2/sora-2-characters","sora-2-characters","paths.post.model","sora-2-characters","1","1","2026-03-12 16:57:50"
"705","kie","Sora2 - Characters Pro","https://docs.kie.ai/market/sora2/sora-2-characters-pro.md","sora2/sora-2-characters-pro","sora-2-characters-pro","paths.post.model","sora-2-characters-pro","1","1","2026-03-12 16:57:50"
"706","kie","Sora2 - Image to Video","https://docs.kie.ai/market/sora2/sora-2-image-to-video.md","sora2/sora-2-image-to-video","sora-2-image-to-video","paths.post.model","sora-2-image-to-video","1","1","2026-03-12 16:57:50"
"707","kie","Sora2 - Pro Image to Video","https://docs.kie.ai/market/sora2/sora-2-pro-image-to-video.md","sora2/sora-2-pro-image-to-video","sora-2-pro-image-to-video","paths.post.model","sora-2-pro-image-to-video","1","1","2026-03-12 16:57:50"
"708","kie","Sora2 - Pro Storyboard","https://docs.kie.ai/market/sora-2-pro-storyboard.md","sora-2-pro-storyboard","sora-2-pro-storyboard","paths.post.model","sora-2-pro-storyboard","1","1","2026-03-12 16:57:50"
"709","kie","Sora2 - Pro Text to Video","https://docs.kie.ai/market/sora2/sora-2-pro-text-to-video.md","sora2/sora-2-pro-text-to-video","sora-2-pro-text-to-video","paths.post.model","sora-2-pro-text-to-video","1","1","2026-03-12 16:57:50"
"710","kie","Sora2 - Text to Video","https://docs.kie.ai/market/sora2/sora-2-text-to-video.md","sora2/sora-2-text-to-video","sora-2-text-to-video","paths.post.model","sora-2-text-to-video","1","1","2026-03-12 16:57:50"
"711","kie","Sora2 - Watermark Remover","https://docs.kie.ai/market/sora2/sora-watermark-remover.md","sora2/sora-watermark-remover","sora-watermark-remover","paths.post.model","sora-watermark-remover","1","1","2026-03-12 16:57:50"
"712","kie","Topaz - Image Upscale","https://docs.kie.ai/market/topaz/image-upscale.md","topaz/image-upscale","topaz/image-upscale","paths.post.model","topaz/image-upscale","1","1","2026-03-12 16:57:50"
"713","kie","Topaz - Video Upscale","https://docs.kie.ai/market/topaz/video-upscale.md","topaz/video-upscale","topaz/video-upscale","paths.post.model","topaz/video-upscale","1","1","2026-03-12 16:57:50"
"714","kie","Wan - 2.2 A14B Speech to Video Turbo","https://docs.kie.ai/market/wan/2-2-a14b-speech-to-video-turbo.md","wan/2-2-a14b-speech-to-video-turbo","wan/2-2-a14b-speech-to-video-turbo","paths.post.model","wan/2-2-a14b-speech-to-video-turbo","1","1","2026-03-12 16:57:50"
"715","kie","Wan - 2.6-flash-image-to-video","https://docs.kie.ai/market/wan/2-6-flash-image-to-video.md","wan/2-6-flash-image-to-video","wan/2-6-flash-image-to-video","paths.post.model","wan/2-6-flash-image-to-video","1","1","2026-03-12 16:57:50"
"716","kie","Wan - 2-6-flash-video-to-video","https://docs.kie.ai/market/wan/2-6-flash-video-to-video.md","wan/2-6-flash-video-to-video","wan/2-6-flash-video-to-video","paths.post.model","wan/2-6-flash-video-to-video","1","1","2026-03-12 16:57:50"
"717","kie","Wan - Animate Move","https://docs.kie.ai/market/wan/2-2-animate-move.md","wan/2-2-animate-move","wan/2-2-animate-move","paths.post.model","wan/2-2-animate-move","1","1","2026-03-12 16:57:50"
"718","kie","Wan - Animate Replace","https://docs.kie.ai/market/wan/2-2-animate-replace.md","wan/2-2-animate-replace","wan/2-2-animate-replace","paths.post.model","wan/2-2-animate-replace","1","1","2026-03-12 16:57:50"
"719","kie","Wan - Image to Video","https://docs.kie.ai/market/wan/2-2-a14b-image-to-video-turbo.md","wan/2-2-a14b-image-to-video-turbo","wan/2-2-a14b-image-to-video-turbo","paths.post.model","wan/2-2-a14b-image-to-video-turbo","1","1","2026-03-12 16:57:50"
"720","kie","Wan - Text to Video","https://docs.kie.ai/market/wan/2-2-a14b-text-to-video-turbo.md","wan/2-2-a14b-text-to-video-turbo","wan/2-2-a14b-text-to-video-turbo","paths.post.model","wan/2-2-a14b-text-to-video-turbo","1","1","2026-03-12 16:57:50"
"721","kie","Wan 2.6 - Image to Video","https://docs.kie.ai/market/wan/2-6-image-to-video.md","wan/2-6-image-to-video","wan/2-6-image-to-video","paths.post.model","wan/2-6-image-to-video","1","1","2026-03-12 16:57:50"
"722","kie","Wan 2.6 - Text to Video","https://docs.kie.ai/market/wan/2-6-text-to-video.md","wan/2-6-text-to-video","wan/2-6-text-to-video","paths.post.model","wan/2-6-text-to-video","1","1","2026-03-12 16:57:50"
"723","kie","Wan 2.6 - Video to Video","https://docs.kie.ai/market/wan/2-6-video-to-video.md","wan/2-6-video-to-video","wan/2-6-video-to-video","paths.post.model","wan/2-6-video-to-video","1","1","2026-03-12 16:57:50"
"724","kie","Z-Image","https://docs.kie.ai/market/z-image/z-image.md","z-image/z-image","z-image","paths.post.model","z-image","1","1","2026-03-12 16:57:50"
"725","kie","Claude Opus 4.5","https://docs.kie.ai/market/claude/claude-opus-4-5.md","claude/claude-opus-4-5","","paths.post.reasoning_effort","high","1","1","2026-03-12 16:57:50"
"726","kie","Claude Opus 4.5","https://docs.kie.ai/market/claude/claude-opus-4-5.md","claude/claude-opus-4-5","","paths.post.reasoning_effort","low","2","1","2026-03-12 16:57:50"
"727","kie","Claude Sonnet 4.5","https://docs.kie.ai/market/claude/claude-sonnet-4-5.md","claude/claude-sonnet-4-5","","paths.post.reasoning_effort","high","1","1","2026-03-12 16:57:50"
"728","kie","Claude Sonnet 4.5","https://docs.kie.ai/market/claude/claude-sonnet-4-5.md","claude/claude-sonnet-4-5","","paths.post.reasoning_effort","low","2","1","2026-03-12 16:57:50"
"729","kie","Gemini  2.5 Pro","https://docs.kie.ai/market/gemini/gemini-2-5-pro.md","gemini/gemini-2-5-pro","","paths.post.reasoning_effort","high","1","1","2026-03-12 16:57:50"
"730","kie","Gemini  2.5 Pro","https://docs.kie.ai/market/gemini/gemini-2-5-pro.md","gemini/gemini-2-5-pro","","paths.post.reasoning_effort","low","2","1","2026-03-12 16:57:50"
"731","kie","Gemini 3 Pro","https://docs.kie.ai/market/gemini/gemini-3-pro.md","gemini/gemini-3-pro","","paths.post.reasoning_effort","high","1","1","2026-03-12 16:57:50"
"732","kie","Gemini 3 Pro","https://docs.kie.ai/market/gemini/gemini-3-pro.md","gemini/gemini-3-pro","","paths.post.reasoning_effort","low","2","1","2026-03-12 16:57:50"
"733","kie","GPT-5-2","https://docs.kie.ai/market/chat/gpt-5-2.md","chat/gpt-5-2","","paths.post.reasoning_effort","high","1","1","2026-03-12 16:57:50"
"734","kie","GPT-5-2","https://docs.kie.ai/market/chat/gpt-5-2.md","chat/gpt-5-2","","paths.post.reasoning_effort","low","2","1","2026-03-12 16:57:50"
