provider,model_title,model_url,model_key_inferred,source_field,source_enum_value,standard_dimension,standard_value,confidence,note
kie,Generate 4o Image,https://docs.kie.ai/4o-image-api/generate-4-o-image.md,4o-image-api/generate-4-o-image,paths.post.input.size,3:2,ASPECT_RATIO,16:9,MEDIUM,std_to_api:nearest_ratio
kie,Generate 4o Image,https://docs.kie.ai/4o-image-api/generate-4-o-image.md,4o-image-api/generate-4-o-image,paths.post.input.size,1:1,ASPECT_RATIO,1:1,HIGH,std_to_api:exact
kie,Generate 4o Image,https://docs.kie.ai/4o-image-api/generate-4-o-image.md,4o-image-api/generate-4-o-image,paths.post.input.size,3:2,ASPECT_RATIO,21:9,MEDIUM,std_to_api:nearest_ratio
kie,Generate 4o Image,https://docs.kie.ai/4o-image-api/generate-4-o-image.md,4o-image-api/generate-4-o-image,paths.post.input.size,2:3,ASPECT_RATIO,2:3,HIGH,std_to_api:exact
kie,Generate 4o Image,https://docs.kie.ai/4o-image-api/generate-4-o-image.md,4o-image-api/generate-4-o-image,paths.post.input.size,3:2,ASPECT_RATIO,3:2,HIGH,std_to_api:exact
kie,Generate 4o Image,https://docs.kie.ai/4o-image-api/generate-4-o-image.md,4o-image-api/generate-4-o-image,paths.post.input.size,2:3,ASPECT_RATIO,3:4,MEDIUM,std_to_api:nearest_ratio
kie,Generate 4o Image,https://docs.kie.ai/4o-image-api/generate-4-o-image.md,4o-image-api/generate-4-o-image,paths.post.input.size,3:2,ASPECT_RATIO,4:3,MEDIUM,std_to_api:nearest_ratio
kie,Generate 4o Image,https://docs.kie.ai/4o-image-api/generate-4-o-image.md,4o-image-api/generate-4-o-image,paths.post.input.size,2:3,ASPECT_RATIO,9:16,MEDIUM,std_to_api:nearest_ratio
kie,Generate 4o Image,https://docs.kie.ai/4o-image-api/generate-4-o-image.md,4o-image-api/generate-4-o-image,paths.post.input.size,2:3,ASPECT_RATIO,9:21,MEDIUM,std_to_api:nearest_ratio
kie,Generate 4o Image,https://docs.kie.ai/4o-image-api/generate-4-o-image.md,4o-image-api/generate-4-o-image,paths.post.input.size,1:1,ASPECT_RATIO,AUTO,LOW,std_to_api:fallback_baseline
kie,Bytedance Seedance 1.5 Pro,https://docs.kie.ai/market/bytedance/seedance-1-5-pro.md,bytedance/seedance-1-5-pro,paths.post.input.aspect_ratio,16:9,ASPECT_RATIO,16:9,HIGH,std_to_api:exact
kie,Bytedance Seedance 1.5 Pro,https://docs.kie.ai/market/bytedance/seedance-1-5-pro.md,bytedance/seedance-1-5-pro,paths.post.input.aspect_ratio,1:1,ASPECT_RATIO,1:1,HIGH,std_to_api:exact
kie,Bytedance Seedance 1.5 Pro,https://docs.kie.ai/market/bytedance/seedance-1-5-pro.md,bytedance/seedance-1-5-pro,paths.post.input.aspect_ratio,21:9,ASPECT_RATIO,21:9,HIGH,std_to_api:exact
kie,Bytedance Seedance 1.5 Pro,https://docs.kie.ai/market/bytedance/seedance-1-5-pro.md,bytedance/seedance-1-5-pro,paths.post.input.aspect_ratio,3:4,ASPECT_RATIO,2:3,MEDIUM,std_to_api:nearest_ratio
kie,Bytedance Seedance 1.5 Pro,https://docs.kie.ai/market/bytedance/seedance-1-5-pro.md,bytedance/seedance-1-5-pro,paths.post.input.aspect_ratio,4:3,ASPECT_RATIO,3:2,MEDIUM,std_to_api:nearest_ratio
kie,Bytedance Seedance 1.5 Pro,https://docs.kie.ai/market/bytedance/seedance-1-5-pro.md,bytedance/seedance-1-5-pro,paths.post.input.aspect_ratio,3:4,ASPECT_RATIO,3:4,HIGH,std_to_api:exact
kie,Bytedance Seedance 1.5 Pro,https://docs.kie.ai/market/bytedance/seedance-1-5-pro.md,bytedance/seedance-1-5-pro,paths.post.input.aspect_ratio,4:3,ASPECT_RATIO,4:3,HIGH,std_to_api:exact
kie,Bytedance Seedance 1.5 Pro,https://docs.kie.ai/market/bytedance/seedance-1-5-pro.md,bytedance/seedance-1-5-pro,paths.post.input.aspect_ratio,9:16,ASPECT_RATIO,9:16,HIGH,std_to_api:exact
kie,Bytedance Seedance 1.5 Pro,https://docs.kie.ai/market/bytedance/seedance-1-5-pro.md,bytedance/seedance-1-5-pro,paths.post.input.aspect_ratio,9:16,ASPECT_RATIO,9:21,MEDIUM,std_to_api:nearest_ratio
kie,Bytedance Seedance 1.5 Pro,https://docs.kie.ai/market/bytedance/seedance-1-5-pro.md,bytedance/seedance-1-5-pro,paths.post.input.aspect_ratio,1:1,ASPECT_RATIO,AUTO,LOW,std_to_api:fallback_baseline
kie,Bytedance - V1 Lite Text to Video,https://docs.kie.ai/market/bytedance/v1-lite-text-to-video.md,bytedance/v1-lite-text-to-video,paths.post.input.aspect_ratio,16:9,ASPECT_RATIO,16:9,HIGH,std_to_api:exact
kie,Bytedance - V1 Lite Text to Video,https://docs.kie.ai/market/bytedance/v1-lite-text-to-video.md,bytedance/v1-lite-text-to-video,paths.post.input.aspect_ratio,1:1,ASPECT_RATIO,1:1,HIGH,std_to_api:exact
kie,Bytedance - V1 Lite Text to Video,https://docs.kie.ai/market/bytedance/v1-lite-text-to-video.md,bytedance/v1-lite-text-to-video,paths.post.input.aspect_ratio,16:9,ASPECT_RATIO,21:9,MEDIUM,std_to_api:nearest_ratio
kie,Bytedance - V1 Lite Text to Video,https://docs.kie.ai/market/bytedance/v1-lite-text-to-video.md,bytedance/v1-lite-text-to-video,paths.post.input.aspect_ratio,3:4,ASPECT_RATIO,2:3,MEDIUM,std_to_api:nearest_ratio
kie,Bytedance - V1 Lite Text to Video,https://docs.kie.ai/market/bytedance/v1-lite-text-to-video.md,bytedance/v1-lite-text-to-video,paths.post.input.aspect_ratio,4:3,ASPECT_RATIO,3:2,MEDIUM,std_to_api:nearest_ratio
kie,Bytedance - V1 Lite Text to Video,https://docs.kie.ai/market/bytedance/v1-lite-text-to-video.md,bytedance/v1-lite-text-to-video,paths.post.input.aspect_ratio,3:4,ASPECT_RATIO,3:4,HIGH,std_to_api:exact
kie,Bytedance - V1 Lite Text to Video,https://docs.kie.ai/market/bytedance/v1-lite-text-to-video.md,bytedance/v1-lite-text-to-video,paths.post.input.aspect_ratio,4:3,ASPECT_RATIO,4:3,HIGH,std_to_api:exact
kie,Bytedance - V1 Lite Text to Video,https://docs.kie.ai/market/bytedance/v1-lite-text-to-video.md,bytedance/v1-lite-text-to-video,paths.post.input.aspect_ratio,9:16,ASPECT_RATIO,9:16,HIGH,std_to_api:exact
kie,Bytedance - V1 Lite Text to Video,https://docs.kie.ai/market/bytedance/v1-lite-text-to-video.md,bytedance/v1-lite-text-to-video,paths.post.input.aspect_ratio,9:21,ASPECT_RATIO,9:21,HIGH,std_to_api:exact
kie,Bytedance - V1 Lite Text to Video,https://docs.kie.ai/market/bytedance/v1-lite-text-to-video.md,bytedance/v1-lite-text-to-video,paths.post.input.aspect_ratio,1:1,ASPECT_RATIO,AUTO,LOW,std_to_api:fallback_baseline
kie,Bytedance - V1 Pro Text to Video,https://docs.kie.ai/market/bytedance/v1-pro-text-to-video.md,bytedance/v1-pro-text-to-video,paths.post.input.aspect_ratio,16:9,ASPECT_RATIO,16:9,HIGH,std_to_api:exact
kie,Bytedance - V1 Pro Text to Video,https://docs.kie.ai/market/bytedance/v1-pro-text-to-video.md,bytedance/v1-pro-text-to-video,paths.post.input.aspect_ratio,1:1,ASPECT_RATIO,1:1,HIGH,std_to_api:exact
kie,Bytedance - V1 Pro Text to Video,https://docs.kie.ai/market/bytedance/v1-pro-text-to-video.md,bytedance/v1-pro-text-to-video,paths.post.input.aspect_ratio,21:9,ASPECT_RATIO,21:9,HIGH,std_to_api:exact
kie,Bytedance - V1 Pro Text to Video,https://docs.kie.ai/market/bytedance/v1-pro-text-to-video.md,bytedance/v1-pro-text-to-video,paths.post.input.aspect_ratio,3:4,ASPECT_RATIO,2:3,MEDIUM,std_to_api:nearest_ratio
kie,Bytedance - V1 Pro Text to Video,https://docs.kie.ai/market/bytedance/v1-pro-text-to-video.md,bytedance/v1-pro-text-to-video,paths.post.input.aspect_ratio,4:3,ASPECT_RATIO,3:2,MEDIUM,std_to_api:nearest_ratio
kie,Bytedance - V1 Pro Text to Video,https://docs.kie.ai/market/bytedance/v1-pro-text-to-video.md,bytedance/v1-pro-text-to-video,paths.post.input.aspect_ratio,3:4,ASPECT_RATIO,3:4,HIGH,std_to_api:exact
kie,Bytedance - V1 Pro Text to Video,https://docs.kie.ai/market/bytedance/v1-pro-text-to-video.md,bytedance/v1-pro-text-to-video,paths.post.input.aspect_ratio,4:3,ASPECT_RATIO,4:3,HIGH,std_to_api:exact
kie,Bytedance - V1 Pro Text to Video,https://docs.kie.ai/market/bytedance/v1-pro-text-to-video.md,bytedance/v1-pro-text-to-video,paths.post.input.aspect_ratio,9:16,ASPECT_RATIO,9:16,HIGH,std_to_api:exact
kie,Bytedance - V1 Pro Text to Video,https://docs.kie.ai/market/bytedance/v1-pro-text-to-video.md,bytedance/v1-pro-text-to-video,paths.post.input.aspect_ratio,9:16,ASPECT_RATIO,9:21,MEDIUM,std_to_api:nearest_ratio
kie,Bytedance - V1 Pro Text to Video,https://docs.kie.ai/market/bytedance/v1-pro-text-to-video.md,bytedance/v1-pro-text-to-video,paths.post.input.aspect_ratio,1:1,ASPECT_RATIO,AUTO,LOW,std_to_api:fallback_baseline
kie,Generate or Edit Image,https://docs.kie.ai/flux-kontext-api/generate-or-edit-image.md,flux-kontext-api/generate-or-edit-image,paths.post.input.aspect_ratio,16:9,ASPECT_RATIO,16:9,HIGH,std_to_api:exact
kie,Generate or Edit Image,https://docs.kie.ai/flux-kontext-api/generate-or-edit-image.md,flux-kontext-api/generate-or-edit-image,paths.post.input.aspect_ratio,1:1,ASPECT_RATIO,1:1,HIGH,std_to_api:exact
kie,Generate or Edit Image,https://docs.kie.ai/flux-kontext-api/generate-or-edit-image.md,flux-kontext-api/generate-or-edit-image,paths.post.input.aspect_ratio,21:9,ASPECT_RATIO,21:9,HIGH,std_to_api:exact
kie,Generate or Edit Image,https://docs.kie.ai/flux-kontext-api/generate-or-edit-image.md,flux-kontext-api/generate-or-edit-image,paths.post.input.aspect_ratio,3:4,ASPECT_RATIO,2:3,MEDIUM,std_to_api:nearest_ratio
kie,Generate or Edit Image,https://docs.kie.ai/flux-kontext-api/generate-or-edit-image.md,flux-kontext-api/generate-or-edit-image,paths.post.input.aspect_ratio,4:3,ASPECT_RATIO,3:2,MEDIUM,std_to_api:nearest_ratio
kie,Generate or Edit Image,https://docs.kie.ai/flux-kontext-api/generate-or-edit-image.md,flux-kontext-api/generate-or-edit-image,paths.post.input.aspect_ratio,3:4,ASPECT_RATIO,3:4,HIGH,std_to_api:exact
kie,Generate or Edit Image,https://docs.kie.ai/flux-kontext-api/generate-or-edit-image.md,flux-kontext-api/generate-or-edit-image,paths.post.input.aspect_ratio,4:3,ASPECT_RATIO,4:3,HIGH,std_to_api:exact
kie,Generate or Edit Image,https://docs.kie.ai/flux-kontext-api/generate-or-edit-image.md,flux-kontext-api/generate-or-edit-image,paths.post.input.aspect_ratio,9:16,ASPECT_RATIO,9:16,HIGH,std_to_api:exact
kie,Generate or Edit Image,https://docs.kie.ai/flux-kontext-api/generate-or-edit-image.md,flux-kontext-api/generate-or-edit-image,paths.post.input.aspect_ratio,9:16,ASPECT_RATIO,9:21,MEDIUM,std_to_api:nearest_ratio
kie,Generate or Edit Image,https://docs.kie.ai/flux-kontext-api/generate-or-edit-image.md,flux-kontext-api/generate-or-edit-image,paths.post.input.aspect_ratio,1:1,ASPECT_RATIO,AUTO,LOW,std_to_api:fallback_baseline
kie,Flux-2 - Image to Image,https://docs.kie.ai/market/flux2/flex-image-to-image.md,flux2/flex-image-to-image,paths.post.input.aspect_ratio,16:9,ASPECT_RATIO,16:9,HIGH,std_to_api:exact
kie,Flux-2 - Image to Image,https://docs.kie.ai/market/flux2/flex-image-to-image.md,flux2/flex-image-to-image,paths.post.input.aspect_ratio,1:1,ASPECT_RATIO,1:1,HIGH,std_to_api:exact
kie,Flux-2 - Image to Image,https://docs.kie.ai/market/flux2/flex-image-to-image.md,flux2/flex-image-to-image,paths.post.input.aspect_ratio,16:9,ASPECT_RATIO,21:9,MEDIUM,std_to_api:nearest_ratio
kie,Flux-2 - Image to Image,https://docs.kie.ai/market/flux2/flex-image-to-image.md,flux2/flex-image-to-image,paths.post.input.aspect_ratio,2:3,ASPECT_RATIO,2:3,HIGH,std_to_api:exact
kie,Flux-2 - Image to Image,https://docs.kie.ai/market/flux2/flex-image-to-image.md,flux2/flex-image-to-image,paths.post.input.aspect_ratio,3:2,ASPECT_RATIO,3:2,HIGH,std_to_api:exact
kie,Flux-2 - Image to Image,https://docs.kie.ai/market/flux2/flex-image-to-image.md,flux2/flex-image-to-image,paths.post.input.aspect_ratio,3:4,ASPECT_RATIO,3:4,HIGH,std_to_api:exact
kie,Flux-2 - Image to Image,https://docs.kie.ai/market/flux2/flex-image-to-image.md,flux2/flex-image-to-image,paths.post.input.aspect_ratio,4:3,ASPECT_RATIO,4:3,HIGH,std_to_api:exact
kie,Flux-2 - Image to Image,https://docs.kie.ai/market/flux2/flex-image-to-image.md,flux2/flex-image-to-image,paths.post.input.aspect_ratio,9:16,ASPECT_RATIO,9:16,HIGH,std_to_api:exact
kie,Flux-2 - Image to Image,https://docs.kie.ai/market/flux2/flex-image-to-image.md,flux2/flex-image-to-image,paths.post.input.aspect_ratio,9:16,ASPECT_RATIO,9:21,MEDIUM,std_to_api:nearest_ratio
kie,Flux-2 - Image to Image,https://docs.kie.ai/market/flux2/flex-image-to-image.md,flux2/flex-image-to-image,paths.post.input.aspect_ratio,auto,ASPECT_RATIO,AUTO,HIGH,std_to_api:exact
kie,Flux-2 - Text to Image,https://docs.kie.ai/market/flux2/flex-text-to-image.md,flux2/flex-text-to-image,paths.post.input.aspect_ratio,16:9,ASPECT_RATIO,16:9,HIGH,std_to_api:exact
kie,Flux-2 - Text to Image,https://docs.kie.ai/market/flux2/flex-text-to-image.md,flux2/flex-text-to-image,paths.post.input.aspect_ratio,1:1,ASPECT_RATIO,1:1,HIGH,std_to_api:exact
kie,Flux-2 - Text to Image,https://docs.kie.ai/market/flux2/flex-text-to-image.md,flux2/flex-text-to-image,paths.post.input.aspect_ratio,16:9,ASPECT_RATIO,21:9,MEDIUM,std_to_api:nearest_ratio
kie,Flux-2 - Text to Image,https://docs.kie.ai/market/flux2/flex-text-to-image.md,flux2/flex-text-to-image,paths.post.input.aspect_ratio,2:3,ASPECT_RATIO,2:3,HIGH,std_to_api:exact
kie,Flux-2 - Text to Image,https://docs.kie.ai/market/flux2/flex-text-to-image.md,flux2/flex-text-to-image,paths.post.input.aspect_ratio,3:2,ASPECT_RATIO,3:2,HIGH,std_to_api:exact
kie,Flux-2 - Text to Image,https://docs.kie.ai/market/flux2/flex-text-to-image.md,flux2/flex-text-to-image,paths.post.input.aspect_ratio,3:4,ASPECT_RATIO,3:4,HIGH,std_to_api:exact
kie,Flux-2 - Text to Image,https://docs.kie.ai/market/flux2/flex-text-to-image.md,flux2/flex-text-to-image,paths.post.input.aspect_ratio,4:3,ASPECT_RATIO,4:3,HIGH,std_to_api:exact
kie,Flux-2 - Text to Image,https://docs.kie.ai/market/flux2/flex-text-to-image.md,flux2/flex-text-to-image,paths.post.input.aspect_ratio,9:16,ASPECT_RATIO,9:16,HIGH,std_to_api:exact
kie,Flux-2 - Text to Image,https://docs.kie.ai/market/flux2/flex-text-to-image.md,flux2/flex-text-to-image,paths.post.input.aspect_ratio,9:16,ASPECT_RATIO,9:21,MEDIUM,std_to_api:nearest_ratio
kie,Flux-2 - Text to Image,https://docs.kie.ai/market/flux2/flex-text-to-image.md,flux2/flex-text-to-image,paths.post.input.aspect_ratio,1:1,ASPECT_RATIO,AUTO,LOW,std_to_api:fallback_baseline
kie,Flux-2 - Pro Image to Image,https://docs.kie.ai/market/flux2/pro-image-to-image.md,flux2/pro-image-to-image,paths.post.input.aspect_ratio,16:9,ASPECT_RATIO,16:9,HIGH,std_to_api:exact
kie,Flux-2 - Pro Image to Image,https://docs.kie.ai/market/flux2/pro-image-to-image.md,flux2/pro-image-to-image,paths.post.input.aspect_ratio,1:1,ASPECT_RATIO,1:1,HIGH,std_to_api:exact
kie,Flux-2 - Pro Image to Image,https://docs.kie.ai/market/flux2/pro-image-to-image.md,flux2/pro-image-to-image,paths.post.input.aspect_ratio,16:9,ASPECT_RATIO,21:9,MEDIUM,std_to_api:nearest_ratio
kie,Flux-2 - Pro Image to Image,https://docs.kie.ai/market/flux2/pro-image-to-image.md,flux2/pro-image-to-image,paths.post.input.aspect_ratio,2:3,ASPECT_RATIO,2:3,HIGH,std_to_api:exact
kie,Flux-2 - Pro Image to Image,https://docs.kie.ai/market/flux2/pro-image-to-image.md,flux2/pro-image-to-image,paths.post.input.aspect_ratio,3:2,ASPECT_RATIO,3:2,HIGH,std_to_api:exact
kie,Flux-2 - Pro Image to Image,https://docs.kie.ai/market/flux2/pro-image-to-image.md,flux2/pro-image-to-image,paths.post.input.aspect_ratio,3:4,ASPECT_RATIO,3:4,HIGH,std_to_api:exact
kie,Flux-2 - Pro Image to Image,https://docs.kie.ai/market/flux2/pro-image-to-image.md,flux2/pro-image-to-image,paths.post.input.aspect_ratio,4:3,ASPECT_RATIO,4:3,HIGH,std_to_api:exact
kie,Flux-2 - Pro Image to Image,https://docs.kie.ai/market/flux2/pro-image-to-image.md,flux2/pro-image-to-image,paths.post.input.aspect_ratio,9:16,ASPECT_RATIO,9:16,HIGH,std_to_api:exact
kie,Flux-2 - Pro Image to Image,https://docs.kie.ai/market/flux2/pro-image-to-image.md,flux2/pro-image-to-image,paths.post.input.aspect_ratio,9:16,ASPECT_RATIO,9:21,MEDIUM,std_to_api:nearest_ratio
kie,Flux-2 - Pro Image to Image,https://docs.kie.ai/market/flux2/pro-image-to-image.md,flux2/pro-image-to-image,paths.post.input.aspect_ratio,auto,ASPECT_RATIO,AUTO,HIGH,std_to_api:exact
kie,Flux-2 - Pro Text to Image,https://docs.kie.ai/market/flux2/pro-text-to-image.md,flux2/pro-text-to-image,paths.post.input.aspect_ratio,16:9,ASPECT_RATIO,16:9,HIGH,std_to_api:exact
kie,Flux-2 - Pro Text to Image,https://docs.kie.ai/market/flux2/pro-text-to-image.md,flux2/pro-text-to-image,paths.post.input.aspect_ratio,1:1,ASPECT_RATIO,1:1,HIGH,std_to_api:exact
kie,Flux-2 - Pro Text to Image,https://docs.kie.ai/market/flux2/pro-text-to-image.md,flux2/pro-text-to-image,paths.post.input.aspect_ratio,16:9,ASPECT_RATIO,21:9,MEDIUM,std_to_api:nearest_ratio
kie,Flux-2 - Pro Text to Image,https://docs.kie.ai/market/flux2/pro-text-to-image.md,flux2/pro-text-to-image,paths.post.input.aspect_ratio,2:3,ASPECT_RATIO,2:3,HIGH,std_to_api:exact
kie,Flux-2 - Pro Text to Image,https://docs.kie.ai/market/flux2/pro-text-to-image.md,flux2/pro-text-to-image,paths.post.input.aspect_ratio,3:2,ASPECT_RATIO,3:2,HIGH,std_to_api:exact
kie,Flux-2 - Pro Text to Image,https://docs.kie.ai/market/flux2/pro-text-to-image.md,flux2/pro-text-to-image,paths.post.input.aspect_ratio,3:4,ASPECT_RATIO,3:4,HIGH,std_to_api:exact
kie,Flux-2 - Pro Text to Image,https://docs.kie.ai/market/flux2/pro-text-to-image.md,flux2/pro-text-to-image,paths.post.input.aspect_ratio,4:3,ASPECT_RATIO,4:3,HIGH,std_to_api:exact
kie,Flux-2 - Pro Text to Image,https://docs.kie.ai/market/flux2/pro-text-to-image.md,flux2/pro-text-to-image,paths.post.input.aspect_ratio,9:16,ASPECT_RATIO,9:16,HIGH,std_to_api:exact
kie,Flux-2 - Pro Text to Image,https://docs.kie.ai/market/flux2/pro-text-to-image.md,flux2/pro-text-to-image,paths.post.input.aspect_ratio,9:16,ASPECT_RATIO,9:21,MEDIUM,std_to_api:nearest_ratio
kie,Flux-2 - Pro Text to Image,https://docs.kie.ai/market/flux2/pro-text-to-image.md,flux2/pro-text-to-image,paths.post.input.aspect_ratio,1:1,ASPECT_RATIO,AUTO,LOW,std_to_api:fallback_baseline
kie,Google - imagen4,https://docs.kie.ai/market/google/imagen4.md,google/imagen4,paths.post.input.aspect_ratio,16:9,ASPECT_RATIO,16:9,HIGH,std_to_api:exact
kie,Google - imagen4,https://docs.kie.ai/market/google/imagen4.md,google/imagen4,paths.post.input.aspect_ratio,1:1,ASPECT_RATIO,1:1,HIGH,std_to_api:exact
kie,Google - imagen4,https://docs.kie.ai/market/google/imagen4.md,google/imagen4,paths.post.input.aspect_ratio,16:9,ASPECT_RATIO,21:9,MEDIUM,std_to_api:nearest_ratio
kie,Google - imagen4,https://docs.kie.ai/market/google/imagen4.md,google/imagen4,paths.post.input.aspect_ratio,3:4,ASPECT_RATIO,2:3,MEDIUM,std_to_api:nearest_ratio
kie,Google - imagen4,https://docs.kie.ai/market/google/imagen4.md,google/imagen4,paths.post.input.aspect_ratio,4:3,ASPECT_RATIO,3:2,MEDIUM,std_to_api:nearest_ratio
kie,Google - imagen4,https://docs.kie.ai/market/google/imagen4.md,google/imagen4,paths.post.input.aspect_ratio,3:4,ASPECT_RATIO,3:4,HIGH,std_to_api:exact
kie,Google - imagen4,https://docs.kie.ai/market/google/imagen4.md,google/imagen4,paths.post.input.aspect_ratio,4:3,ASPECT_RATIO,4:3,HIGH,std_to_api:exact
kie,Google - imagen4,https://docs.kie.ai/market/google/imagen4.md,google/imagen4,paths.post.input.aspect_ratio,9:16,ASPECT_RATIO,9:16,HIGH,std_to_api:exact
kie,Google - imagen4,https://docs.kie.ai/market/google/imagen4.md,google/imagen4,paths.post.input.aspect_ratio,9:16,ASPECT_RATIO,9:21,MEDIUM,std_to_api:nearest_ratio
kie,Google - imagen4,https://docs.kie.ai/market/google/imagen4.md,google/imagen4,paths.post.input.aspect_ratio,1:1,ASPECT_RATIO,AUTO,LOW,std_to_api:fallback_baseline
kie,Google - imagen4-fast,https://docs.kie.ai/market/google/imagen4-fast.md,google/imagen4-fast,paths.post.input.aspect_ratio,16:9,ASPECT_RATIO,16:9,HIGH,std_to_api:exact
kie,Google - imagen4-fast,https://docs.kie.ai/market/google/imagen4-fast.md,google/imagen4-fast,paths.post.input.aspect_ratio,1:1,ASPECT_RATIO,1:1,HIGH,std_to_api:exact
kie,Google - imagen4-fast,https://docs.kie.ai/market/google/imagen4-fast.md,google/imagen4-fast,paths.post.input.aspect_ratio,16:9,ASPECT_RATIO,21:9,MEDIUM,std_to_api:nearest_ratio
kie,Google - imagen4-fast,https://docs.kie.ai/market/google/imagen4-fast.md,google/imagen4-fast,paths.post.input.aspect_ratio,3:4,ASPECT_RATIO,2:3,MEDIUM,std_to_api:nearest_ratio
kie,Google - imagen4-fast,https://docs.kie.ai/market/google/imagen4-fast.md,google/imagen4-fast,paths.post.input.aspect_ratio,4:3,ASPECT_RATIO,3:2,MEDIUM,std_to_api:nearest_ratio
kie,Google - imagen4-fast,https://docs.kie.ai/market/google/imagen4-fast.md,google/imagen4-fast,paths.post.input.aspect_ratio,3:4,ASPECT_RATIO,3:4,HIGH,std_to_api:exact
kie,Google - imagen4-fast,https://docs.kie.ai/market/google/imagen4-fast.md,google/imagen4-fast,paths.post.input.aspect_ratio,4:3,ASPECT_RATIO,4:3,HIGH,std_to_api:exact
kie,Google - imagen4-fast,https://docs.kie.ai/market/google/imagen4-fast.md,google/imagen4-fast,paths.post.input.aspect_ratio,9:16,ASPECT_RATIO,9:16,HIGH,std_to_api:exact
kie,Google - imagen4-fast,https://docs.kie.ai/market/google/imagen4-fast.md,google/imagen4-fast,paths.post.input.aspect_ratio,9:16,ASPECT_RATIO,9:21,MEDIUM,std_to_api:nearest_ratio
kie,Google - imagen4-fast,https://docs.kie.ai/market/google/imagen4-fast.md,google/imagen4-fast,paths.post.input.aspect_ratio,1:1,ASPECT_RATIO,AUTO,LOW,std_to_api:fallback_baseline
kie,Google - imagen4-ultra,https://docs.kie.ai/market/google/imagen4-ultra.md,google/imagen4-ultra,paths.post.input.aspect_ratio,16:9,ASPECT_RATIO,16:9,HIGH,std_to_api:exact
kie,Google - imagen4-ultra,https://docs.kie.ai/market/google/imagen4-ultra.md,google/imagen4-ultra,paths.post.input.aspect_ratio,1:1,ASPECT_RATIO,1:1,HIGH,std_to_api:exact
kie,Google - imagen4-ultra,https://docs.kie.ai/market/google/imagen4-ultra.md,google/imagen4-ultra,paths.post.input.aspect_ratio,16:9,ASPECT_RATIO,21:9,MEDIUM,std_to_api:nearest_ratio
kie,Google - imagen4-ultra,https://docs.kie.ai/market/google/imagen4-ultra.md,google/imagen4-ultra,paths.post.input.aspect_ratio,3:4,ASPECT_RATIO,2:3,MEDIUM,std_to_api:nearest_ratio
kie,Google - imagen4-ultra,https://docs.kie.ai/market/google/imagen4-ultra.md,google/imagen4-ultra,paths.post.input.aspect_ratio,4:3,ASPECT_RATIO,3:2,MEDIUM,std_to_api:nearest_ratio
kie,Google - imagen4-ultra,https://docs.kie.ai/market/google/imagen4-ultra.md,google/imagen4-ultra,paths.post.input.aspect_ratio,3:4,ASPECT_RATIO,3:4,HIGH,std_to_api:exact
kie,Google - imagen4-ultra,https://docs.kie.ai/market/google/imagen4-ultra.md,google/imagen4-ultra,paths.post.input.aspect_ratio,4:3,ASPECT_RATIO,4:3,HIGH,std_to_api:exact
kie,Google - imagen4-ultra,https://docs.kie.ai/market/google/imagen4-ultra.md,google/imagen4-ultra,paths.post.input.aspect_ratio,9:16,ASPECT_RATIO,9:16,HIGH,std_to_api:exact
kie,Google - imagen4-ultra,https://docs.kie.ai/market/google/imagen4-ultra.md,google/imagen4-ultra,paths.post.input.aspect_ratio,9:16,ASPECT_RATIO,9:21,MEDIUM,std_to_api:nearest_ratio
kie,Google - imagen4-ultra,https://docs.kie.ai/market/google/imagen4-ultra.md,google/imagen4-ultra,paths.post.input.aspect_ratio,1:1,ASPECT_RATIO,AUTO,LOW,std_to_api:fallback_baseline
kie,GPT Image-1.5 - Image to Image,https://docs.kie.ai/market/gpt-image/1-5-image-to-image.md,gpt-image/1-5-image-to-image,paths.post.input.aspect_ratio,3:2,ASPECT_RATIO,16:9,MEDIUM,std_to_api:nearest_ratio
kie,GPT Image-1.5 - Image to Image,https://docs.kie.ai/market/gpt-image/1-5-image-to-image.md,gpt-image/1-5-image-to-image,paths.post.input.aspect_ratio,1:1,ASPECT_RATIO,1:1,HIGH,std_to_api:exact
kie,GPT Image-1.5 - Image to Image,https://docs.kie.ai/market/gpt-image/1-5-image-to-image.md,gpt-image/1-5-image-to-image,paths.post.input.aspect_ratio,3:2,ASPECT_RATIO,21:9,MEDIUM,std_to_api:nearest_ratio
kie,GPT Image-1.5 - Image to Image,https://docs.kie.ai/market/gpt-image/1-5-image-to-image.md,gpt-image/1-5-image-to-image,paths.post.input.aspect_ratio,2:3,ASPECT_RATIO,2:3,HIGH,std_to_api:exact
kie,GPT Image-1.5 - Image to Image,https://docs.kie.ai/market/gpt-image/1-5-image-to-image.md,gpt-image/1-5-image-to-image,paths.post.input.aspect_ratio,3:2,ASPECT_RATIO,3:2,HIGH,std_to_api:exact
kie,GPT Image-1.5 - Image to Image,https://docs.kie.ai/market/gpt-image/1-5-image-to-image.md,gpt-image/1-5-image-to-image,paths.post.input.aspect_ratio,2:3,ASPECT_RATIO,3:4,MEDIUM,std_to_api:nearest_ratio
kie,GPT Image-1.5 - Image to Image,https://docs.kie.ai/market/gpt-image/1-5-image-to-image.md,gpt-image/1-5-image-to-image,paths.post.input.aspect_ratio,3:2,ASPECT_RATIO,4:3,MEDIUM,std_to_api:nearest_ratio
kie,GPT Image-1.5 - Image to Image,https://docs.kie.ai/market/gpt-image/1-5-image-to-image.md,gpt-image/1-5-image-to-image,paths.post.input.aspect_ratio,2:3,ASPECT_RATIO,9:16,MEDIUM,std_to_api:nearest_ratio
kie,GPT Image-1.5 - Image to Image,https://docs.kie.ai/market/gpt-image/1-5-image-to-image.md,gpt-image/1-5-image-to-image,paths.post.input.aspect_ratio,2:3,ASPECT_RATIO,9:21,MEDIUM,std_to_api:nearest_ratio
kie,GPT Image-1.5 - Image to Image,https://docs.kie.ai/market/gpt-image/1-5-image-to-image.md,gpt-image/1-5-image-to-image,paths.post.input.aspect_ratio,1:1,ASPECT_RATIO,AUTO,LOW,std_to_api:fallback_baseline
kie,GPT Image-1.5 - Text to Image,https://docs.kie.ai/market/gpt-image/1-5-text-to-image.md,gpt-image/1-5-text-to-image,paths.post.input.aspect_ratio,3:2,ASPECT_RATIO,16:9,MEDIUM,std_to_api:nearest_ratio
kie,GPT Image-1.5 - Text to Image,https://docs.kie.ai/market/gpt-image/1-5-text-to-image.md,gpt-image/1-5-text-to-image,paths.post.input.aspect_ratio,1:1,ASPECT_RATIO,1:1,HIGH,std_to_api:exact
kie,GPT Image-1.5 - Text to Image,https://docs.kie.ai/market/gpt-image/1-5-text-to-image.md,gpt-image/1-5-text-to-image,paths.post.input.aspect_ratio,3:2,ASPECT_RATIO,21:9,MEDIUM,std_to_api:nearest_ratio
kie,GPT Image-1.5 - Text to Image,https://docs.kie.ai/market/gpt-image/1-5-text-to-image.md,gpt-image/1-5-text-to-image,paths.post.input.aspect_ratio,2:3,ASPECT_RATIO,2:3,HIGH,std_to_api:exact
kie,GPT Image-1.5 - Text to Image,https://docs.kie.ai/market/gpt-image/1-5-text-to-image.md,gpt-image/1-5-text-to-image,paths.post.input.aspect_ratio,3:2,ASPECT_RATIO,3:2,HIGH,std_to_api:exact
kie,GPT Image-1.5 - Text to Image,https://docs.kie.ai/market/gpt-image/1-5-text-to-image.md,gpt-image/1-5-text-to-image,paths.post.input.aspect_ratio,2:3,ASPECT_RATIO,3:4,MEDIUM,std_to_api:nearest_ratio
kie,GPT Image-1.5 - Text to Image,https://docs.kie.ai/market/gpt-image/1-5-text-to-image.md,gpt-image/1-5-text-to-image,paths.post.input.aspect_ratio,3:2,ASPECT_RATIO,4:3,MEDIUM,std_to_api:nearest_ratio
kie,GPT Image-1.5 - Text to Image,https://docs.kie.ai/market/gpt-image/1-5-text-to-image.md,gpt-image/1-5-text-to-image,paths.post.input.aspect_ratio,2:3,ASPECT_RATIO,9:16,MEDIUM,std_to_api:nearest_ratio
kie,GPT Image-1.5 - Text to Image,https://docs.kie.ai/market/gpt-image/1-5-text-to-image.md,gpt-image/1-5-text-to-image,paths.post.input.aspect_ratio,2:3,ASPECT_RATIO,9:21,MEDIUM,std_to_api:nearest_ratio
kie,GPT Image-1.5 - Text to Image,https://docs.kie.ai/market/gpt-image/1-5-text-to-image.md,gpt-image/1-5-text-to-image,paths.post.input.aspect_ratio,1:1,ASPECT_RATIO,AUTO,LOW,std_to_api:fallback_baseline
kie,Grok Imagine - Text to Image,https://docs.kie.ai/market/grok-imagine/text-to-image.md,grok-imagine/text-to-image,paths.post.input.aspect_ratio,16:9,ASPECT_RATIO,16:9,HIGH,std_to_api:exact
kie,Grok Imagine - Text to Image,https://docs.kie.ai/market/grok-imagine/text-to-image.md,grok-imagine/text-to-image,paths.post.input.aspect_ratio,1:1,ASPECT_RATIO,1:1,HIGH,std_to_api:exact
kie,Grok Imagine - Text to Image,https://docs.kie.ai/market/grok-imagine/text-to-image.md,grok-imagine/text-to-image,paths.post.input.aspect_ratio,16:9,ASPECT_RATIO,21:9,MEDIUM,std_to_api:nearest_ratio
kie,Grok Imagine - Text to Image,https://docs.kie.ai/market/grok-imagine/text-to-image.md,grok-imagine/text-to-image,paths.post.input.aspect_ratio,2:3,ASPECT_RATIO,2:3,HIGH,std_to_api:exact
kie,Grok Imagine - Text to Image,https://docs.kie.ai/market/grok-imagine/text-to-image.md,grok-imagine/text-to-image,paths.post.input.aspect_ratio,3:2,ASPECT_RATIO,3:2,HIGH,std_to_api:exact
kie,Grok Imagine - Text to Image,https://docs.kie.ai/market/grok-imagine/text-to-image.md,grok-imagine/text-to-image,paths.post.input.aspect_ratio,2:3,ASPECT_RATIO,3:4,MEDIUM,std_to_api:nearest_ratio
kie,Grok Imagine - Text to Image,https://docs.kie.ai/market/grok-imagine/text-to-image.md,grok-imagine/text-to-image,paths.post.input.aspect_ratio,3:2,ASPECT_RATIO,4:3,MEDIUM,std_to_api:nearest_ratio
kie,Grok Imagine - Text to Image,https://docs.kie.ai/market/grok-imagine/text-to-image.md,grok-imagine/text-to-image,paths.post.input.aspect_ratio,9:16,ASPECT_RATIO,9:16,HIGH,std_to_api:exact
kie,Grok Imagine - Text to Image,https://docs.kie.ai/market/grok-imagine/text-to-image.md,grok-imagine/text-to-image,paths.post.input.aspect_ratio,9:16,ASPECT_RATIO,9:21,MEDIUM,std_to_api:nearest_ratio
kie,Grok Imagine - Text to Image,https://docs.kie.ai/market/grok-imagine/text-to-image.md,grok-imagine/text-to-image,paths.post.input.aspect_ratio,1:1,ASPECT_RATIO,AUTO,LOW,std_to_api:fallback_baseline
kie,Grok Imagine Text to Video,https://docs.kie.ai/market/grok-imagine/text-to-video.md,grok-imagine/text-to-video,paths.post.input.aspect_ratio,16:9,ASPECT_RATIO,16:9,HIGH,std_to_api:exact
kie,Grok Imagine Text to Video,https://docs.kie.ai/market/grok-imagine/text-to-video.md,grok-imagine/text-to-video,paths.post.input.aspect_ratio,1:1,ASPECT_RATIO,1:1,HIGH,std_to_api:exact
kie,Grok Imagine Text to Video,https://docs.kie.ai/market/grok-imagine/text-to-video.md,grok-imagine/text-to-video,paths.post.input.aspect_ratio,16:9,ASPECT_RATIO,21:9,MEDIUM,std_to_api:nearest_ratio
kie,Grok Imagine Text to Video,https://docs.kie.ai/market/grok-imagine/text-to-video.md,grok-imagine/text-to-video,paths.post.input.aspect_ratio,2:3,ASPECT_RATIO,2:3,HIGH,std_to_api:exact
kie,Grok Imagine Text to Video,https://docs.kie.ai/market/grok-imagine/text-to-video.md,grok-imagine/text-to-video,paths.post.input.aspect_ratio,3:2,ASPECT_RATIO,3:2,HIGH,std_to_api:exact
kie,Grok Imagine Text to Video,https://docs.kie.ai/market/grok-imagine/text-to-video.md,grok-imagine/text-to-video,paths.post.input.aspect_ratio,2:3,ASPECT_RATIO,3:4,MEDIUM,std_to_api:nearest_ratio
kie,Grok Imagine Text to Video,https://docs.kie.ai/market/grok-imagine/text-to-video.md,grok-imagine/text-to-video,paths.post.input.aspect_ratio,3:2,ASPECT_RATIO,4:3,MEDIUM,std_to_api:nearest_ratio
kie,Grok Imagine Text to Video,https://docs.kie.ai/market/grok-imagine/text-to-video.md,grok-imagine/text-to-video,paths.post.input.aspect_ratio,9:16,ASPECT_RATIO,9:16,HIGH,std_to_api:exact
kie,Grok Imagine Text to Video,https://docs.kie.ai/market/grok-imagine/text-to-video.md,grok-imagine/text-to-video,paths.post.input.aspect_ratio,9:16,ASPECT_RATIO,9:21,MEDIUM,std_to_api:nearest_ratio
kie,Grok Imagine Text to Video,https://docs.kie.ai/market/grok-imagine/text-to-video.md,grok-imagine/text-to-video,paths.post.input.aspect_ratio,1:1,ASPECT_RATIO,AUTO,LOW,std_to_api:fallback_baseline
kie,Kling 3.0,https://docs.kie.ai/market/kling/kling-3-0.md,kling/kling-3-0,paths.post.input.aspect_ratio,16:9,ASPECT_RATIO,16:9,HIGH,std_to_api:exact
kie,Kling 3.0,https://docs.kie.ai/market/kling/kling-3-0.md,kling/kling-3-0,paths.post.input.aspect_ratio,1:1,ASPECT_RATIO,1:1,HIGH,std_to_api:exact
kie,Kling 3.0,https://docs.kie.ai/market/kling/kling-3-0.md,kling/kling-3-0,paths.post.input.aspect_ratio,16:9,ASPECT_RATIO,21:9,MEDIUM,std_to_api:nearest_ratio
kie,Kling 3.0,https://docs.kie.ai/market/kling/kling-3-0.md,kling/kling-3-0,paths.post.input.aspect_ratio,9:16,ASPECT_RATIO,2:3,MEDIUM,std_to_api:nearest_ratio
kie,Kling 3.0,https://docs.kie.ai/market/kling/kling-3-0.md,kling/kling-3-0,paths.post.input.aspect_ratio,16:9,ASPECT_RATIO,3:2,MEDIUM,std_to_api:nearest_ratio
kie,Kling 3.0,https://docs.kie.ai/market/kling/kling-3-0.md,kling/kling-3-0,paths.post.input.aspect_ratio,9:16,ASPECT_RATIO,3:4,MEDIUM,std_to_api:nearest_ratio
kie,Kling 3.0,https://docs.kie.ai/market/kling/kling-3-0.md,kling/kling-3-0,paths.post.input.aspect_ratio,1:1,ASPECT_RATIO,4:3,MEDIUM,std_to_api:nearest_ratio
kie,Kling 3.0,https://docs.kie.ai/market/kling/kling-3-0.md,kling/kling-3-0,paths.post.input.aspect_ratio,9:16,ASPECT_RATIO,9:16,HIGH,std_to_api:exact
kie,Kling 3.0,https://docs.kie.ai/market/kling/kling-3-0.md,kling/kling-3-0,paths.post.input.aspect_ratio,9:16,ASPECT_RATIO,9:21,MEDIUM,std_to_api:nearest_ratio
kie,Kling 3.0,https://docs.kie.ai/market/kling/kling-3-0.md,kling/kling-3-0,paths.post.input.aspect_ratio,1:1,ASPECT_RATIO,AUTO,LOW,std_to_api:fallback_baseline
kie,Kling 2.6 Text to Video,https://docs.kie.ai/market/kling/text-to-video.md,kling/text-to-video,paths.post.input.aspect_ratio,16:9,ASPECT_RATIO,16:9,HIGH,std_to_api:exact
kie,Kling 2.6 Text to Video,https://docs.kie.ai/market/kling/text-to-video.md,kling/text-to-video,paths.post.input.aspect_ratio,1:1,ASPECT_RATIO,1:1,HIGH,std_to_api:exact
kie,Kling 2.6 Text to Video,https://docs.kie.ai/market/kling/text-to-video.md,kling/text-to-video,paths.post.input.aspect_ratio,16:9,ASPECT_RATIO,21:9,MEDIUM,std_to_api:nearest_ratio
kie,Kling 2.6 Text to Video,https://docs.kie.ai/market/kling/text-to-video.md,kling/text-to-video,paths.post.input.aspect_ratio,9:16,ASPECT_RATIO,2:3,MEDIUM,std_to_api:nearest_ratio
kie,Kling 2.6 Text to Video,https://docs.kie.ai/market/kling/text-to-video.md,kling/text-to-video,paths.post.input.aspect_ratio,16:9,ASPECT_RATIO,3:2,MEDIUM,std_to_api:nearest_ratio
kie,Kling 2.6 Text to Video,https://docs.kie.ai/market/kling/text-to-video.md,kling/text-to-video,paths.post.input.aspect_ratio,9:16,ASPECT_RATIO,3:4,MEDIUM,std_to_api:nearest_ratio
kie,Kling 2.6 Text to Video,https://docs.kie.ai/market/kling/text-to-video.md,kling/text-to-video,paths.post.input.aspect_ratio,1:1,ASPECT_RATIO,4:3,MEDIUM,std_to_api:nearest_ratio
kie,Kling 2.6 Text to Video,https://docs.kie.ai/market/kling/text-to-video.md,kling/text-to-video,paths.post.input.aspect_ratio,9:16,ASPECT_RATIO,9:16,HIGH,std_to_api:exact
kie,Kling 2.6 Text to Video,https://docs.kie.ai/market/kling/text-to-video.md,kling/text-to-video,paths.post.input.aspect_ratio,9:16,ASPECT_RATIO,9:21,MEDIUM,std_to_api:nearest_ratio
kie,Kling 2.6 Text to Video,https://docs.kie.ai/market/kling/text-to-video.md,kling/text-to-video,paths.post.input.aspect_ratio,1:1,ASPECT_RATIO,AUTO,LOW,std_to_api:fallback_baseline
kie,Kling V2.1 Master Text to Video,https://docs.kie.ai/market/kling/v2-1-master-text-to-video.md,kling/v2-1-master-text-to-video,paths.post.input.aspect_ratio,16:9,ASPECT_RATIO,16:9,HIGH,std_to_api:exact
kie,Kling V2.1 Master Text to Video,https://docs.kie.ai/market/kling/v2-1-master-text-to-video.md,kling/v2-1-master-text-to-video,paths.post.input.aspect_ratio,1:1,ASPECT_RATIO,1:1,HIGH,std_to_api:exact
kie,Kling V2.1 Master Text to Video,https://docs.kie.ai/market/kling/v2-1-master-text-to-video.md,kling/v2-1-master-text-to-video,paths.post.input.aspect_ratio,16:9,ASPECT_RATIO,21:9,MEDIUM,std_to_api:nearest_ratio
kie,Kling V2.1 Master Text to Video,https://docs.kie.ai/market/kling/v2-1-master-text-to-video.md,kling/v2-1-master-text-to-video,paths.post.input.aspect_ratio,9:16,ASPECT_RATIO,2:3,MEDIUM,std_to_api:nearest_ratio
kie,Kling V2.1 Master Text to Video,https://docs.kie.ai/market/kling/v2-1-master-text-to-video.md,kling/v2-1-master-text-to-video,paths.post.input.aspect_ratio,16:9,ASPECT_RATIO,3:2,MEDIUM,std_to_api:nearest_ratio
kie,Kling V2.1 Master Text to Video,https://docs.kie.ai/market/kling/v2-1-master-text-to-video.md,kling/v2-1-master-text-to-video,paths.post.input.aspect_ratio,9:16,ASPECT_RATIO,3:4,MEDIUM,std_to_api:nearest_ratio
kie,Kling V2.1 Master Text to Video,https://docs.kie.ai/market/kling/v2-1-master-text-to-video.md,kling/v2-1-master-text-to-video,paths.post.input.aspect_ratio,1:1,ASPECT_RATIO,4:3,MEDIUM,std_to_api:nearest_ratio
kie,Kling V2.1 Master Text to Video,https://docs.kie.ai/market/kling/v2-1-master-text-to-video.md,kling/v2-1-master-text-to-video,paths.post.input.aspect_ratio,9:16,ASPECT_RATIO,9:16,HIGH,std_to_api:exact
kie,Kling V2.1 Master Text to Video,https://docs.kie.ai/market/kling/v2-1-master-text-to-video.md,kling/v2-1-master-text-to-video,paths.post.input.aspect_ratio,9:16,ASPECT_RATIO,9:21,MEDIUM,std_to_api:nearest_ratio
kie,Kling V2.1 Master Text to Video,https://docs.kie.ai/market/kling/v2-1-master-text-to-video.md,kling/v2-1-master-text-to-video,paths.post.input.aspect_ratio,1:1,ASPECT_RATIO,AUTO,LOW,std_to_api:fallback_baseline
kie,Kling - V2.5 Turbo Text to Video Pro,https://docs.kie.ai/market/kling/v25-turbo-text-to-video-pro.md,kling/v25-turbo-text-to-video-pro,paths.post.input.aspect_ratio,16:9,ASPECT_RATIO,16:9,HIGH,std_to_api:exact
kie,Kling - V2.5 Turbo Text to Video Pro,https://docs.kie.ai/market/kling/v25-turbo-text-to-video-pro.md,kling/v25-turbo-text-to-video-pro,paths.post.input.aspect_ratio,1:1,ASPECT_RATIO,1:1,HIGH,std_to_api:exact
kie,Kling - V2.5 Turbo Text to Video Pro,https://docs.kie.ai/market/kling/v25-turbo-text-to-video-pro.md,kling/v25-turbo-text-to-video-pro,paths.post.input.aspect_ratio,16:9,ASPECT_RATIO,21:9,MEDIUM,std_to_api:nearest_ratio
kie,Kling - V2.5 Turbo Text to Video Pro,https://docs.kie.ai/market/kling/v25-turbo-text-to-video-pro.md,kling/v25-turbo-text-to-video-pro,paths.post.input.aspect_ratio,9:16,ASPECT_RATIO,2:3,MEDIUM,std_to_api:nearest_ratio
kie,Kling - V2.5 Turbo Text to Video Pro,https://docs.kie.ai/market/kling/v25-turbo-text-to-video-pro.md,kling/v25-turbo-text-to-video-pro,paths.post.input.aspect_ratio,16:9,ASPECT_RATIO,3:2,MEDIUM,std_to_api:nearest_ratio
kie,Kling - V2.5 Turbo Text to Video Pro,https://docs.kie.ai/market/kling/v25-turbo-text-to-video-pro.md,kling/v25-turbo-text-to-video-pro,paths.post.input.aspect_ratio,9:16,ASPECT_RATIO,3:4,MEDIUM,std_to_api:nearest_ratio
kie,Kling - V2.5 Turbo Text to Video Pro,https://docs.kie.ai/market/kling/v25-turbo-text-to-video-pro.md,kling/v25-turbo-text-to-video-pro,paths.post.input.aspect_ratio,1:1,ASPECT_RATIO,4:3,MEDIUM,std_to_api:nearest_ratio
kie,Kling - V2.5 Turbo Text to Video Pro,https://docs.kie.ai/market/kling/v25-turbo-text-to-video-pro.md,kling/v25-turbo-text-to-video-pro,paths.post.input.aspect_ratio,9:16,ASPECT_RATIO,9:16,HIGH,std_to_api:exact
kie,Kling - V2.5 Turbo Text to Video Pro,https://docs.kie.ai/market/kling/v25-turbo-text-to-video-pro.md,kling/v25-turbo-text-to-video-pro,paths.post.input.aspect_ratio,9:16,ASPECT_RATIO,9:21,MEDIUM,std_to_api:nearest_ratio
kie,Kling - V2.5 Turbo Text to Video Pro,https://docs.kie.ai/market/kling/v25-turbo-text-to-video-pro.md,kling/v25-turbo-text-to-video-pro,paths.post.input.aspect_ratio,1:1,ASPECT_RATIO,AUTO,LOW,std_to_api:fallback_baseline
kie,Generate AI Video,https://docs.kie.ai/runway-api/generate-ai-video.md,runway-api/generate-ai-video,paths.post.input.aspect_ratio,16:9,ASPECT_RATIO,16:9,HIGH,std_to_api:exact
kie,Generate AI Video,https://docs.kie.ai/runway-api/generate-ai-video.md,runway-api/generate-ai-video,paths.post.input.aspect_ratio,1:1,ASPECT_RATIO,1:1,HIGH,std_to_api:exact
kie,Generate AI Video,https://docs.kie.ai/runway-api/generate-ai-video.md,runway-api/generate-ai-video,paths.post.input.aspect_ratio,16:9,ASPECT_RATIO,21:9,MEDIUM,std_to_api:nearest_ratio
kie,Generate AI Video,https://docs.kie.ai/runway-api/generate-ai-video.md,runway-api/generate-ai-video,paths.post.input.aspect_ratio,3:4,ASPECT_RATIO,2:3,MEDIUM,std_to_api:nearest_ratio
kie,Generate AI Video,https://docs.kie.ai/runway-api/generate-ai-video.md,runway-api/generate-ai-video,paths.post.input.aspect_ratio,4:3,ASPECT_RATIO,3:2,MEDIUM,std_to_api:nearest_ratio
kie,Generate AI Video,https://docs.kie.ai/runway-api/generate-ai-video.md,runway-api/generate-ai-video,paths.post.input.aspect_ratio,3:4,ASPECT_RATIO,3:4,HIGH,std_to_api:exact
kie,Generate AI Video,https://docs.kie.ai/runway-api/generate-ai-video.md,runway-api/generate-ai-video,paths.post.input.aspect_ratio,4:3,ASPECT_RATIO,4:3,HIGH,std_to_api:exact
kie,Generate AI Video,https://docs.kie.ai/runway-api/generate-ai-video.md,runway-api/generate-ai-video,paths.post.input.aspect_ratio,9:16,ASPECT_RATIO,9:16,HIGH,std_to_api:exact
kie,Generate AI Video,https://docs.kie.ai/runway-api/generate-ai-video.md,runway-api/generate-ai-video,paths.post.input.aspect_ratio,9:16,ASPECT_RATIO,9:21,MEDIUM,std_to_api:nearest_ratio
kie,Generate AI Video,https://docs.kie.ai/runway-api/generate-ai-video.md,runway-api/generate-ai-video,paths.post.input.aspect_ratio,1:1,ASPECT_RATIO,AUTO,LOW,std_to_api:fallback_baseline
kie,Generate Aleph Video,https://docs.kie.ai/runway-api/generate-aleph-video.md,runway-api/generate-aleph-video,paths.post.input.aspect_ratio,16:9,ASPECT_RATIO,16:9,HIGH,std_to_api:exact
kie,Generate Aleph Video,https://docs.kie.ai/runway-api/generate-aleph-video.md,runway-api/generate-aleph-video,paths.post.input.aspect_ratio,1:1,ASPECT_RATIO,1:1,HIGH,std_to_api:exact
kie,Generate Aleph Video,https://docs.kie.ai/runway-api/generate-aleph-video.md,runway-api/generate-aleph-video,paths.post.input.aspect_ratio,21:9,ASPECT_RATIO,21:9,HIGH,std_to_api:exact
kie,Generate Aleph Video,https://docs.kie.ai/runway-api/generate-aleph-video.md,runway-api/generate-aleph-video,paths.post.input.aspect_ratio,3:4,ASPECT_RATIO,2:3,MEDIUM,std_to_api:nearest_ratio
kie,Generate Aleph Video,https://docs.kie.ai/runway-api/generate-aleph-video.md,runway-api/generate-aleph-video,paths.post.input.aspect_ratio,4:3,ASPECT_RATIO,3:2,MEDIUM,std_to_api:nearest_ratio
kie,Generate Aleph Video,https://docs.kie.ai/runway-api/generate-aleph-video.md,runway-api/generate-aleph-video,paths.post.input.aspect_ratio,3:4,ASPECT_RATIO,3:4,HIGH,std_to_api:exact
kie,Generate Aleph Video,https://docs.kie.ai/runway-api/generate-aleph-video.md,runway-api/generate-aleph-video,paths.post.input.aspect_ratio,4:3,ASPECT_RATIO,4:3,HIGH,std_to_api:exact
kie,Generate Aleph Video,https://docs.kie.ai/runway-api/generate-aleph-video.md,runway-api/generate-aleph-video,paths.post.input.aspect_ratio,9:16,ASPECT_RATIO,9:16,HIGH,std_to_api:exact
kie,Generate Aleph Video,https://docs.kie.ai/runway-api/generate-aleph-video.md,runway-api/generate-aleph-video,paths.post.input.aspect_ratio,9:16,ASPECT_RATIO,9:21,MEDIUM,std_to_api:nearest_ratio
kie,Generate Aleph Video,https://docs.kie.ai/runway-api/generate-aleph-video.md,runway-api/generate-aleph-video,paths.post.input.aspect_ratio,1:1,ASPECT_RATIO,AUTO,LOW,std_to_api:fallback_baseline
kie,Seedream4.5 - Edit,https://docs.kie.ai/market/seedream/4-5-edit.md,seedream/4-5-edit,paths.post.input.aspect_ratio,16:9,ASPECT_RATIO,16:9,HIGH,std_to_api:exact
kie,Seedream4.5 - Edit,https://docs.kie.ai/market/seedream/4-5-edit.md,seedream/4-5-edit,paths.post.input.aspect_ratio,1:1,ASPECT_RATIO,1:1,HIGH,std_to_api:exact
kie,Seedream4.5 - Edit,https://docs.kie.ai/market/seedream/4-5-edit.md,seedream/4-5-edit,paths.post.input.aspect_ratio,21:9,ASPECT_RATIO,21:9,HIGH,std_to_api:exact
kie,Seedream4.5 - Edit,https://docs.kie.ai/market/seedream/4-5-edit.md,seedream/4-5-edit,paths.post.input.aspect_ratio,2:3,ASPECT_RATIO,2:3,HIGH,std_to_api:exact
kie,Seedream4.5 - Edit,https://docs.kie.ai/market/seedream/4-5-edit.md,seedream/4-5-edit,paths.post.input.aspect_ratio,3:2,ASPECT_RATIO,3:2,HIGH,std_to_api:exact
kie,Seedream4.5 - Edit,https://docs.kie.ai/market/seedream/4-5-edit.md,seedream/4-5-edit,paths.post.input.aspect_ratio,3:4,ASPECT_RATIO,3:4,HIGH,std_to_api:exact
kie,Seedream4.5 - Edit,https://docs.kie.ai/market/seedream/4-5-edit.md,seedream/4-5-edit,paths.post.input.aspect_ratio,4:3,ASPECT_RATIO,4:3,HIGH,std_to_api:exact
kie,Seedream4.5 - Edit,https://docs.kie.ai/market/seedream/4-5-edit.md,seedream/4-5-edit,paths.post.input.aspect_ratio,9:16,ASPECT_RATIO,9:16,HIGH,std_to_api:exact
kie,Seedream4.5 - Edit,https://docs.kie.ai/market/seedream/4-5-edit.md,seedream/4-5-edit,paths.post.input.aspect_ratio,9:16,ASPECT_RATIO,9:21,MEDIUM,std_to_api:nearest_ratio
kie,Seedream4.5 - Edit,https://docs.kie.ai/market/seedream/4-5-edit.md,seedream/4-5-edit,paths.post.input.aspect_ratio,1:1,ASPECT_RATIO,AUTO,LOW,std_to_api:fallback_baseline
kie,Seedream4.5 - Text to Image,https://docs.kie.ai/market/seedream/4-5-text-to-image.md,seedream/4-5-text-to-image,paths.post.input.aspect_ratio,16:9,ASPECT_RATIO,16:9,HIGH,std_to_api:exact
kie,Seedream4.5 - Text to Image,https://docs.kie.ai/market/seedream/4-5-text-to-image.md,seedream/4-5-text-to-image,paths.post.input.aspect_ratio,1:1,ASPECT_RATIO,1:1,HIGH,std_to_api:exact
kie,Seedream4.5 - Text to Image,https://docs.kie.ai/market/seedream/4-5-text-to-image.md,seedream/4-5-text-to-image,paths.post.input.aspect_ratio,21:9,ASPECT_RATIO,21:9,HIGH,std_to_api:exact
kie,Seedream4.5 - Text to Image,https://docs.kie.ai/market/seedream/4-5-text-to-image.md,seedream/4-5-text-to-image,paths.post.input.aspect_ratio,2:3,ASPECT_RATIO,2:3,HIGH,std_to_api:exact
kie,Seedream4.5 - Text to Image,https://docs.kie.ai/market/seedream/4-5-text-to-image.md,seedream/4-5-text-to-image,paths.post.input.aspect_ratio,3:2,ASPECT_RATIO,3:2,HIGH,std_to_api:exact
kie,Seedream4.5 - Text to Image,https://docs.kie.ai/market/seedream/4-5-text-to-image.md,seedream/4-5-text-to-image,paths.post.input.aspect_ratio,3:4,ASPECT_RATIO,3:4,HIGH,std_to_api:exact
kie,Seedream4.5 - Text to Image,https://docs.kie.ai/market/seedream/4-5-text-to-image.md,seedream/4-5-text-to-image,paths.post.input.aspect_ratio,4:3,ASPECT_RATIO,4:3,HIGH,std_to_api:exact
kie,Seedream4.5 - Text to Image,https://docs.kie.ai/market/seedream/4-5-text-to-image.md,seedream/4-5-text-to-image,paths.post.input.aspect_ratio,9:16,ASPECT_RATIO,9:16,HIGH,std_to_api:exact
kie,Seedream4.5 - Text to Image,https://docs.kie.ai/market/seedream/4-5-text-to-image.md,seedream/4-5-text-to-image,paths.post.input.aspect_ratio,9:16,ASPECT_RATIO,9:21,MEDIUM,std_to_api:nearest_ratio
kie,Seedream4.5 - Text to Image,https://docs.kie.ai/market/seedream/4-5-text-to-image.md,seedream/4-5-text-to-image,paths.post.input.aspect_ratio,1:1,ASPECT_RATIO,AUTO,LOW,std_to_api:fallback_baseline
kie,Sora2 - Pro Storyboard,https://docs.kie.ai/market/sora-2-pro-storyboard.md,sora-2-pro-storyboard,paths.post.input.aspect_ratio,landscape,ASPECT_RATIO,16:9,LOW,std_to_api:fallback_baseline
kie,Sora2 - Pro Storyboard,https://docs.kie.ai/market/sora-2-pro-storyboard.md,sora-2-pro-storyboard,paths.post.input.aspect_ratio,landscape,ASPECT_RATIO,1:1,LOW,std_to_api:fallback_baseline
kie,Sora2 - Pro Storyboard,https://docs.kie.ai/market/sora-2-pro-storyboard.md,sora-2-pro-storyboard,paths.post.input.aspect_ratio,landscape,ASPECT_RATIO,21:9,LOW,std_to_api:fallback_baseline
kie,Sora2 - Pro Storyboard,https://docs.kie.ai/market/sora-2-pro-storyboard.md,sora-2-pro-storyboard,paths.post.input.aspect_ratio,landscape,ASPECT_RATIO,2:3,LOW,std_to_api:fallback_baseline
kie,Sora2 - Pro Storyboard,https://docs.kie.ai/market/sora-2-pro-storyboard.md,sora-2-pro-storyboard,paths.post.input.aspect_ratio,landscape,ASPECT_RATIO,3:2,LOW,std_to_api:fallback_baseline
kie,Sora2 - Pro Storyboard,https://docs.kie.ai/market/sora-2-pro-storyboard.md,sora-2-pro-storyboard,paths.post.input.aspect_ratio,landscape,ASPECT_RATIO,3:4,LOW,std_to_api:fallback_baseline
kie,Sora2 - Pro Storyboard,https://docs.kie.ai/market/sora-2-pro-storyboard.md,sora-2-pro-storyboard,paths.post.input.aspect_ratio,landscape,ASPECT_RATIO,4:3,LOW,std_to_api:fallback_baseline
kie,Sora2 - Pro Storyboard,https://docs.kie.ai/market/sora-2-pro-storyboard.md,sora-2-pro-storyboard,paths.post.input.aspect_ratio,landscape,ASPECT_RATIO,9:16,LOW,std_to_api:fallback_baseline
kie,Sora2 - Pro Storyboard,https://docs.kie.ai/market/sora-2-pro-storyboard.md,sora-2-pro-storyboard,paths.post.input.aspect_ratio,landscape,ASPECT_RATIO,9:21,LOW,std_to_api:fallback_baseline
kie,Sora2 - Pro Storyboard,https://docs.kie.ai/market/sora-2-pro-storyboard.md,sora-2-pro-storyboard,paths.post.input.aspect_ratio,landscape,ASPECT_RATIO,AUTO,LOW,std_to_api:fallback_baseline
kie,Sora2 - Image to Video,https://docs.kie.ai/market/sora2/sora-2-image-to-video.md,sora2/sora-2-image-to-video,paths.post.input.aspect_ratio,landscape,ASPECT_RATIO,16:9,LOW,std_to_api:fallback_baseline
kie,Sora2 - Image to Video,https://docs.kie.ai/market/sora2/sora-2-image-to-video.md,sora2/sora-2-image-to-video,paths.post.input.aspect_ratio,landscape,ASPECT_RATIO,1:1,LOW,std_to_api:fallback_baseline
kie,Sora2 - Image to Video,https://docs.kie.ai/market/sora2/sora-2-image-to-video.md,sora2/sora-2-image-to-video,paths.post.input.aspect_ratio,landscape,ASPECT_RATIO,21:9,LOW,std_to_api:fallback_baseline
kie,Sora2 - Image to Video,https://docs.kie.ai/market/sora2/sora-2-image-to-video.md,sora2/sora-2-image-to-video,paths.post.input.aspect_ratio,landscape,ASPECT_RATIO,2:3,LOW,std_to_api:fallback_baseline
kie,Sora2 - Image to Video,https://docs.kie.ai/market/sora2/sora-2-image-to-video.md,sora2/sora-2-image-to-video,paths.post.input.aspect_ratio,landscape,ASPECT_RATIO,3:2,LOW,std_to_api:fallback_baseline
kie,Sora2 - Image to Video,https://docs.kie.ai/market/sora2/sora-2-image-to-video.md,sora2/sora-2-image-to-video,paths.post.input.aspect_ratio,landscape,ASPECT_RATIO,3:4,LOW,std_to_api:fallback_baseline
kie,Sora2 - Image to Video,https://docs.kie.ai/market/sora2/sora-2-image-to-video.md,sora2/sora-2-image-to-video,paths.post.input.aspect_ratio,landscape,ASPECT_RATIO,4:3,LOW,std_to_api:fallback_baseline
kie,Sora2 - Image to Video,https://docs.kie.ai/market/sora2/sora-2-image-to-video.md,sora2/sora-2-image-to-video,paths.post.input.aspect_ratio,landscape,ASPECT_RATIO,9:16,LOW,std_to_api:fallback_baseline
kie,Sora2 - Image to Video,https://docs.kie.ai/market/sora2/sora-2-image-to-video.md,sora2/sora-2-image-to-video,paths.post.input.aspect_ratio,landscape,ASPECT_RATIO,9:21,LOW,std_to_api:fallback_baseline
kie,Sora2 - Image to Video,https://docs.kie.ai/market/sora2/sora-2-image-to-video.md,sora2/sora-2-image-to-video,paths.post.input.aspect_ratio,landscape,ASPECT_RATIO,AUTO,LOW,std_to_api:fallback_baseline
kie,Sora2 - Pro Image to Video,https://docs.kie.ai/market/sora2/sora-2-pro-image-to-video.md,sora2/sora-2-pro-image-to-video,paths.post.input.aspect_ratio,landscape,ASPECT_RATIO,16:9,LOW,std_to_api:fallback_baseline
kie,Sora2 - Pro Image to Video,https://docs.kie.ai/market/sora2/sora-2-pro-image-to-video.md,sora2/sora-2-pro-image-to-video,paths.post.input.aspect_ratio,landscape,ASPECT_RATIO,1:1,LOW,std_to_api:fallback_baseline
kie,Sora2 - Pro Image to Video,https://docs.kie.ai/market/sora2/sora-2-pro-image-to-video.md,sora2/sora-2-pro-image-to-video,paths.post.input.aspect_ratio,landscape,ASPECT_RATIO,21:9,LOW,std_to_api:fallback_baseline
kie,Sora2 - Pro Image to Video,https://docs.kie.ai/market/sora2/sora-2-pro-image-to-video.md,sora2/sora-2-pro-image-to-video,paths.post.input.aspect_ratio,landscape,ASPECT_RATIO,2:3,LOW,std_to_api:fallback_baseline
kie,Sora2 - Pro Image to Video,https://docs.kie.ai/market/sora2/sora-2-pro-image-to-video.md,sora2/sora-2-pro-image-to-video,paths.post.input.aspect_ratio,landscape,ASPECT_RATIO,3:2,LOW,std_to_api:fallback_baseline
kie,Sora2 - Pro Image to Video,https://docs.kie.ai/market/sora2/sora-2-pro-image-to-video.md,sora2/sora-2-pro-image-to-video,paths.post.input.aspect_ratio,landscape,ASPECT_RATIO,3:4,LOW,std_to_api:fallback_baseline
kie,Sora2 - Pro Image to Video,https://docs.kie.ai/market/sora2/sora-2-pro-image-to-video.md,sora2/sora-2-pro-image-to-video,paths.post.input.aspect_ratio,landscape,ASPECT_RATIO,4:3,LOW,std_to_api:fallback_baseline
kie,Sora2 - Pro Image to Video,https://docs.kie.ai/market/sora2/sora-2-pro-image-to-video.md,sora2/sora-2-pro-image-to-video,paths.post.input.aspect_ratio,landscape,ASPECT_RATIO,9:16,LOW,std_to_api:fallback_baseline
kie,Sora2 - Pro Image to Video,https://docs.kie.ai/market/sora2/sora-2-pro-image-to-video.md,sora2/sora-2-pro-image-to-video,paths.post.input.aspect_ratio,landscape,ASPECT_RATIO,9:21,LOW,std_to_api:fallback_baseline
kie,Sora2 - Pro Image to Video,https://docs.kie.ai/market/sora2/sora-2-pro-image-to-video.md,sora2/sora-2-pro-image-to-video,paths.post.input.aspect_ratio,landscape,ASPECT_RATIO,AUTO,LOW,std_to_api:fallback_baseline
kie,Sora2 - Pro Text to Video,https://docs.kie.ai/market/sora2/sora-2-pro-text-to-video.md,sora2/sora-2-pro-text-to-video,paths.post.input.aspect_ratio,landscape,ASPECT_RATIO,16:9,LOW,std_to_api:fallback_baseline
kie,Sora2 - Pro Text to Video,https://docs.kie.ai/market/sora2/sora-2-pro-text-to-video.md,sora2/sora-2-pro-text-to-video,paths.post.input.aspect_ratio,landscape,ASPECT_RATIO,1:1,LOW,std_to_api:fallback_baseline
kie,Sora2 - Pro Text to Video,https://docs.kie.ai/market/sora2/sora-2-pro-text-to-video.md,sora2/sora-2-pro-text-to-video,paths.post.input.aspect_ratio,landscape,ASPECT_RATIO,21:9,LOW,std_to_api:fallback_baseline
kie,Sora2 - Pro Text to Video,https://docs.kie.ai/market/sora2/sora-2-pro-text-to-video.md,sora2/sora-2-pro-text-to-video,paths.post.input.aspect_ratio,landscape,ASPECT_RATIO,2:3,LOW,std_to_api:fallback_baseline
kie,Sora2 - Pro Text to Video,https://docs.kie.ai/market/sora2/sora-2-pro-text-to-video.md,sora2/sora-2-pro-text-to-video,paths.post.input.aspect_ratio,landscape,ASPECT_RATIO,3:2,LOW,std_to_api:fallback_baseline
kie,Sora2 - Pro Text to Video,https://docs.kie.ai/market/sora2/sora-2-pro-text-to-video.md,sora2/sora-2-pro-text-to-video,paths.post.input.aspect_ratio,landscape,ASPECT_RATIO,3:4,LOW,std_to_api:fallback_baseline
kie,Sora2 - Pro Text to Video,https://docs.kie.ai/market/sora2/sora-2-pro-text-to-video.md,sora2/sora-2-pro-text-to-video,paths.post.input.aspect_ratio,landscape,ASPECT_RATIO,4:3,LOW,std_to_api:fallback_baseline
kie,Sora2 - Pro Text to Video,https://docs.kie.ai/market/sora2/sora-2-pro-text-to-video.md,sora2/sora-2-pro-text-to-video,paths.post.input.aspect_ratio,landscape,ASPECT_RATIO,9:16,LOW,std_to_api:fallback_baseline
kie,Sora2 - Pro Text to Video,https://docs.kie.ai/market/sora2/sora-2-pro-text-to-video.md,sora2/sora-2-pro-text-to-video,paths.post.input.aspect_ratio,landscape,ASPECT_RATIO,9:21,LOW,std_to_api:fallback_baseline
kie,Sora2 - Pro Text to Video,https://docs.kie.ai/market/sora2/sora-2-pro-text-to-video.md,sora2/sora-2-pro-text-to-video,paths.post.input.aspect_ratio,landscape,ASPECT_RATIO,AUTO,LOW,std_to_api:fallback_baseline
kie,Sora2 - Text to Video,https://docs.kie.ai/market/sora2/sora-2-text-to-video.md,sora2/sora-2-text-to-video,paths.post.input.aspect_ratio,landscape,ASPECT_RATIO,16:9,LOW,std_to_api:fallback_baseline
kie,Sora2 - Text to Video,https://docs.kie.ai/market/sora2/sora-2-text-to-video.md,sora2/sora-2-text-to-video,paths.post.input.aspect_ratio,landscape,ASPECT_RATIO,1:1,LOW,std_to_api:fallback_baseline
kie,Sora2 - Text to Video,https://docs.kie.ai/market/sora2/sora-2-text-to-video.md,sora2/sora-2-text-to-video,paths.post.input.aspect_ratio,landscape,ASPECT_RATIO,21:9,LOW,std_to_api:fallback_baseline
kie,Sora2 - Text to Video,https://docs.kie.ai/market/sora2/sora-2-text-to-video.md,sora2/sora-2-text-to-video,paths.post.input.aspect_ratio,landscape,ASPECT_RATIO,2:3,LOW,std_to_api:fallback_baseline
kie,Sora2 - Text to Video,https://docs.kie.ai/market/sora2/sora-2-text-to-video.md,sora2/sora-2-text-to-video,paths.post.input.aspect_ratio,landscape,ASPECT_RATIO,3:2,LOW,std_to_api:fallback_baseline
kie,Sora2 - Text to Video,https://docs.kie.ai/market/sora2/sora-2-text-to-video.md,sora2/sora-2-text-to-video,paths.post.input.aspect_ratio,landscape,ASPECT_RATIO,3:4,LOW,std_to_api:fallback_baseline
kie,Sora2 - Text to Video,https://docs.kie.ai/market/sora2/sora-2-text-to-video.md,sora2/sora-2-text-to-video,paths.post.input.aspect_ratio,landscape,ASPECT_RATIO,4:3,LOW,std_to_api:fallback_baseline
kie,Sora2 - Text to Video,https://docs.kie.ai/market/sora2/sora-2-text-to-video.md,sora2/sora-2-text-to-video,paths.post.input.aspect_ratio,landscape,ASPECT_RATIO,9:16,LOW,std_to_api:fallback_baseline
kie,Sora2 - Text to Video,https://docs.kie.ai/market/sora2/sora-2-text-to-video.md,sora2/sora-2-text-to-video,paths.post.input.aspect_ratio,landscape,ASPECT_RATIO,9:21,LOW,std_to_api:fallback_baseline
kie,Sora2 - Text to Video,https://docs.kie.ai/market/sora2/sora-2-text-to-video.md,sora2/sora-2-text-to-video,paths.post.input.aspect_ratio,landscape,ASPECT_RATIO,AUTO,LOW,std_to_api:fallback_baseline
kie,Wan - Text to Video,https://docs.kie.ai/market/wan/2-2-a14b-text-to-video-turbo.md,wan/2-2-a14b-text-to-video-turbo,paths.post.input.aspect_ratio,16:9,ASPECT_RATIO,16:9,HIGH,std_to_api:exact
kie,Wan - Text to Video,https://docs.kie.ai/market/wan/2-2-a14b-text-to-video-turbo.md,wan/2-2-a14b-text-to-video-turbo,paths.post.input.aspect_ratio,9:16,ASPECT_RATIO,1:1,MEDIUM,std_to_api:nearest_ratio
kie,Wan - Text to Video,https://docs.kie.ai/market/wan/2-2-a14b-text-to-video-turbo.md,wan/2-2-a14b-text-to-video-turbo,paths.post.input.aspect_ratio,16:9,ASPECT_RATIO,21:9,MEDIUM,std_to_api:nearest_ratio
kie,Wan - Text to Video,https://docs.kie.ai/market/wan/2-2-a14b-text-to-video-turbo.md,wan/2-2-a14b-text-to-video-turbo,paths.post.input.aspect_ratio,9:16,ASPECT_RATIO,2:3,MEDIUM,std_to_api:nearest_ratio
kie,Wan - Text to Video,https://docs.kie.ai/market/wan/2-2-a14b-text-to-video-turbo.md,wan/2-2-a14b-text-to-video-turbo,paths.post.input.aspect_ratio,16:9,ASPECT_RATIO,3:2,MEDIUM,std_to_api:nearest_ratio
kie,Wan - Text to Video,https://docs.kie.ai/market/wan/2-2-a14b-text-to-video-turbo.md,wan/2-2-a14b-text-to-video-turbo,paths.post.input.aspect_ratio,9:16,ASPECT_RATIO,3:4,MEDIUM,std_to_api:nearest_ratio
kie,Wan - Text to Video,https://docs.kie.ai/market/wan/2-2-a14b-text-to-video-turbo.md,wan/2-2-a14b-text-to-video-turbo,paths.post.input.aspect_ratio,16:9,ASPECT_RATIO,4:3,MEDIUM,std_to_api:nearest_ratio
kie,Wan - Text to Video,https://docs.kie.ai/market/wan/2-2-a14b-text-to-video-turbo.md,wan/2-2-a14b-text-to-video-turbo,paths.post.input.aspect_ratio,9:16,ASPECT_RATIO,9:16,HIGH,std_to_api:exact
kie,Wan - Text to Video,https://docs.kie.ai/market/wan/2-2-a14b-text-to-video-turbo.md,wan/2-2-a14b-text-to-video-turbo,paths.post.input.aspect_ratio,9:16,ASPECT_RATIO,9:21,MEDIUM,std_to_api:nearest_ratio
kie,Wan - Text to Video,https://docs.kie.ai/market/wan/2-2-a14b-text-to-video-turbo.md,wan/2-2-a14b-text-to-video-turbo,paths.post.input.aspect_ratio,16:9,ASPECT_RATIO,AUTO,LOW,std_to_api:fallback_baseline
kie,Z-Image,https://docs.kie.ai/market/z-image/z-image.md,z-image/z-image,paths.post.input.aspect_ratio,16:9,ASPECT_RATIO,16:9,HIGH,std_to_api:exact
kie,Z-Image,https://docs.kie.ai/market/z-image/z-image.md,z-image/z-image,paths.post.input.aspect_ratio,1:1,ASPECT_RATIO,1:1,HIGH,std_to_api:exact
kie,Z-Image,https://docs.kie.ai/market/z-image/z-image.md,z-image/z-image,paths.post.input.aspect_ratio,16:9,ASPECT_RATIO,21:9,MEDIUM,std_to_api:nearest_ratio
kie,Z-Image,https://docs.kie.ai/market/z-image/z-image.md,z-image/z-image,paths.post.input.aspect_ratio,3:4,ASPECT_RATIO,2:3,MEDIUM,std_to_api:nearest_ratio
kie,Z-Image,https://docs.kie.ai/market/z-image/z-image.md,z-image/z-image,paths.post.input.aspect_ratio,4:3,ASPECT_RATIO,3:2,MEDIUM,std_to_api:nearest_ratio
kie,Z-Image,https://docs.kie.ai/market/z-image/z-image.md,z-image/z-image,paths.post.input.aspect_ratio,3:4,ASPECT_RATIO,3:4,HIGH,std_to_api:exact
kie,Z-Image,https://docs.kie.ai/market/z-image/z-image.md,z-image/z-image,paths.post.input.aspect_ratio,4:3,ASPECT_RATIO,4:3,HIGH,std_to_api:exact
kie,Z-Image,https://docs.kie.ai/market/z-image/z-image.md,z-image/z-image,paths.post.input.aspect_ratio,9:16,ASPECT_RATIO,9:16,HIGH,std_to_api:exact
kie,Z-Image,https://docs.kie.ai/market/z-image/z-image.md,z-image/z-image,paths.post.input.aspect_ratio,9:16,ASPECT_RATIO,9:21,MEDIUM,std_to_api:nearest_ratio
kie,Z-Image,https://docs.kie.ai/market/z-image/z-image.md,z-image/z-image,paths.post.input.aspect_ratio,1:1,ASPECT_RATIO,AUTO,LOW,std_to_api:fallback_baseline
kie,Kling 2.6 motion-control,https://docs.kie.ai/market/kling/motion-control.md,kling/motion-control,paths.post.input.character_orientation,image,CHARACTER_ORIENTATION,IMAGE,HIGH,std_to_api:exact
kie,Kling 2.6 motion-control,https://docs.kie.ai/market/kling/motion-control.md,kling/motion-control,paths.post.input.character_orientation,video,CHARACTER_ORIENTATION,VIDEO,HIGH,std_to_api:exact
kie,Bytedance Seedance 1.5 Pro,https://docs.kie.ai/market/bytedance/seedance-1-5-pro.md,bytedance/seedance-1-5-pro,paths.post.input.duration,8,DURATION_SECONDS,10,MEDIUM,std_to_api:nearest_lower
kie,Bytedance Seedance 1.5 Pro,https://docs.kie.ai/market/bytedance/seedance-1-5-pro.md,bytedance/seedance-1-5-pro,paths.post.input.duration,8,DURATION_SECONDS,11,MEDIUM,std_to_api:nearest_lower
kie,Bytedance Seedance 1.5 Pro,https://docs.kie.ai/market/bytedance/seedance-1-5-pro.md,bytedance/seedance-1-5-pro,paths.post.input.duration,12,DURATION_SECONDS,12,MEDIUM,std_to_api:nearest_lower
kie,Bytedance Seedance 1.5 Pro,https://docs.kie.ai/market/bytedance/seedance-1-5-pro.md,bytedance/seedance-1-5-pro,paths.post.input.duration,12,DURATION_SECONDS,13,MEDIUM,std_to_api:nearest_lower
kie,Bytedance Seedance 1.5 Pro,https://docs.kie.ai/market/bytedance/seedance-1-5-pro.md,bytedance/seedance-1-5-pro,paths.post.input.duration,12,DURATION_SECONDS,14,MEDIUM,std_to_api:nearest_lower
kie,Bytedance Seedance 1.5 Pro,https://docs.kie.ai/market/bytedance/seedance-1-5-pro.md,bytedance/seedance-1-5-pro,paths.post.input.duration,12,DURATION_SECONDS,15,MEDIUM,std_to_api:nearest_lower
kie,Bytedance Seedance 1.5 Pro,https://docs.kie.ai/market/bytedance/seedance-1-5-pro.md,bytedance/seedance-1-5-pro,paths.post.input.duration,12,DURATION_SECONDS,25,MEDIUM,std_to_api:nearest_lower
kie,Bytedance Seedance 1.5 Pro,https://docs.kie.ai/market/bytedance/seedance-1-5-pro.md,bytedance/seedance-1-5-pro,paths.post.input.duration,4,DURATION_SECONDS,3,LOW,std_to_api:fallback_min
kie,Bytedance Seedance 1.5 Pro,https://docs.kie.ai/market/bytedance/seedance-1-5-pro.md,bytedance/seedance-1-5-pro,paths.post.input.duration,4,DURATION_SECONDS,4,MEDIUM,std_to_api:nearest_lower
kie,Bytedance Seedance 1.5 Pro,https://docs.kie.ai/market/bytedance/seedance-1-5-pro.md,bytedance/seedance-1-5-pro,paths.post.input.duration,4,DURATION_SECONDS,5,MEDIUM,std_to_api:nearest_lower
kie,Bytedance Seedance 1.5 Pro,https://docs.kie.ai/market/bytedance/seedance-1-5-pro.md,bytedance/seedance-1-5-pro,paths.post.input.duration,4,DURATION_SECONDS,6,MEDIUM,std_to_api:nearest_lower
kie,Bytedance Seedance 1.5 Pro,https://docs.kie.ai/market/bytedance/seedance-1-5-pro.md,bytedance/seedance-1-5-pro,paths.post.input.duration,4,DURATION_SECONDS,7,MEDIUM,std_to_api:nearest_lower
kie,Bytedance Seedance 1.5 Pro,https://docs.kie.ai/market/bytedance/seedance-1-5-pro.md,bytedance/seedance-1-5-pro,paths.post.input.duration,8,DURATION_SECONDS,8,MEDIUM,std_to_api:nearest_lower
kie,Bytedance Seedance 1.5 Pro,https://docs.kie.ai/market/bytedance/seedance-1-5-pro.md,bytedance/seedance-1-5-pro,paths.post.input.duration,8,DURATION_SECONDS,9,MEDIUM,std_to_api:nearest_lower
kie,Bytedance - V1 Lite Image to Video,https://docs.kie.ai/market/bytedance/v1-lite-image-to-video.md,bytedance/v1-lite-image-to-video,paths.post.input.duration,10,DURATION_SECONDS,10,MEDIUM,std_to_api:nearest_lower
kie,Bytedance - V1 Lite Image to Video,https://docs.kie.ai/market/bytedance/v1-lite-image-to-video.md,bytedance/v1-lite-image-to-video,paths.post.input.duration,10,DURATION_SECONDS,11,MEDIUM,std_to_api:nearest_lower
kie,Bytedance - V1 Lite Image to Video,https://docs.kie.ai/market/bytedance/v1-lite-image-to-video.md,bytedance/v1-lite-image-to-video,paths.post.input.duration,10,DURATION_SECONDS,12,MEDIUM,std_to_api:nearest_lower
kie,Bytedance - V1 Lite Image to Video,https://docs.kie.ai/market/bytedance/v1-lite-image-to-video.md,bytedance/v1-lite-image-to-video,paths.post.input.duration,10,DURATION_SECONDS,13,MEDIUM,std_to_api:nearest_lower
kie,Bytedance - V1 Lite Image to Video,https://docs.kie.ai/market/bytedance/v1-lite-image-to-video.md,bytedance/v1-lite-image-to-video,paths.post.input.duration,10,DURATION_SECONDS,14,MEDIUM,std_to_api:nearest_lower
kie,Bytedance - V1 Lite Image to Video,https://docs.kie.ai/market/bytedance/v1-lite-image-to-video.md,bytedance/v1-lite-image-to-video,paths.post.input.duration,10,DURATION_SECONDS,15,MEDIUM,std_to_api:nearest_lower
kie,Bytedance - V1 Lite Image to Video,https://docs.kie.ai/market/bytedance/v1-lite-image-to-video.md,bytedance/v1-lite-image-to-video,paths.post.input.duration,10,DURATION_SECONDS,25,MEDIUM,std_to_api:nearest_lower
kie,Bytedance - V1 Lite Image to Video,https://docs.kie.ai/market/bytedance/v1-lite-image-to-video.md,bytedance/v1-lite-image-to-video,paths.post.input.duration,5,DURATION_SECONDS,3,LOW,std_to_api:fallback_min
kie,Bytedance - V1 Lite Image to Video,https://docs.kie.ai/market/bytedance/v1-lite-image-to-video.md,bytedance/v1-lite-image-to-video,paths.post.input.duration,5,DURATION_SECONDS,4,LOW,std_to_api:fallback_min
kie,Bytedance - V1 Lite Image to Video,https://docs.kie.ai/market/bytedance/v1-lite-image-to-video.md,bytedance/v1-lite-image-to-video,paths.post.input.duration,5,DURATION_SECONDS,5,MEDIUM,std_to_api:nearest_lower
kie,Bytedance - V1 Lite Image to Video,https://docs.kie.ai/market/bytedance/v1-lite-image-to-video.md,bytedance/v1-lite-image-to-video,paths.post.input.duration,5,DURATION_SECONDS,6,MEDIUM,std_to_api:nearest_lower
kie,Bytedance - V1 Lite Image to Video,https://docs.kie.ai/market/bytedance/v1-lite-image-to-video.md,bytedance/v1-lite-image-to-video,paths.post.input.duration,5,DURATION_SECONDS,7,MEDIUM,std_to_api:nearest_lower
kie,Bytedance - V1 Lite Image to Video,https://docs.kie.ai/market/bytedance/v1-lite-image-to-video.md,bytedance/v1-lite-image-to-video,paths.post.input.duration,5,DURATION_SECONDS,8,MEDIUM,std_to_api:nearest_lower
kie,Bytedance - V1 Lite Image to Video,https://docs.kie.ai/market/bytedance/v1-lite-image-to-video.md,bytedance/v1-lite-image-to-video,paths.post.input.duration,5,DURATION_SECONDS,9,MEDIUM,std_to_api:nearest_lower
kie,Bytedance - V1 Lite Text to Video,https://docs.kie.ai/market/bytedance/v1-lite-text-to-video.md,bytedance/v1-lite-text-to-video,paths.post.input.duration,10,DURATION_SECONDS,10,MEDIUM,std_to_api:nearest_lower
kie,Bytedance - V1 Lite Text to Video,https://docs.kie.ai/market/bytedance/v1-lite-text-to-video.md,bytedance/v1-lite-text-to-video,paths.post.input.duration,10,DURATION_SECONDS,11,MEDIUM,std_to_api:nearest_lower
kie,Bytedance - V1 Lite Text to Video,https://docs.kie.ai/market/bytedance/v1-lite-text-to-video.md,bytedance/v1-lite-text-to-video,paths.post.input.duration,10,DURATION_SECONDS,12,MEDIUM,std_to_api:nearest_lower
kie,Bytedance - V1 Lite Text to Video,https://docs.kie.ai/market/bytedance/v1-lite-text-to-video.md,bytedance/v1-lite-text-to-video,paths.post.input.duration,10,DURATION_SECONDS,13,MEDIUM,std_to_api:nearest_lower
kie,Bytedance - V1 Lite Text to Video,https://docs.kie.ai/market/bytedance/v1-lite-text-to-video.md,bytedance/v1-lite-text-to-video,paths.post.input.duration,10,DURATION_SECONDS,14,MEDIUM,std_to_api:nearest_lower
kie,Bytedance - V1 Lite Text to Video,https://docs.kie.ai/market/bytedance/v1-lite-text-to-video.md,bytedance/v1-lite-text-to-video,paths.post.input.duration,10,DURATION_SECONDS,15,MEDIUM,std_to_api:nearest_lower
kie,Bytedance - V1 Lite Text to Video,https://docs.kie.ai/market/bytedance/v1-lite-text-to-video.md,bytedance/v1-lite-text-to-video,paths.post.input.duration,10,DURATION_SECONDS,25,MEDIUM,std_to_api:nearest_lower
kie,Bytedance - V1 Lite Text to Video,https://docs.kie.ai/market/bytedance/v1-lite-text-to-video.md,bytedance/v1-lite-text-to-video,paths.post.input.duration,5,DURATION_SECONDS,3,LOW,std_to_api:fallback_min
kie,Bytedance - V1 Lite Text to Video,https://docs.kie.ai/market/bytedance/v1-lite-text-to-video.md,bytedance/v1-lite-text-to-video,paths.post.input.duration,5,DURATION_SECONDS,4,LOW,std_to_api:fallback_min
kie,Bytedance - V1 Lite Text to Video,https://docs.kie.ai/market/bytedance/v1-lite-text-to-video.md,bytedance/v1-lite-text-to-video,paths.post.input.duration,5,DURATION_SECONDS,5,MEDIUM,std_to_api:nearest_lower
kie,Bytedance - V1 Lite Text to Video,https://docs.kie.ai/market/bytedance/v1-lite-text-to-video.md,bytedance/v1-lite-text-to-video,paths.post.input.duration,5,DURATION_SECONDS,6,MEDIUM,std_to_api:nearest_lower
kie,Bytedance - V1 Lite Text to Video,https://docs.kie.ai/market/bytedance/v1-lite-text-to-video.md,bytedance/v1-lite-text-to-video,paths.post.input.duration,5,DURATION_SECONDS,7,MEDIUM,std_to_api:nearest_lower
kie,Bytedance - V1 Lite Text to Video,https://docs.kie.ai/market/bytedance/v1-lite-text-to-video.md,bytedance/v1-lite-text-to-video,paths.post.input.duration,5,DURATION_SECONDS,8,MEDIUM,std_to_api:nearest_lower
kie,Bytedance - V1 Lite Text to Video,https://docs.kie.ai/market/bytedance/v1-lite-text-to-video.md,bytedance/v1-lite-text-to-video,paths.post.input.duration,5,DURATION_SECONDS,9,MEDIUM,std_to_api:nearest_lower
kie,Bytedance V1 Pro Fast Image to Video,https://docs.kie.ai/market/bytedance/v1-pro-fast-image-to-video.md,bytedance/v1-pro-fast-image-to-video,paths.post.input.duration,10,DURATION_SECONDS,10,MEDIUM,std_to_api:nearest_lower
kie,Bytedance V1 Pro Fast Image to Video,https://docs.kie.ai/market/bytedance/v1-pro-fast-image-to-video.md,bytedance/v1-pro-fast-image-to-video,paths.post.input.duration,10,DURATION_SECONDS,11,MEDIUM,std_to_api:nearest_lower
kie,Bytedance V1 Pro Fast Image to Video,https://docs.kie.ai/market/bytedance/v1-pro-fast-image-to-video.md,bytedance/v1-pro-fast-image-to-video,paths.post.input.duration,10,DURATION_SECONDS,12,MEDIUM,std_to_api:nearest_lower
kie,Bytedance V1 Pro Fast Image to Video,https://docs.kie.ai/market/bytedance/v1-pro-fast-image-to-video.md,bytedance/v1-pro-fast-image-to-video,paths.post.input.duration,10,DURATION_SECONDS,13,MEDIUM,std_to_api:nearest_lower
kie,Bytedance V1 Pro Fast Image to Video,https://docs.kie.ai/market/bytedance/v1-pro-fast-image-to-video.md,bytedance/v1-pro-fast-image-to-video,paths.post.input.duration,10,DURATION_SECONDS,14,MEDIUM,std_to_api:nearest_lower
kie,Bytedance V1 Pro Fast Image to Video,https://docs.kie.ai/market/bytedance/v1-pro-fast-image-to-video.md,bytedance/v1-pro-fast-image-to-video,paths.post.input.duration,10,DURATION_SECONDS,15,MEDIUM,std_to_api:nearest_lower
kie,Bytedance V1 Pro Fast Image to Video,https://docs.kie.ai/market/bytedance/v1-pro-fast-image-to-video.md,bytedance/v1-pro-fast-image-to-video,paths.post.input.duration,10,DURATION_SECONDS,25,MEDIUM,std_to_api:nearest_lower
kie,Bytedance V1 Pro Fast Image to Video,https://docs.kie.ai/market/bytedance/v1-pro-fast-image-to-video.md,bytedance/v1-pro-fast-image-to-video,paths.post.input.duration,5,DURATION_SECONDS,3,LOW,std_to_api:fallback_min
kie,Bytedance V1 Pro Fast Image to Video,https://docs.kie.ai/market/bytedance/v1-pro-fast-image-to-video.md,bytedance/v1-pro-fast-image-to-video,paths.post.input.duration,5,DURATION_SECONDS,4,LOW,std_to_api:fallback_min
kie,Bytedance V1 Pro Fast Image to Video,https://docs.kie.ai/market/bytedance/v1-pro-fast-image-to-video.md,bytedance/v1-pro-fast-image-to-video,paths.post.input.duration,5,DURATION_SECONDS,5,MEDIUM,std_to_api:nearest_lower
kie,Bytedance V1 Pro Fast Image to Video,https://docs.kie.ai/market/bytedance/v1-pro-fast-image-to-video.md,bytedance/v1-pro-fast-image-to-video,paths.post.input.duration,5,DURATION_SECONDS,6,MEDIUM,std_to_api:nearest_lower
kie,Bytedance V1 Pro Fast Image to Video,https://docs.kie.ai/market/bytedance/v1-pro-fast-image-to-video.md,bytedance/v1-pro-fast-image-to-video,paths.post.input.duration,5,DURATION_SECONDS,7,MEDIUM,std_to_api:nearest_lower
kie,Bytedance V1 Pro Fast Image to Video,https://docs.kie.ai/market/bytedance/v1-pro-fast-image-to-video.md,bytedance/v1-pro-fast-image-to-video,paths.post.input.duration,5,DURATION_SECONDS,8,MEDIUM,std_to_api:nearest_lower
kie,Bytedance V1 Pro Fast Image to Video,https://docs.kie.ai/market/bytedance/v1-pro-fast-image-to-video.md,bytedance/v1-pro-fast-image-to-video,paths.post.input.duration,5,DURATION_SECONDS,9,MEDIUM,std_to_api:nearest_lower
kie,Bytedance V1 Pro Image to Video,https://docs.kie.ai/market/bytedance/v1-pro-image-to-video.md,bytedance/v1-pro-image-to-video,paths.post.input.duration,10,DURATION_SECONDS,10,MEDIUM,std_to_api:nearest_lower
kie,Bytedance V1 Pro Image to Video,https://docs.kie.ai/market/bytedance/v1-pro-image-to-video.md,bytedance/v1-pro-image-to-video,paths.post.input.duration,10,DURATION_SECONDS,11,MEDIUM,std_to_api:nearest_lower
kie,Bytedance V1 Pro Image to Video,https://docs.kie.ai/market/bytedance/v1-pro-image-to-video.md,bytedance/v1-pro-image-to-video,paths.post.input.duration,10,DURATION_SECONDS,12,MEDIUM,std_to_api:nearest_lower
kie,Bytedance V1 Pro Image to Video,https://docs.kie.ai/market/bytedance/v1-pro-image-to-video.md,bytedance/v1-pro-image-to-video,paths.post.input.duration,10,DURATION_SECONDS,13,MEDIUM,std_to_api:nearest_lower
kie,Bytedance V1 Pro Image to Video,https://docs.kie.ai/market/bytedance/v1-pro-image-to-video.md,bytedance/v1-pro-image-to-video,paths.post.input.duration,10,DURATION_SECONDS,14,MEDIUM,std_to_api:nearest_lower
kie,Bytedance V1 Pro Image to Video,https://docs.kie.ai/market/bytedance/v1-pro-image-to-video.md,bytedance/v1-pro-image-to-video,paths.post.input.duration,10,DURATION_SECONDS,15,MEDIUM,std_to_api:nearest_lower
kie,Bytedance V1 Pro Image to Video,https://docs.kie.ai/market/bytedance/v1-pro-image-to-video.md,bytedance/v1-pro-image-to-video,paths.post.input.duration,10,DURATION_SECONDS,25,MEDIUM,std_to_api:nearest_lower
kie,Bytedance V1 Pro Image to Video,https://docs.kie.ai/market/bytedance/v1-pro-image-to-video.md,bytedance/v1-pro-image-to-video,paths.post.input.duration,5,DURATION_SECONDS,3,LOW,std_to_api:fallback_min
kie,Bytedance V1 Pro Image to Video,https://docs.kie.ai/market/bytedance/v1-pro-image-to-video.md,bytedance/v1-pro-image-to-video,paths.post.input.duration,5,DURATION_SECONDS,4,LOW,std_to_api:fallback_min
kie,Bytedance V1 Pro Image to Video,https://docs.kie.ai/market/bytedance/v1-pro-image-to-video.md,bytedance/v1-pro-image-to-video,paths.post.input.duration,5,DURATION_SECONDS,5,MEDIUM,std_to_api:nearest_lower
kie,Bytedance V1 Pro Image to Video,https://docs.kie.ai/market/bytedance/v1-pro-image-to-video.md,bytedance/v1-pro-image-to-video,paths.post.input.duration,5,DURATION_SECONDS,6,MEDIUM,std_to_api:nearest_lower
kie,Bytedance V1 Pro Image to Video,https://docs.kie.ai/market/bytedance/v1-pro-image-to-video.md,bytedance/v1-pro-image-to-video,paths.post.input.duration,5,DURATION_SECONDS,7,MEDIUM,std_to_api:nearest_lower
kie,Bytedance V1 Pro Image to Video,https://docs.kie.ai/market/bytedance/v1-pro-image-to-video.md,bytedance/v1-pro-image-to-video,paths.post.input.duration,5,DURATION_SECONDS,8,MEDIUM,std_to_api:nearest_lower
kie,Bytedance V1 Pro Image to Video,https://docs.kie.ai/market/bytedance/v1-pro-image-to-video.md,bytedance/v1-pro-image-to-video,paths.post.input.duration,5,DURATION_SECONDS,9,MEDIUM,std_to_api:nearest_lower
kie,Bytedance - V1 Pro Text to Video,https://docs.kie.ai/market/bytedance/v1-pro-text-to-video.md,bytedance/v1-pro-text-to-video,paths.post.input.duration,10,DURATION_SECONDS,10,MEDIUM,std_to_api:nearest_lower
kie,Bytedance - V1 Pro Text to Video,https://docs.kie.ai/market/bytedance/v1-pro-text-to-video.md,bytedance/v1-pro-text-to-video,paths.post.input.duration,10,DURATION_SECONDS,11,MEDIUM,std_to_api:nearest_lower
kie,Bytedance - V1 Pro Text to Video,https://docs.kie.ai/market/bytedance/v1-pro-text-to-video.md,bytedance/v1-pro-text-to-video,paths.post.input.duration,10,DURATION_SECONDS,12,MEDIUM,std_to_api:nearest_lower
kie,Bytedance - V1 Pro Text to Video,https://docs.kie.ai/market/bytedance/v1-pro-text-to-video.md,bytedance/v1-pro-text-to-video,paths.post.input.duration,10,DURATION_SECONDS,13,MEDIUM,std_to_api:nearest_lower
kie,Bytedance - V1 Pro Text to Video,https://docs.kie.ai/market/bytedance/v1-pro-text-to-video.md,bytedance/v1-pro-text-to-video,paths.post.input.duration,10,DURATION_SECONDS,14,MEDIUM,std_to_api:nearest_lower
kie,Bytedance - V1 Pro Text to Video,https://docs.kie.ai/market/bytedance/v1-pro-text-to-video.md,bytedance/v1-pro-text-to-video,paths.post.input.duration,10,DURATION_SECONDS,15,MEDIUM,std_to_api:nearest_lower
kie,Bytedance - V1 Pro Text to Video,https://docs.kie.ai/market/bytedance/v1-pro-text-to-video.md,bytedance/v1-pro-text-to-video,paths.post.input.duration,10,DURATION_SECONDS,25,MEDIUM,std_to_api:nearest_lower
kie,Bytedance - V1 Pro Text to Video,https://docs.kie.ai/market/bytedance/v1-pro-text-to-video.md,bytedance/v1-pro-text-to-video,paths.post.input.duration,5,DURATION_SECONDS,3,LOW,std_to_api:fallback_min
kie,Bytedance - V1 Pro Text to Video,https://docs.kie.ai/market/bytedance/v1-pro-text-to-video.md,bytedance/v1-pro-text-to-video,paths.post.input.duration,5,DURATION_SECONDS,4,LOW,std_to_api:fallback_min
kie,Bytedance - V1 Pro Text to Video,https://docs.kie.ai/market/bytedance/v1-pro-text-to-video.md,bytedance/v1-pro-text-to-video,paths.post.input.duration,5,DURATION_SECONDS,5,MEDIUM,std_to_api:nearest_lower
kie,Bytedance - V1 Pro Text to Video,https://docs.kie.ai/market/bytedance/v1-pro-text-to-video.md,bytedance/v1-pro-text-to-video,paths.post.input.duration,5,DURATION_SECONDS,6,MEDIUM,std_to_api:nearest_lower
kie,Bytedance - V1 Pro Text to Video,https://docs.kie.ai/market/bytedance/v1-pro-text-to-video.md,bytedance/v1-pro-text-to-video,paths.post.input.duration,5,DURATION_SECONDS,7,MEDIUM,std_to_api:nearest_lower
kie,Bytedance - V1 Pro Text to Video,https://docs.kie.ai/market/bytedance/v1-pro-text-to-video.md,bytedance/v1-pro-text-to-video,paths.post.input.duration,5,DURATION_SECONDS,8,MEDIUM,std_to_api:nearest_lower
kie,Bytedance - V1 Pro Text to Video,https://docs.kie.ai/market/bytedance/v1-pro-text-to-video.md,bytedance/v1-pro-text-to-video,paths.post.input.duration,5,DURATION_SECONDS,9,MEDIUM,std_to_api:nearest_lower
kie,Grok Imagine Image to Video,https://docs.kie.ai/market/grok-imagine/image-to-video.md,grok-imagine/image-to-video,paths.post.input.duration,10,DURATION_SECONDS,10,MEDIUM,std_to_api:nearest_lower
kie,Grok Imagine Image to Video,https://docs.kie.ai/market/grok-imagine/image-to-video.md,grok-imagine/image-to-video,paths.post.input.duration,10,DURATION_SECONDS,11,MEDIUM,std_to_api:nearest_lower
kie,Grok Imagine Image to Video,https://docs.kie.ai/market/grok-imagine/image-to-video.md,grok-imagine/image-to-video,paths.post.input.duration,10,DURATION_SECONDS,12,MEDIUM,std_to_api:nearest_lower
kie,Grok Imagine Image to Video,https://docs.kie.ai/market/grok-imagine/image-to-video.md,grok-imagine/image-to-video,paths.post.input.duration,10,DURATION_SECONDS,13,MEDIUM,std_to_api:nearest_lower
kie,Grok Imagine Image to Video,https://docs.kie.ai/market/grok-imagine/image-to-video.md,grok-imagine/image-to-video,paths.post.input.duration,10,DURATION_SECONDS,14,MEDIUM,std_to_api:nearest_lower
kie,Grok Imagine Image to Video,https://docs.kie.ai/market/grok-imagine/image-to-video.md,grok-imagine/image-to-video,paths.post.input.duration,15,DURATION_SECONDS,15,MEDIUM,std_to_api:nearest_lower
kie,Grok Imagine Image to Video,https://docs.kie.ai/market/grok-imagine/image-to-video.md,grok-imagine/image-to-video,paths.post.input.duration,15,DURATION_SECONDS,25,MEDIUM,std_to_api:nearest_lower
kie,Grok Imagine Image to Video,https://docs.kie.ai/market/grok-imagine/image-to-video.md,grok-imagine/image-to-video,paths.post.input.duration,6,DURATION_SECONDS,3,LOW,std_to_api:fallback_min
kie,Grok Imagine Image to Video,https://docs.kie.ai/market/grok-imagine/image-to-video.md,grok-imagine/image-to-video,paths.post.input.duration,6,DURATION_SECONDS,4,LOW,std_to_api:fallback_min
kie,Grok Imagine Image to Video,https://docs.kie.ai/market/grok-imagine/image-to-video.md,grok-imagine/image-to-video,paths.post.input.duration,6,DURATION_SECONDS,5,LOW,std_to_api:fallback_min
kie,Grok Imagine Image to Video,https://docs.kie.ai/market/grok-imagine/image-to-video.md,grok-imagine/image-to-video,paths.post.input.duration,6,DURATION_SECONDS,6,MEDIUM,std_to_api:nearest_lower
kie,Grok Imagine Image to Video,https://docs.kie.ai/market/grok-imagine/image-to-video.md,grok-imagine/image-to-video,paths.post.input.duration,6,DURATION_SECONDS,7,MEDIUM,std_to_api:nearest_lower
kie,Grok Imagine Image to Video,https://docs.kie.ai/market/grok-imagine/image-to-video.md,grok-imagine/image-to-video,paths.post.input.duration,6,DURATION_SECONDS,8,MEDIUM,std_to_api:nearest_lower
kie,Grok Imagine Image to Video,https://docs.kie.ai/market/grok-imagine/image-to-video.md,grok-imagine/image-to-video,paths.post.input.duration,6,DURATION_SECONDS,9,MEDIUM,std_to_api:nearest_lower
kie,Grok Imagine Text to Video,https://docs.kie.ai/market/grok-imagine/text-to-video.md,grok-imagine/text-to-video,paths.post.input.duration,10,DURATION_SECONDS,10,MEDIUM,std_to_api:nearest_lower
kie,Grok Imagine Text to Video,https://docs.kie.ai/market/grok-imagine/text-to-video.md,grok-imagine/text-to-video,paths.post.input.duration,10,DURATION_SECONDS,11,MEDIUM,std_to_api:nearest_lower
kie,Grok Imagine Text to Video,https://docs.kie.ai/market/grok-imagine/text-to-video.md,grok-imagine/text-to-video,paths.post.input.duration,10,DURATION_SECONDS,12,MEDIUM,std_to_api:nearest_lower
kie,Grok Imagine Text to Video,https://docs.kie.ai/market/grok-imagine/text-to-video.md,grok-imagine/text-to-video,paths.post.input.duration,10,DURATION_SECONDS,13,MEDIUM,std_to_api:nearest_lower
kie,Grok Imagine Text to Video,https://docs.kie.ai/market/grok-imagine/text-to-video.md,grok-imagine/text-to-video,paths.post.input.duration,10,DURATION_SECONDS,14,MEDIUM,std_to_api:nearest_lower
kie,Grok Imagine Text to Video,https://docs.kie.ai/market/grok-imagine/text-to-video.md,grok-imagine/text-to-video,paths.post.input.duration,15,DURATION_SECONDS,15,MEDIUM,std_to_api:nearest_lower
kie,Grok Imagine Text to Video,https://docs.kie.ai/market/grok-imagine/text-to-video.md,grok-imagine/text-to-video,paths.post.input.duration,15,DURATION_SECONDS,25,MEDIUM,std_to_api:nearest_lower
kie,Grok Imagine Text to Video,https://docs.kie.ai/market/grok-imagine/text-to-video.md,grok-imagine/text-to-video,paths.post.input.duration,6,DURATION_SECONDS,3,LOW,std_to_api:fallback_min
kie,Grok Imagine Text to Video,https://docs.kie.ai/market/grok-imagine/text-to-video.md,grok-imagine/text-to-video,paths.post.input.duration,6,DURATION_SECONDS,4,LOW,std_to_api:fallback_min
kie,Grok Imagine Text to Video,https://docs.kie.ai/market/grok-imagine/text-to-video.md,grok-imagine/text-to-video,paths.post.input.duration,6,DURATION_SECONDS,5,LOW,std_to_api:fallback_min
kie,Grok Imagine Text to Video,https://docs.kie.ai/market/grok-imagine/text-to-video.md,grok-imagine/text-to-video,paths.post.input.duration,6,DURATION_SECONDS,6,MEDIUM,std_to_api:nearest_lower
kie,Grok Imagine Text to Video,https://docs.kie.ai/market/grok-imagine/text-to-video.md,grok-imagine/text-to-video,paths.post.input.duration,6,DURATION_SECONDS,7,MEDIUM,std_to_api:nearest_lower
kie,Grok Imagine Text to Video,https://docs.kie.ai/market/grok-imagine/text-to-video.md,grok-imagine/text-to-video,paths.post.input.duration,6,DURATION_SECONDS,8,MEDIUM,std_to_api:nearest_lower
kie,Grok Imagine Text to Video,https://docs.kie.ai/market/grok-imagine/text-to-video.md,grok-imagine/text-to-video,paths.post.input.duration,6,DURATION_SECONDS,9,MEDIUM,std_to_api:nearest_lower
kie,Hailuo Standard Image to Video,https://docs.kie.ai/market/hailuo/02-image-to-video-standard.md,hailuo/02-image-to-video-standard,paths.post.input.duration,10,DURATION_SECONDS,10,MEDIUM,std_to_api:nearest_lower
kie,Hailuo Standard Image to Video,https://docs.kie.ai/market/hailuo/02-image-to-video-standard.md,hailuo/02-image-to-video-standard,paths.post.input.duration,10,DURATION_SECONDS,11,MEDIUM,std_to_api:nearest_lower
kie,Hailuo Standard Image to Video,https://docs.kie.ai/market/hailuo/02-image-to-video-standard.md,hailuo/02-image-to-video-standard,paths.post.input.duration,10,DURATION_SECONDS,12,MEDIUM,std_to_api:nearest_lower
kie,Hailuo Standard Image to Video,https://docs.kie.ai/market/hailuo/02-image-to-video-standard.md,hailuo/02-image-to-video-standard,paths.post.input.duration,10,DURATION_SECONDS,13,MEDIUM,std_to_api:nearest_lower
kie,Hailuo Standard Image to Video,https://docs.kie.ai/market/hailuo/02-image-to-video-standard.md,hailuo/02-image-to-video-standard,paths.post.input.duration,10,DURATION_SECONDS,14,MEDIUM,std_to_api:nearest_lower
kie,Hailuo Standard Image to Video,https://docs.kie.ai/market/hailuo/02-image-to-video-standard.md,hailuo/02-image-to-video-standard,paths.post.input.duration,10,DURATION_SECONDS,15,MEDIUM,std_to_api:nearest_lower
kie,Hailuo Standard Image to Video,https://docs.kie.ai/market/hailuo/02-image-to-video-standard.md,hailuo/02-image-to-video-standard,paths.post.input.duration,10,DURATION_SECONDS,25,MEDIUM,std_to_api:nearest_lower
kie,Hailuo Standard Image to Video,https://docs.kie.ai/market/hailuo/02-image-to-video-standard.md,hailuo/02-image-to-video-standard,paths.post.input.duration,6,DURATION_SECONDS,3,LOW,std_to_api:fallback_min
kie,Hailuo Standard Image to Video,https://docs.kie.ai/market/hailuo/02-image-to-video-standard.md,hailuo/02-image-to-video-standard,paths.post.input.duration,6,DURATION_SECONDS,4,LOW,std_to_api:fallback_min
kie,Hailuo Standard Image to Video,https://docs.kie.ai/market/hailuo/02-image-to-video-standard.md,hailuo/02-image-to-video-standard,paths.post.input.duration,6,DURATION_SECONDS,5,LOW,std_to_api:fallback_min
kie,Hailuo Standard Image to Video,https://docs.kie.ai/market/hailuo/02-image-to-video-standard.md,hailuo/02-image-to-video-standard,paths.post.input.duration,6,DURATION_SECONDS,6,MEDIUM,std_to_api:nearest_lower
kie,Hailuo Standard Image to Video,https://docs.kie.ai/market/hailuo/02-image-to-video-standard.md,hailuo/02-image-to-video-standard,paths.post.input.duration,6,DURATION_SECONDS,7,MEDIUM,std_to_api:nearest_lower
kie,Hailuo Standard Image to Video,https://docs.kie.ai/market/hailuo/02-image-to-video-standard.md,hailuo/02-image-to-video-standard,paths.post.input.duration,6,DURATION_SECONDS,8,MEDIUM,std_to_api:nearest_lower
kie,Hailuo Standard Image to Video,https://docs.kie.ai/market/hailuo/02-image-to-video-standard.md,hailuo/02-image-to-video-standard,paths.post.input.duration,6,DURATION_SECONDS,9,MEDIUM,std_to_api:nearest_lower
kie,Hailuo Standard Text to Video,https://docs.kie.ai/market/hailuo/02-text-to-video-standard.md,hailuo/02-text-to-video-standard,paths.post.input.duration,10,DURATION_SECONDS,10,MEDIUM,std_to_api:nearest_lower
kie,Hailuo Standard Text to Video,https://docs.kie.ai/market/hailuo/02-text-to-video-standard.md,hailuo/02-text-to-video-standard,paths.post.input.duration,10,DURATION_SECONDS,11,MEDIUM,std_to_api:nearest_lower
kie,Hailuo Standard Text to Video,https://docs.kie.ai/market/hailuo/02-text-to-video-standard.md,hailuo/02-text-to-video-standard,paths.post.input.duration,10,DURATION_SECONDS,12,MEDIUM,std_to_api:nearest_lower
kie,Hailuo Standard Text to Video,https://docs.kie.ai/market/hailuo/02-text-to-video-standard.md,hailuo/02-text-to-video-standard,paths.post.input.duration,10,DURATION_SECONDS,13,MEDIUM,std_to_api:nearest_lower
kie,Hailuo Standard Text to Video,https://docs.kie.ai/market/hailuo/02-text-to-video-standard.md,hailuo/02-text-to-video-standard,paths.post.input.duration,10,DURATION_SECONDS,14,MEDIUM,std_to_api:nearest_lower
kie,Hailuo Standard Text to Video,https://docs.kie.ai/market/hailuo/02-text-to-video-standard.md,hailuo/02-text-to-video-standard,paths.post.input.duration,10,DURATION_SECONDS,15,MEDIUM,std_to_api:nearest_lower
kie,Hailuo Standard Text to Video,https://docs.kie.ai/market/hailuo/02-text-to-video-standard.md,hailuo/02-text-to-video-standard,paths.post.input.duration,10,DURATION_SECONDS,25,MEDIUM,std_to_api:nearest_lower
kie,Hailuo Standard Text to Video,https://docs.kie.ai/market/hailuo/02-text-to-video-standard.md,hailuo/02-text-to-video-standard,paths.post.input.duration,6,DURATION_SECONDS,3,LOW,std_to_api:fallback_min
kie,Hailuo Standard Text to Video,https://docs.kie.ai/market/hailuo/02-text-to-video-standard.md,hailuo/02-text-to-video-standard,paths.post.input.duration,6,DURATION_SECONDS,4,LOW,std_to_api:fallback_min
kie,Hailuo Standard Text to Video,https://docs.kie.ai/market/hailuo/02-text-to-video-standard.md,hailuo/02-text-to-video-standard,paths.post.input.duration,6,DURATION_SECONDS,5,LOW,std_to_api:fallback_min
kie,Hailuo Standard Text to Video,https://docs.kie.ai/market/hailuo/02-text-to-video-standard.md,hailuo/02-text-to-video-standard,paths.post.input.duration,6,DURATION_SECONDS,6,MEDIUM,std_to_api:nearest_lower
kie,Hailuo Standard Text to Video,https://docs.kie.ai/market/hailuo/02-text-to-video-standard.md,hailuo/02-text-to-video-standard,paths.post.input.duration,6,DURATION_SECONDS,7,MEDIUM,std_to_api:nearest_lower
kie,Hailuo Standard Text to Video,https://docs.kie.ai/market/hailuo/02-text-to-video-standard.md,hailuo/02-text-to-video-standard,paths.post.input.duration,6,DURATION_SECONDS,8,MEDIUM,std_to_api:nearest_lower
kie,Hailuo Standard Text to Video,https://docs.kie.ai/market/hailuo/02-text-to-video-standard.md,hailuo/02-text-to-video-standard,paths.post.input.duration,6,DURATION_SECONDS,9,MEDIUM,std_to_api:nearest_lower
kie,Hailuo 2.3 Pro Image to Video,https://docs.kie.ai/market/hailuo/2-3-image-to-video-pro.md,hailuo/2-3-image-to-video-pro,paths.post.input.duration,10,DURATION_SECONDS,10,MEDIUM,std_to_api:nearest_lower
kie,Hailuo 2.3 Pro Image to Video,https://docs.kie.ai/market/hailuo/2-3-image-to-video-pro.md,hailuo/2-3-image-to-video-pro,paths.post.input.duration,10,DURATION_SECONDS,11,MEDIUM,std_to_api:nearest_lower
kie,Hailuo 2.3 Pro Image to Video,https://docs.kie.ai/market/hailuo/2-3-image-to-video-pro.md,hailuo/2-3-image-to-video-pro,paths.post.input.duration,10,DURATION_SECONDS,12,MEDIUM,std_to_api:nearest_lower
kie,Hailuo 2.3 Pro Image to Video,https://docs.kie.ai/market/hailuo/2-3-image-to-video-pro.md,hailuo/2-3-image-to-video-pro,paths.post.input.duration,10,DURATION_SECONDS,13,MEDIUM,std_to_api:nearest_lower
kie,Hailuo 2.3 Pro Image to Video,https://docs.kie.ai/market/hailuo/2-3-image-to-video-pro.md,hailuo/2-3-image-to-video-pro,paths.post.input.duration,10,DURATION_SECONDS,14,MEDIUM,std_to_api:nearest_lower
kie,Hailuo 2.3 Pro Image to Video,https://docs.kie.ai/market/hailuo/2-3-image-to-video-pro.md,hailuo/2-3-image-to-video-pro,paths.post.input.duration,10,DURATION_SECONDS,15,MEDIUM,std_to_api:nearest_lower
kie,Hailuo 2.3 Pro Image to Video,https://docs.kie.ai/market/hailuo/2-3-image-to-video-pro.md,hailuo/2-3-image-to-video-pro,paths.post.input.duration,10,DURATION_SECONDS,25,MEDIUM,std_to_api:nearest_lower
kie,Hailuo 2.3 Pro Image to Video,https://docs.kie.ai/market/hailuo/2-3-image-to-video-pro.md,hailuo/2-3-image-to-video-pro,paths.post.input.duration,6,DURATION_SECONDS,3,LOW,std_to_api:fallback_min
kie,Hailuo 2.3 Pro Image to Video,https://docs.kie.ai/market/hailuo/2-3-image-to-video-pro.md,hailuo/2-3-image-to-video-pro,paths.post.input.duration,6,DURATION_SECONDS,4,LOW,std_to_api:fallback_min
kie,Hailuo 2.3 Pro Image to Video,https://docs.kie.ai/market/hailuo/2-3-image-to-video-pro.md,hailuo/2-3-image-to-video-pro,paths.post.input.duration,6,DURATION_SECONDS,5,LOW,std_to_api:fallback_min
kie,Hailuo 2.3 Pro Image to Video,https://docs.kie.ai/market/hailuo/2-3-image-to-video-pro.md,hailuo/2-3-image-to-video-pro,paths.post.input.duration,6,DURATION_SECONDS,6,MEDIUM,std_to_api:nearest_lower
kie,Hailuo 2.3 Pro Image to Video,https://docs.kie.ai/market/hailuo/2-3-image-to-video-pro.md,hailuo/2-3-image-to-video-pro,paths.post.input.duration,6,DURATION_SECONDS,7,MEDIUM,std_to_api:nearest_lower
kie,Hailuo 2.3 Pro Image to Video,https://docs.kie.ai/market/hailuo/2-3-image-to-video-pro.md,hailuo/2-3-image-to-video-pro,paths.post.input.duration,6,DURATION_SECONDS,8,MEDIUM,std_to_api:nearest_lower
kie,Hailuo 2.3 Pro Image to Video,https://docs.kie.ai/market/hailuo/2-3-image-to-video-pro.md,hailuo/2-3-image-to-video-pro,paths.post.input.duration,6,DURATION_SECONDS,9,MEDIUM,std_to_api:nearest_lower
kie,Hailuo 2.3 Standard Image to Video,https://docs.kie.ai/market/hailuo/2-3-image-to-video-standard.md,hailuo/2-3-image-to-video-standard,paths.post.input.duration,10,DURATION_SECONDS,10,MEDIUM,std_to_api:nearest_lower
kie,Hailuo 2.3 Standard Image to Video,https://docs.kie.ai/market/hailuo/2-3-image-to-video-standard.md,hailuo/2-3-image-to-video-standard,paths.post.input.duration,10,DURATION_SECONDS,11,MEDIUM,std_to_api:nearest_lower
kie,Hailuo 2.3 Standard Image to Video,https://docs.kie.ai/market/hailuo/2-3-image-to-video-standard.md,hailuo/2-3-image-to-video-standard,paths.post.input.duration,10,DURATION_SECONDS,12,MEDIUM,std_to_api:nearest_lower
kie,Hailuo 2.3 Standard Image to Video,https://docs.kie.ai/market/hailuo/2-3-image-to-video-standard.md,hailuo/2-3-image-to-video-standard,paths.post.input.duration,10,DURATION_SECONDS,13,MEDIUM,std_to_api:nearest_lower
kie,Hailuo 2.3 Standard Image to Video,https://docs.kie.ai/market/hailuo/2-3-image-to-video-standard.md,hailuo/2-3-image-to-video-standard,paths.post.input.duration,10,DURATION_SECONDS,14,MEDIUM,std_to_api:nearest_lower
kie,Hailuo 2.3 Standard Image to Video,https://docs.kie.ai/market/hailuo/2-3-image-to-video-standard.md,hailuo/2-3-image-to-video-standard,paths.post.input.duration,10,DURATION_SECONDS,15,MEDIUM,std_to_api:nearest_lower
kie,Hailuo 2.3 Standard Image to Video,https://docs.kie.ai/market/hailuo/2-3-image-to-video-standard.md,hailuo/2-3-image-to-video-standard,paths.post.input.duration,10,DURATION_SECONDS,25,MEDIUM,std_to_api:nearest_lower
kie,Hailuo 2.3 Standard Image to Video,https://docs.kie.ai/market/hailuo/2-3-image-to-video-standard.md,hailuo/2-3-image-to-video-standard,paths.post.input.duration,6,DURATION_SECONDS,3,LOW,std_to_api:fallback_min
kie,Hailuo 2.3 Standard Image to Video,https://docs.kie.ai/market/hailuo/2-3-image-to-video-standard.md,hailuo/2-3-image-to-video-standard,paths.post.input.duration,6,DURATION_SECONDS,4,LOW,std_to_api:fallback_min
kie,Hailuo 2.3 Standard Image to Video,https://docs.kie.ai/market/hailuo/2-3-image-to-video-standard.md,hailuo/2-3-image-to-video-standard,paths.post.input.duration,6,DURATION_SECONDS,5,LOW,std_to_api:fallback_min
kie,Hailuo 2.3 Standard Image to Video,https://docs.kie.ai/market/hailuo/2-3-image-to-video-standard.md,hailuo/2-3-image-to-video-standard,paths.post.input.duration,6,DURATION_SECONDS,6,MEDIUM,std_to_api:nearest_lower
kie,Hailuo 2.3 Standard Image to Video,https://docs.kie.ai/market/hailuo/2-3-image-to-video-standard.md,hailuo/2-3-image-to-video-standard,paths.post.input.duration,6,DURATION_SECONDS,7,MEDIUM,std_to_api:nearest_lower
kie,Hailuo 2.3 Standard Image to Video,https://docs.kie.ai/market/hailuo/2-3-image-to-video-standard.md,hailuo/2-3-image-to-video-standard,paths.post.input.duration,6,DURATION_SECONDS,8,MEDIUM,std_to_api:nearest_lower
kie,Hailuo 2.3 Standard Image to Video,https://docs.kie.ai/market/hailuo/2-3-image-to-video-standard.md,hailuo/2-3-image-to-video-standard,paths.post.input.duration,6,DURATION_SECONDS,9,MEDIUM,std_to_api:nearest_lower
kie,Kling 2.6 Image to Video,https://docs.kie.ai/market/kling/image-to-video.md,kling/image-to-video,paths.post.input.duration,10,DURATION_SECONDS,10,MEDIUM,std_to_api:nearest_lower
kie,Kling 2.6 Image to Video,https://docs.kie.ai/market/kling/image-to-video.md,kling/image-to-video,paths.post.input.duration,10,DURATION_SECONDS,11,MEDIUM,std_to_api:nearest_lower
kie,Kling 2.6 Image to Video,https://docs.kie.ai/market/kling/image-to-video.md,kling/image-to-video,paths.post.input.duration,10,DURATION_SECONDS,12,MEDIUM,std_to_api:nearest_lower
kie,Kling 2.6 Image to Video,https://docs.kie.ai/market/kling/image-to-video.md,kling/image-to-video,paths.post.input.duration,10,DURATION_SECONDS,13,MEDIUM,std_to_api:nearest_lower
kie,Kling 2.6 Image to Video,https://docs.kie.ai/market/kling/image-to-video.md,kling/image-to-video,paths.post.input.duration,10,DURATION_SECONDS,14,MEDIUM,std_to_api:nearest_lower
kie,Kling 2.6 Image to Video,https://docs.kie.ai/market/kling/image-to-video.md,kling/image-to-video,paths.post.input.duration,10,DURATION_SECONDS,15,MEDIUM,std_to_api:nearest_lower
kie,Kling 2.6 Image to Video,https://docs.kie.ai/market/kling/image-to-video.md,kling/image-to-video,paths.post.input.duration,10,DURATION_SECONDS,25,MEDIUM,std_to_api:nearest_lower
kie,Kling 2.6 Image to Video,https://docs.kie.ai/market/kling/image-to-video.md,kling/image-to-video,paths.post.input.duration,5,DURATION_SECONDS,3,LOW,std_to_api:fallback_min
kie,Kling 2.6 Image to Video,https://docs.kie.ai/market/kling/image-to-video.md,kling/image-to-video,paths.post.input.duration,5,DURATION_SECONDS,4,LOW,std_to_api:fallback_min
kie,Kling 2.6 Image to Video,https://docs.kie.ai/market/kling/image-to-video.md,kling/image-to-video,paths.post.input.duration,5,DURATION_SECONDS,5,MEDIUM,std_to_api:nearest_lower
kie,Kling 2.6 Image to Video,https://docs.kie.ai/market/kling/image-to-video.md,kling/image-to-video,paths.post.input.duration,5,DURATION_SECONDS,6,MEDIUM,std_to_api:nearest_lower
kie,Kling 2.6 Image to Video,https://docs.kie.ai/market/kling/image-to-video.md,kling/image-to-video,paths.post.input.duration,5,DURATION_SECONDS,7,MEDIUM,std_to_api:nearest_lower
kie,Kling 2.6 Image to Video,https://docs.kie.ai/market/kling/image-to-video.md,kling/image-to-video,paths.post.input.duration,5,DURATION_SECONDS,8,MEDIUM,std_to_api:nearest_lower
kie,Kling 2.6 Image to Video,https://docs.kie.ai/market/kling/image-to-video.md,kling/image-to-video,paths.post.input.duration,5,DURATION_SECONDS,9,MEDIUM,std_to_api:nearest_lower
kie,Kling 3.0,https://docs.kie.ai/market/kling/kling-3-0.md,kling/kling-3-0,paths.post.input.duration,10,DURATION_SECONDS,10,MEDIUM,std_to_api:nearest_lower
kie,Kling 3.0,https://docs.kie.ai/market/kling/kling-3-0.md,kling/kling-3-0,paths.post.input.duration,11,DURATION_SECONDS,11,MEDIUM,std_to_api:nearest_lower
kie,Kling 3.0,https://docs.kie.ai/market/kling/kling-3-0.md,kling/kling-3-0,paths.post.input.duration,12,DURATION_SECONDS,12,MEDIUM,std_to_api:nearest_lower
kie,Kling 3.0,https://docs.kie.ai/market/kling/kling-3-0.md,kling/kling-3-0,paths.post.input.duration,13,DURATION_SECONDS,13,MEDIUM,std_to_api:nearest_lower
kie,Kling 3.0,https://docs.kie.ai/market/kling/kling-3-0.md,kling/kling-3-0,paths.post.input.duration,14,DURATION_SECONDS,14,MEDIUM,std_to_api:nearest_lower
kie,Kling 3.0,https://docs.kie.ai/market/kling/kling-3-0.md,kling/kling-3-0,paths.post.input.duration,15,DURATION_SECONDS,15,MEDIUM,std_to_api:nearest_lower
kie,Kling 3.0,https://docs.kie.ai/market/kling/kling-3-0.md,kling/kling-3-0,paths.post.input.duration,15,DURATION_SECONDS,25,MEDIUM,std_to_api:nearest_lower
kie,Kling 3.0,https://docs.kie.ai/market/kling/kling-3-0.md,kling/kling-3-0,paths.post.input.duration,3,DURATION_SECONDS,3,MEDIUM,std_to_api:nearest_lower
kie,Kling 3.0,https://docs.kie.ai/market/kling/kling-3-0.md,kling/kling-3-0,paths.post.input.duration,4,DURATION_SECONDS,4,MEDIUM,std_to_api:nearest_lower
kie,Kling 3.0,https://docs.kie.ai/market/kling/kling-3-0.md,kling/kling-3-0,paths.post.input.duration,5,DURATION_SECONDS,5,MEDIUM,std_to_api:nearest_lower
kie,Kling 3.0,https://docs.kie.ai/market/kling/kling-3-0.md,kling/kling-3-0,paths.post.input.duration,6,DURATION_SECONDS,6,MEDIUM,std_to_api:nearest_lower
kie,Kling 3.0,https://docs.kie.ai/market/kling/kling-3-0.md,kling/kling-3-0,paths.post.input.duration,7,DURATION_SECONDS,7,MEDIUM,std_to_api:nearest_lower
kie,Kling 3.0,https://docs.kie.ai/market/kling/kling-3-0.md,kling/kling-3-0,paths.post.input.duration,8,DURATION_SECONDS,8,MEDIUM,std_to_api:nearest_lower
kie,Kling 3.0,https://docs.kie.ai/market/kling/kling-3-0.md,kling/kling-3-0,paths.post.input.duration,9,DURATION_SECONDS,9,MEDIUM,std_to_api:nearest_lower
kie,Kling 2.6 Text to Video,https://docs.kie.ai/market/kling/text-to-video.md,kling/text-to-video,paths.post.input.duration,10,DURATION_SECONDS,10,MEDIUM,std_to_api:nearest_lower
kie,Kling 2.6 Text to Video,https://docs.kie.ai/market/kling/text-to-video.md,kling/text-to-video,paths.post.input.duration,10,DURATION_SECONDS,11,MEDIUM,std_to_api:nearest_lower
kie,Kling 2.6 Text to Video,https://docs.kie.ai/market/kling/text-to-video.md,kling/text-to-video,paths.post.input.duration,10,DURATION_SECONDS,12,MEDIUM,std_to_api:nearest_lower
kie,Kling 2.6 Text to Video,https://docs.kie.ai/market/kling/text-to-video.md,kling/text-to-video,paths.post.input.duration,10,DURATION_SECONDS,13,MEDIUM,std_to_api:nearest_lower
kie,Kling 2.6 Text to Video,https://docs.kie.ai/market/kling/text-to-video.md,kling/text-to-video,paths.post.input.duration,10,DURATION_SECONDS,14,MEDIUM,std_to_api:nearest_lower
kie,Kling 2.6 Text to Video,https://docs.kie.ai/market/kling/text-to-video.md,kling/text-to-video,paths.post.input.duration,10,DURATION_SECONDS,15,MEDIUM,std_to_api:nearest_lower
kie,Kling 2.6 Text to Video,https://docs.kie.ai/market/kling/text-to-video.md,kling/text-to-video,paths.post.input.duration,10,DURATION_SECONDS,25,MEDIUM,std_to_api:nearest_lower
kie,Kling 2.6 Text to Video,https://docs.kie.ai/market/kling/text-to-video.md,kling/text-to-video,paths.post.input.duration,5,DURATION_SECONDS,3,LOW,std_to_api:fallback_min
kie,Kling 2.6 Text to Video,https://docs.kie.ai/market/kling/text-to-video.md,kling/text-to-video,paths.post.input.duration,5,DURATION_SECONDS,4,LOW,std_to_api:fallback_min
kie,Kling 2.6 Text to Video,https://docs.kie.ai/market/kling/text-to-video.md,kling/text-to-video,paths.post.input.duration,5,DURATION_SECONDS,5,MEDIUM,std_to_api:nearest_lower
kie,Kling 2.6 Text to Video,https://docs.kie.ai/market/kling/text-to-video.md,kling/text-to-video,paths.post.input.duration,5,DURATION_SECONDS,6,MEDIUM,std_to_api:nearest_lower
kie,Kling 2.6 Text to Video,https://docs.kie.ai/market/kling/text-to-video.md,kling/text-to-video,paths.post.input.duration,5,DURATION_SECONDS,7,MEDIUM,std_to_api:nearest_lower
kie,Kling 2.6 Text to Video,https://docs.kie.ai/market/kling/text-to-video.md,kling/text-to-video,paths.post.input.duration,5,DURATION_SECONDS,8,MEDIUM,std_to_api:nearest_lower
kie,Kling 2.6 Text to Video,https://docs.kie.ai/market/kling/text-to-video.md,kling/text-to-video,paths.post.input.duration,5,DURATION_SECONDS,9,MEDIUM,std_to_api:nearest_lower
kie,Kling V2.1 Master Image to Video,https://docs.kie.ai/market/kling/v2-1-master-image-to-video.md,kling/v2-1-master-image-to-video,paths.post.input.duration,10,DURATION_SECONDS,10,MEDIUM,std_to_api:nearest_lower
kie,Kling V2.1 Master Image to Video,https://docs.kie.ai/market/kling/v2-1-master-image-to-video.md,kling/v2-1-master-image-to-video,paths.post.input.duration,10,DURATION_SECONDS,11,MEDIUM,std_to_api:nearest_lower
kie,Kling V2.1 Master Image to Video,https://docs.kie.ai/market/kling/v2-1-master-image-to-video.md,kling/v2-1-master-image-to-video,paths.post.input.duration,10,DURATION_SECONDS,12,MEDIUM,std_to_api:nearest_lower
kie,Kling V2.1 Master Image to Video,https://docs.kie.ai/market/kling/v2-1-master-image-to-video.md,kling/v2-1-master-image-to-video,paths.post.input.duration,10,DURATION_SECONDS,13,MEDIUM,std_to_api:nearest_lower
kie,Kling V2.1 Master Image to Video,https://docs.kie.ai/market/kling/v2-1-master-image-to-video.md,kling/v2-1-master-image-to-video,paths.post.input.duration,10,DURATION_SECONDS,14,MEDIUM,std_to_api:nearest_lower
kie,Kling V2.1 Master Image to Video,https://docs.kie.ai/market/kling/v2-1-master-image-to-video.md,kling/v2-1-master-image-to-video,paths.post.input.duration,10,DURATION_SECONDS,15,MEDIUM,std_to_api:nearest_lower
kie,Kling V2.1 Master Image to Video,https://docs.kie.ai/market/kling/v2-1-master-image-to-video.md,kling/v2-1-master-image-to-video,paths.post.input.duration,10,DURATION_SECONDS,25,MEDIUM,std_to_api:nearest_lower
kie,Kling V2.1 Master Image to Video,https://docs.kie.ai/market/kling/v2-1-master-image-to-video.md,kling/v2-1-master-image-to-video,paths.post.input.duration,5,DURATION_SECONDS,3,LOW,std_to_api:fallback_min
kie,Kling V2.1 Master Image to Video,https://docs.kie.ai/market/kling/v2-1-master-image-to-video.md,kling/v2-1-master-image-to-video,paths.post.input.duration,5,DURATION_SECONDS,4,LOW,std_to_api:fallback_min
kie,Kling V2.1 Master Image to Video,https://docs.kie.ai/market/kling/v2-1-master-image-to-video.md,kling/v2-1-master-image-to-video,paths.post.input.duration,5,DURATION_SECONDS,5,MEDIUM,std_to_api:nearest_lower
kie,Kling V2.1 Master Image to Video,https://docs.kie.ai/market/kling/v2-1-master-image-to-video.md,kling/v2-1-master-image-to-video,paths.post.input.duration,5,DURATION_SECONDS,6,MEDIUM,std_to_api:nearest_lower
kie,Kling V2.1 Master Image to Video,https://docs.kie.ai/market/kling/v2-1-master-image-to-video.md,kling/v2-1-master-image-to-video,paths.post.input.duration,5,DURATION_SECONDS,7,MEDIUM,std_to_api:nearest_lower
kie,Kling V2.1 Master Image to Video,https://docs.kie.ai/market/kling/v2-1-master-image-to-video.md,kling/v2-1-master-image-to-video,paths.post.input.duration,5,DURATION_SECONDS,8,MEDIUM,std_to_api:nearest_lower
kie,Kling V2.1 Master Image to Video,https://docs.kie.ai/market/kling/v2-1-master-image-to-video.md,kling/v2-1-master-image-to-video,paths.post.input.duration,5,DURATION_SECONDS,9,MEDIUM,std_to_api:nearest_lower
kie,Kling V2.1 Master Text to Video,https://docs.kie.ai/market/kling/v2-1-master-text-to-video.md,kling/v2-1-master-text-to-video,paths.post.input.duration,10,DURATION_SECONDS,10,MEDIUM,std_to_api:nearest_lower
kie,Kling V2.1 Master Text to Video,https://docs.kie.ai/market/kling/v2-1-master-text-to-video.md,kling/v2-1-master-text-to-video,paths.post.input.duration,10,DURATION_SECONDS,11,MEDIUM,std_to_api:nearest_lower
kie,Kling V2.1 Master Text to Video,https://docs.kie.ai/market/kling/v2-1-master-text-to-video.md,kling/v2-1-master-text-to-video,paths.post.input.duration,10,DURATION_SECONDS,12,MEDIUM,std_to_api:nearest_lower
kie,Kling V2.1 Master Text to Video,https://docs.kie.ai/market/kling/v2-1-master-text-to-video.md,kling/v2-1-master-text-to-video,paths.post.input.duration,10,DURATION_SECONDS,13,MEDIUM,std_to_api:nearest_lower
kie,Kling V2.1 Master Text to Video,https://docs.kie.ai/market/kling/v2-1-master-text-to-video.md,kling/v2-1-master-text-to-video,paths.post.input.duration,10,DURATION_SECONDS,14,MEDIUM,std_to_api:nearest_lower
kie,Kling V2.1 Master Text to Video,https://docs.kie.ai/market/kling/v2-1-master-text-to-video.md,kling/v2-1-master-text-to-video,paths.post.input.duration,10,DURATION_SECONDS,15,MEDIUM,std_to_api:nearest_lower
kie,Kling V2.1 Master Text to Video,https://docs.kie.ai/market/kling/v2-1-master-text-to-video.md,kling/v2-1-master-text-to-video,paths.post.input.duration,10,DURATION_SECONDS,25,MEDIUM,std_to_api:nearest_lower
kie,Kling V2.1 Master Text to Video,https://docs.kie.ai/market/kling/v2-1-master-text-to-video.md,kling/v2-1-master-text-to-video,paths.post.input.duration,5,DURATION_SECONDS,3,LOW,std_to_api:fallback_min
kie,Kling V2.1 Master Text to Video,https://docs.kie.ai/market/kling/v2-1-master-text-to-video.md,kling/v2-1-master-text-to-video,paths.post.input.duration,5,DURATION_SECONDS,4,LOW,std_to_api:fallback_min
kie,Kling V2.1 Master Text to Video,https://docs.kie.ai/market/kling/v2-1-master-text-to-video.md,kling/v2-1-master-text-to-video,paths.post.input.duration,5,DURATION_SECONDS,5,MEDIUM,std_to_api:nearest_lower
kie,Kling V2.1 Master Text to Video,https://docs.kie.ai/market/kling/v2-1-master-text-to-video.md,kling/v2-1-master-text-to-video,paths.post.input.duration,5,DURATION_SECONDS,6,MEDIUM,std_to_api:nearest_lower
kie,Kling V2.1 Master Text to Video,https://docs.kie.ai/market/kling/v2-1-master-text-to-video.md,kling/v2-1-master-text-to-video,paths.post.input.duration,5,DURATION_SECONDS,7,MEDIUM,std_to_api:nearest_lower
kie,Kling V2.1 Master Text to Video,https://docs.kie.ai/market/kling/v2-1-master-text-to-video.md,kling/v2-1-master-text-to-video,paths.post.input.duration,5,DURATION_SECONDS,8,MEDIUM,std_to_api:nearest_lower
kie,Kling V2.1 Master Text to Video,https://docs.kie.ai/market/kling/v2-1-master-text-to-video.md,kling/v2-1-master-text-to-video,paths.post.input.duration,5,DURATION_SECONDS,9,MEDIUM,std_to_api:nearest_lower
kie,Kling V2.1 Pro,https://docs.kie.ai/market/kling/v2-1-pro.md,kling/v2-1-pro,paths.post.input.duration,10,DURATION_SECONDS,10,MEDIUM,std_to_api:nearest_lower
kie,Kling V2.1 Pro,https://docs.kie.ai/market/kling/v2-1-pro.md,kling/v2-1-pro,paths.post.input.duration,10,DURATION_SECONDS,11,MEDIUM,std_to_api:nearest_lower
kie,Kling V2.1 Pro,https://docs.kie.ai/market/kling/v2-1-pro.md,kling/v2-1-pro,paths.post.input.duration,10,DURATION_SECONDS,12,MEDIUM,std_to_api:nearest_lower
kie,Kling V2.1 Pro,https://docs.kie.ai/market/kling/v2-1-pro.md,kling/v2-1-pro,paths.post.input.duration,10,DURATION_SECONDS,13,MEDIUM,std_to_api:nearest_lower
kie,Kling V2.1 Pro,https://docs.kie.ai/market/kling/v2-1-pro.md,kling/v2-1-pro,paths.post.input.duration,10,DURATION_SECONDS,14,MEDIUM,std_to_api:nearest_lower
kie,Kling V2.1 Pro,https://docs.kie.ai/market/kling/v2-1-pro.md,kling/v2-1-pro,paths.post.input.duration,10,DURATION_SECONDS,15,MEDIUM,std_to_api:nearest_lower
kie,Kling V2.1 Pro,https://docs.kie.ai/market/kling/v2-1-pro.md,kling/v2-1-pro,paths.post.input.duration,10,DURATION_SECONDS,25,MEDIUM,std_to_api:nearest_lower
kie,Kling V2.1 Pro,https://docs.kie.ai/market/kling/v2-1-pro.md,kling/v2-1-pro,paths.post.input.duration,5,DURATION_SECONDS,3,LOW,std_to_api:fallback_min
kie,Kling V2.1 Pro,https://docs.kie.ai/market/kling/v2-1-pro.md,kling/v2-1-pro,paths.post.input.duration,5,DURATION_SECONDS,4,LOW,std_to_api:fallback_min
kie,Kling V2.1 Pro,https://docs.kie.ai/market/kling/v2-1-pro.md,kling/v2-1-pro,paths.post.input.duration,5,DURATION_SECONDS,5,MEDIUM,std_to_api:nearest_lower
kie,Kling V2.1 Pro,https://docs.kie.ai/market/kling/v2-1-pro.md,kling/v2-1-pro,paths.post.input.duration,5,DURATION_SECONDS,6,MEDIUM,std_to_api:nearest_lower
kie,Kling V2.1 Pro,https://docs.kie.ai/market/kling/v2-1-pro.md,kling/v2-1-pro,paths.post.input.duration,5,DURATION_SECONDS,7,MEDIUM,std_to_api:nearest_lower
kie,Kling V2.1 Pro,https://docs.kie.ai/market/kling/v2-1-pro.md,kling/v2-1-pro,paths.post.input.duration,5,DURATION_SECONDS,8,MEDIUM,std_to_api:nearest_lower
kie,Kling V2.1 Pro,https://docs.kie.ai/market/kling/v2-1-pro.md,kling/v2-1-pro,paths.post.input.duration,5,DURATION_SECONDS,9,MEDIUM,std_to_api:nearest_lower
kie,Kling V2.1 Standard,https://docs.kie.ai/market/kling/v2-1-standard.md,kling/v2-1-standard,paths.post.input.duration,10,DURATION_SECONDS,10,MEDIUM,std_to_api:nearest_lower
kie,Kling V2.1 Standard,https://docs.kie.ai/market/kling/v2-1-standard.md,kling/v2-1-standard,paths.post.input.duration,10,DURATION_SECONDS,11,MEDIUM,std_to_api:nearest_lower
kie,Kling V2.1 Standard,https://docs.kie.ai/market/kling/v2-1-standard.md,kling/v2-1-standard,paths.post.input.duration,10,DURATION_SECONDS,12,MEDIUM,std_to_api:nearest_lower
kie,Kling V2.1 Standard,https://docs.kie.ai/market/kling/v2-1-standard.md,kling/v2-1-standard,paths.post.input.duration,10,DURATION_SECONDS,13,MEDIUM,std_to_api:nearest_lower
kie,Kling V2.1 Standard,https://docs.kie.ai/market/kling/v2-1-standard.md,kling/v2-1-standard,paths.post.input.duration,10,DURATION_SECONDS,14,MEDIUM,std_to_api:nearest_lower
kie,Kling V2.1 Standard,https://docs.kie.ai/market/kling/v2-1-standard.md,kling/v2-1-standard,paths.post.input.duration,10,DURATION_SECONDS,15,MEDIUM,std_to_api:nearest_lower
kie,Kling V2.1 Standard,https://docs.kie.ai/market/kling/v2-1-standard.md,kling/v2-1-standard,paths.post.input.duration,10,DURATION_SECONDS,25,MEDIUM,std_to_api:nearest_lower
kie,Kling V2.1 Standard,https://docs.kie.ai/market/kling/v2-1-standard.md,kling/v2-1-standard,paths.post.input.duration,5,DURATION_SECONDS,3,LOW,std_to_api:fallback_min
kie,Kling V2.1 Standard,https://docs.kie.ai/market/kling/v2-1-standard.md,kling/v2-1-standard,paths.post.input.duration,5,DURATION_SECONDS,4,LOW,std_to_api:fallback_min
kie,Kling V2.1 Standard,https://docs.kie.ai/market/kling/v2-1-standard.md,kling/v2-1-standard,paths.post.input.duration,5,DURATION_SECONDS,5,MEDIUM,std_to_api:nearest_lower
kie,Kling V2.1 Standard,https://docs.kie.ai/market/kling/v2-1-standard.md,kling/v2-1-standard,paths.post.input.duration,5,DURATION_SECONDS,6,MEDIUM,std_to_api:nearest_lower
kie,Kling V2.1 Standard,https://docs.kie.ai/market/kling/v2-1-standard.md,kling/v2-1-standard,paths.post.input.duration,5,DURATION_SECONDS,7,MEDIUM,std_to_api:nearest_lower
kie,Kling V2.1 Standard,https://docs.kie.ai/market/kling/v2-1-standard.md,kling/v2-1-standard,paths.post.input.duration,5,DURATION_SECONDS,8,MEDIUM,std_to_api:nearest_lower
kie,Kling V2.1 Standard,https://docs.kie.ai/market/kling/v2-1-standard.md,kling/v2-1-standard,paths.post.input.duration,5,DURATION_SECONDS,9,MEDIUM,std_to_api:nearest_lower
kie,Kling - V2.5 Turbo Image to Video Pro,https://docs.kie.ai/market/kling/v25-turbo-image-to-video-pro.md,kling/v25-turbo-image-to-video-pro,paths.post.input.duration,10,DURATION_SECONDS,10,MEDIUM,std_to_api:nearest_lower
kie,Kling - V2.5 Turbo Image to Video Pro,https://docs.kie.ai/market/kling/v25-turbo-image-to-video-pro.md,kling/v25-turbo-image-to-video-pro,paths.post.input.duration,10,DURATION_SECONDS,11,MEDIUM,std_to_api:nearest_lower
kie,Kling - V2.5 Turbo Image to Video Pro,https://docs.kie.ai/market/kling/v25-turbo-image-to-video-pro.md,kling/v25-turbo-image-to-video-pro,paths.post.input.duration,10,DURATION_SECONDS,12,MEDIUM,std_to_api:nearest_lower
kie,Kling - V2.5 Turbo Image to Video Pro,https://docs.kie.ai/market/kling/v25-turbo-image-to-video-pro.md,kling/v25-turbo-image-to-video-pro,paths.post.input.duration,10,DURATION_SECONDS,13,MEDIUM,std_to_api:nearest_lower
kie,Kling - V2.5 Turbo Image to Video Pro,https://docs.kie.ai/market/kling/v25-turbo-image-to-video-pro.md,kling/v25-turbo-image-to-video-pro,paths.post.input.duration,10,DURATION_SECONDS,14,MEDIUM,std_to_api:nearest_lower
kie,Kling - V2.5 Turbo Image to Video Pro,https://docs.kie.ai/market/kling/v25-turbo-image-to-video-pro.md,kling/v25-turbo-image-to-video-pro,paths.post.input.duration,10,DURATION_SECONDS,15,MEDIUM,std_to_api:nearest_lower
kie,Kling - V2.5 Turbo Image to Video Pro,https://docs.kie.ai/market/kling/v25-turbo-image-to-video-pro.md,kling/v25-turbo-image-to-video-pro,paths.post.input.duration,10,DURATION_SECONDS,25,MEDIUM,std_to_api:nearest_lower
kie,Kling - V2.5 Turbo Image to Video Pro,https://docs.kie.ai/market/kling/v25-turbo-image-to-video-pro.md,kling/v25-turbo-image-to-video-pro,paths.post.input.duration,5,DURATION_SECONDS,3,LOW,std_to_api:fallback_min
kie,Kling - V2.5 Turbo Image to Video Pro,https://docs.kie.ai/market/kling/v25-turbo-image-to-video-pro.md,kling/v25-turbo-image-to-video-pro,paths.post.input.duration,5,DURATION_SECONDS,4,LOW,std_to_api:fallback_min
kie,Kling - V2.5 Turbo Image to Video Pro,https://docs.kie.ai/market/kling/v25-turbo-image-to-video-pro.md,kling/v25-turbo-image-to-video-pro,paths.post.input.duration,5,DURATION_SECONDS,5,MEDIUM,std_to_api:nearest_lower
kie,Kling - V2.5 Turbo Image to Video Pro,https://docs.kie.ai/market/kling/v25-turbo-image-to-video-pro.md,kling/v25-turbo-image-to-video-pro,paths.post.input.duration,5,DURATION_SECONDS,6,MEDIUM,std_to_api:nearest_lower
kie,Kling - V2.5 Turbo Image to Video Pro,https://docs.kie.ai/market/kling/v25-turbo-image-to-video-pro.md,kling/v25-turbo-image-to-video-pro,paths.post.input.duration,5,DURATION_SECONDS,7,MEDIUM,std_to_api:nearest_lower
kie,Kling - V2.5 Turbo Image to Video Pro,https://docs.kie.ai/market/kling/v25-turbo-image-to-video-pro.md,kling/v25-turbo-image-to-video-pro,paths.post.input.duration,5,DURATION_SECONDS,8,MEDIUM,std_to_api:nearest_lower
kie,Kling - V2.5 Turbo Image to Video Pro,https://docs.kie.ai/market/kling/v25-turbo-image-to-video-pro.md,kling/v25-turbo-image-to-video-pro,paths.post.input.duration,5,DURATION_SECONDS,9,MEDIUM,std_to_api:nearest_lower
kie,Kling - V2.5 Turbo Text to Video Pro,https://docs.kie.ai/market/kling/v25-turbo-text-to-video-pro.md,kling/v25-turbo-text-to-video-pro,paths.post.input.duration,10,DURATION_SECONDS,10,MEDIUM,std_to_api:nearest_lower
kie,Kling - V2.5 Turbo Text to Video Pro,https://docs.kie.ai/market/kling/v25-turbo-text-to-video-pro.md,kling/v25-turbo-text-to-video-pro,paths.post.input.duration,10,DURATION_SECONDS,11,MEDIUM,std_to_api:nearest_lower
kie,Kling - V2.5 Turbo Text to Video Pro,https://docs.kie.ai/market/kling/v25-turbo-text-to-video-pro.md,kling/v25-turbo-text-to-video-pro,paths.post.input.duration,10,DURATION_SECONDS,12,MEDIUM,std_to_api:nearest_lower
kie,Kling - V2.5 Turbo Text to Video Pro,https://docs.kie.ai/market/kling/v25-turbo-text-to-video-pro.md,kling/v25-turbo-text-to-video-pro,paths.post.input.duration,10,DURATION_SECONDS,13,MEDIUM,std_to_api:nearest_lower
kie,Kling - V2.5 Turbo Text to Video Pro,https://docs.kie.ai/market/kling/v25-turbo-text-to-video-pro.md,kling/v25-turbo-text-to-video-pro,paths.post.input.duration,10,DURATION_SECONDS,14,MEDIUM,std_to_api:nearest_lower
kie,Kling - V2.5 Turbo Text to Video Pro,https://docs.kie.ai/market/kling/v25-turbo-text-to-video-pro.md,kling/v25-turbo-text-to-video-pro,paths.post.input.duration,10,DURATION_SECONDS,15,MEDIUM,std_to_api:nearest_lower
kie,Kling - V2.5 Turbo Text to Video Pro,https://docs.kie.ai/market/kling/v25-turbo-text-to-video-pro.md,kling/v25-turbo-text-to-video-pro,paths.post.input.duration,10,DURATION_SECONDS,25,MEDIUM,std_to_api:nearest_lower
kie,Kling - V2.5 Turbo Text to Video Pro,https://docs.kie.ai/market/kling/v25-turbo-text-to-video-pro.md,kling/v25-turbo-text-to-video-pro,paths.post.input.duration,5,DURATION_SECONDS,3,LOW,std_to_api:fallback_min
kie,Kling - V2.5 Turbo Text to Video Pro,https://docs.kie.ai/market/kling/v25-turbo-text-to-video-pro.md,kling/v25-turbo-text-to-video-pro,paths.post.input.duration,5,DURATION_SECONDS,4,LOW,std_to_api:fallback_min
kie,Kling - V2.5 Turbo Text to Video Pro,https://docs.kie.ai/market/kling/v25-turbo-text-to-video-pro.md,kling/v25-turbo-text-to-video-pro,paths.post.input.duration,5,DURATION_SECONDS,5,MEDIUM,std_to_api:nearest_lower
kie,Kling - V2.5 Turbo Text to Video Pro,https://docs.kie.ai/market/kling/v25-turbo-text-to-video-pro.md,kling/v25-turbo-text-to-video-pro,paths.post.input.duration,5,DURATION_SECONDS,6,MEDIUM,std_to_api:nearest_lower
kie,Kling - V2.5 Turbo Text to Video Pro,https://docs.kie.ai/market/kling/v25-turbo-text-to-video-pro.md,kling/v25-turbo-text-to-video-pro,paths.post.input.duration,5,DURATION_SECONDS,7,MEDIUM,std_to_api:nearest_lower
kie,Kling - V2.5 Turbo Text to Video Pro,https://docs.kie.ai/market/kling/v25-turbo-text-to-video-pro.md,kling/v25-turbo-text-to-video-pro,paths.post.input.duration,5,DURATION_SECONDS,8,MEDIUM,std_to_api:nearest_lower
kie,Kling - V2.5 Turbo Text to Video Pro,https://docs.kie.ai/market/kling/v25-turbo-text-to-video-pro.md,kling/v25-turbo-text-to-video-pro,paths.post.input.duration,5,DURATION_SECONDS,9,MEDIUM,std_to_api:nearest_lower
kie,Sora2 - Pro Storyboard,https://docs.kie.ai/market/sora-2-pro-storyboard.md,sora-2-pro-storyboard,paths.post.input.n_frames,10,DURATION_SECONDS,10,MEDIUM,std_to_api:nearest_lower
kie,Sora2 - Pro Storyboard,https://docs.kie.ai/market/sora-2-pro-storyboard.md,sora-2-pro-storyboard,paths.post.input.n_frames,10,DURATION_SECONDS,11,MEDIUM,std_to_api:nearest_lower
kie,Sora2 - Pro Storyboard,https://docs.kie.ai/market/sora-2-pro-storyboard.md,sora-2-pro-storyboard,paths.post.input.n_frames,10,DURATION_SECONDS,12,MEDIUM,std_to_api:nearest_lower
kie,Sora2 - Pro Storyboard,https://docs.kie.ai/market/sora-2-pro-storyboard.md,sora-2-pro-storyboard,paths.post.input.n_frames,10,DURATION_SECONDS,13,MEDIUM,std_to_api:nearest_lower
kie,Sora2 - Pro Storyboard,https://docs.kie.ai/market/sora-2-pro-storyboard.md,sora-2-pro-storyboard,paths.post.input.n_frames,10,DURATION_SECONDS,14,MEDIUM,std_to_api:nearest_lower
kie,Sora2 - Pro Storyboard,https://docs.kie.ai/market/sora-2-pro-storyboard.md,sora-2-pro-storyboard,paths.post.input.n_frames,15,DURATION_SECONDS,15,MEDIUM,std_to_api:nearest_lower
kie,Sora2 - Pro Storyboard,https://docs.kie.ai/market/sora-2-pro-storyboard.md,sora-2-pro-storyboard,paths.post.input.n_frames,25,DURATION_SECONDS,25,MEDIUM,std_to_api:nearest_lower
kie,Sora2 - Pro Storyboard,https://docs.kie.ai/market/sora-2-pro-storyboard.md,sora-2-pro-storyboard,paths.post.input.n_frames,10,DURATION_SECONDS,3,LOW,std_to_api:fallback_min
kie,Sora2 - Pro Storyboard,https://docs.kie.ai/market/sora-2-pro-storyboard.md,sora-2-pro-storyboard,paths.post.input.n_frames,10,DURATION_SECONDS,4,LOW,std_to_api:fallback_min
kie,Sora2 - Pro Storyboard,https://docs.kie.ai/market/sora-2-pro-storyboard.md,sora-2-pro-storyboard,paths.post.input.n_frames,10,DURATION_SECONDS,5,LOW,std_to_api:fallback_min
kie,Sora2 - Pro Storyboard,https://docs.kie.ai/market/sora-2-pro-storyboard.md,sora-2-pro-storyboard,paths.post.input.n_frames,10,DURATION_SECONDS,6,LOW,std_to_api:fallback_min
kie,Sora2 - Pro Storyboard,https://docs.kie.ai/market/sora-2-pro-storyboard.md,sora-2-pro-storyboard,paths.post.input.n_frames,10,DURATION_SECONDS,7,LOW,std_to_api:fallback_min
kie,Sora2 - Pro Storyboard,https://docs.kie.ai/market/sora-2-pro-storyboard.md,sora-2-pro-storyboard,paths.post.input.n_frames,10,DURATION_SECONDS,8,LOW,std_to_api:fallback_min
kie,Sora2 - Pro Storyboard,https://docs.kie.ai/market/sora-2-pro-storyboard.md,sora-2-pro-storyboard,paths.post.input.n_frames,10,DURATION_SECONDS,9,LOW,std_to_api:fallback_min
kie,Sora2 - Image to Video,https://docs.kie.ai/market/sora2/sora-2-image-to-video.md,sora2/sora-2-image-to-video,paths.post.input.n_frames,10,DURATION_SECONDS,10,MEDIUM,std_to_api:nearest_lower
kie,Sora2 - Image to Video,https://docs.kie.ai/market/sora2/sora-2-image-to-video.md,sora2/sora-2-image-to-video,paths.post.input.n_frames,10,DURATION_SECONDS,11,MEDIUM,std_to_api:nearest_lower
kie,Sora2 - Image to Video,https://docs.kie.ai/market/sora2/sora-2-image-to-video.md,sora2/sora-2-image-to-video,paths.post.input.n_frames,10,DURATION_SECONDS,12,MEDIUM,std_to_api:nearest_lower
kie,Sora2 - Image to Video,https://docs.kie.ai/market/sora2/sora-2-image-to-video.md,sora2/sora-2-image-to-video,paths.post.input.n_frames,10,DURATION_SECONDS,13,MEDIUM,std_to_api:nearest_lower
kie,Sora2 - Image to Video,https://docs.kie.ai/market/sora2/sora-2-image-to-video.md,sora2/sora-2-image-to-video,paths.post.input.n_frames,10,DURATION_SECONDS,14,MEDIUM,std_to_api:nearest_lower
kie,Sora2 - Image to Video,https://docs.kie.ai/market/sora2/sora-2-image-to-video.md,sora2/sora-2-image-to-video,paths.post.input.n_frames,15,DURATION_SECONDS,15,MEDIUM,std_to_api:nearest_lower
kie,Sora2 - Image to Video,https://docs.kie.ai/market/sora2/sora-2-image-to-video.md,sora2/sora-2-image-to-video,paths.post.input.n_frames,15,DURATION_SECONDS,25,MEDIUM,std_to_api:nearest_lower
kie,Sora2 - Image to Video,https://docs.kie.ai/market/sora2/sora-2-image-to-video.md,sora2/sora-2-image-to-video,paths.post.input.n_frames,10,DURATION_SECONDS,3,LOW,std_to_api:fallback_min
kie,Sora2 - Image to Video,https://docs.kie.ai/market/sora2/sora-2-image-to-video.md,sora2/sora-2-image-to-video,paths.post.input.n_frames,10,DURATION_SECONDS,4,LOW,std_to_api:fallback_min
kie,Sora2 - Image to Video,https://docs.kie.ai/market/sora2/sora-2-image-to-video.md,sora2/sora-2-image-to-video,paths.post.input.n_frames,10,DURATION_SECONDS,5,LOW,std_to_api:fallback_min
kie,Sora2 - Image to Video,https://docs.kie.ai/market/sora2/sora-2-image-to-video.md,sora2/sora-2-image-to-video,paths.post.input.n_frames,10,DURATION_SECONDS,6,LOW,std_to_api:fallback_min
kie,Sora2 - Image to Video,https://docs.kie.ai/market/sora2/sora-2-image-to-video.md,sora2/sora-2-image-to-video,paths.post.input.n_frames,10,DURATION_SECONDS,7,LOW,std_to_api:fallback_min
kie,Sora2 - Image to Video,https://docs.kie.ai/market/sora2/sora-2-image-to-video.md,sora2/sora-2-image-to-video,paths.post.input.n_frames,10,DURATION_SECONDS,8,LOW,std_to_api:fallback_min
kie,Sora2 - Image to Video,https://docs.kie.ai/market/sora2/sora-2-image-to-video.md,sora2/sora-2-image-to-video,paths.post.input.n_frames,10,DURATION_SECONDS,9,LOW,std_to_api:fallback_min
kie,Sora2 - Pro Image to Video,https://docs.kie.ai/market/sora2/sora-2-pro-image-to-video.md,sora2/sora-2-pro-image-to-video,paths.post.input.n_frames,10,DURATION_SECONDS,10,MEDIUM,std_to_api:nearest_lower
kie,Sora2 - Pro Image to Video,https://docs.kie.ai/market/sora2/sora-2-pro-image-to-video.md,sora2/sora-2-pro-image-to-video,paths.post.input.n_frames,10,DURATION_SECONDS,11,MEDIUM,std_to_api:nearest_lower
kie,Sora2 - Pro Image to Video,https://docs.kie.ai/market/sora2/sora-2-pro-image-to-video.md,sora2/sora-2-pro-image-to-video,paths.post.input.n_frames,10,DURATION_SECONDS,12,MEDIUM,std_to_api:nearest_lower
kie,Sora2 - Pro Image to Video,https://docs.kie.ai/market/sora2/sora-2-pro-image-to-video.md,sora2/sora-2-pro-image-to-video,paths.post.input.n_frames,10,DURATION_SECONDS,13,MEDIUM,std_to_api:nearest_lower
kie,Sora2 - Pro Image to Video,https://docs.kie.ai/market/sora2/sora-2-pro-image-to-video.md,sora2/sora-2-pro-image-to-video,paths.post.input.n_frames,10,DURATION_SECONDS,14,MEDIUM,std_to_api:nearest_lower
kie,Sora2 - Pro Image to Video,https://docs.kie.ai/market/sora2/sora-2-pro-image-to-video.md,sora2/sora-2-pro-image-to-video,paths.post.input.n_frames,15,DURATION_SECONDS,15,MEDIUM,std_to_api:nearest_lower
kie,Sora2 - Pro Image to Video,https://docs.kie.ai/market/sora2/sora-2-pro-image-to-video.md,sora2/sora-2-pro-image-to-video,paths.post.input.n_frames,15,DURATION_SECONDS,25,MEDIUM,std_to_api:nearest_lower
kie,Sora2 - Pro Image to Video,https://docs.kie.ai/market/sora2/sora-2-pro-image-to-video.md,sora2/sora-2-pro-image-to-video,paths.post.input.n_frames,10,DURATION_SECONDS,3,LOW,std_to_api:fallback_min
kie,Sora2 - Pro Image to Video,https://docs.kie.ai/market/sora2/sora-2-pro-image-to-video.md,sora2/sora-2-pro-image-to-video,paths.post.input.n_frames,10,DURATION_SECONDS,4,LOW,std_to_api:fallback_min
kie,Sora2 - Pro Image to Video,https://docs.kie.ai/market/sora2/sora-2-pro-image-to-video.md,sora2/sora-2-pro-image-to-video,paths.post.input.n_frames,10,DURATION_SECONDS,5,LOW,std_to_api:fallback_min
kie,Sora2 - Pro Image to Video,https://docs.kie.ai/market/sora2/sora-2-pro-image-to-video.md,sora2/sora-2-pro-image-to-video,paths.post.input.n_frames,10,DURATION_SECONDS,6,LOW,std_to_api:fallback_min
kie,Sora2 - Pro Image to Video,https://docs.kie.ai/market/sora2/sora-2-pro-image-to-video.md,sora2/sora-2-pro-image-to-video,paths.post.input.n_frames,10,DURATION_SECONDS,7,LOW,std_to_api:fallback_min
kie,Sora2 - Pro Image to Video,https://docs.kie.ai/market/sora2/sora-2-pro-image-to-video.md,sora2/sora-2-pro-image-to-video,paths.post.input.n_frames,10,DURATION_SECONDS,8,LOW,std_to_api:fallback_min
kie,Sora2 - Pro Image to Video,https://docs.kie.ai/market/sora2/sora-2-pro-image-to-video.md,sora2/sora-2-pro-image-to-video,paths.post.input.n_frames,10,DURATION_SECONDS,9,LOW,std_to_api:fallback_min
kie,Sora2 - Pro Text to Video,https://docs.kie.ai/market/sora2/sora-2-pro-text-to-video.md,sora2/sora-2-pro-text-to-video,paths.post.input.n_frames,10,DURATION_SECONDS,10,MEDIUM,std_to_api:nearest_lower
kie,Sora2 - Pro Text to Video,https://docs.kie.ai/market/sora2/sora-2-pro-text-to-video.md,sora2/sora-2-pro-text-to-video,paths.post.input.n_frames,10,DURATION_SECONDS,11,MEDIUM,std_to_api:nearest_lower
kie,Sora2 - Pro Text to Video,https://docs.kie.ai/market/sora2/sora-2-pro-text-to-video.md,sora2/sora-2-pro-text-to-video,paths.post.input.n_frames,10,DURATION_SECONDS,12,MEDIUM,std_to_api:nearest_lower
kie,Sora2 - Pro Text to Video,https://docs.kie.ai/market/sora2/sora-2-pro-text-to-video.md,sora2/sora-2-pro-text-to-video,paths.post.input.n_frames,10,DURATION_SECONDS,13,MEDIUM,std_to_api:nearest_lower
kie,Sora2 - Pro Text to Video,https://docs.kie.ai/market/sora2/sora-2-pro-text-to-video.md,sora2/sora-2-pro-text-to-video,paths.post.input.n_frames,10,DURATION_SECONDS,14,MEDIUM,std_to_api:nearest_lower
kie,Sora2 - Pro Text to Video,https://docs.kie.ai/market/sora2/sora-2-pro-text-to-video.md,sora2/sora-2-pro-text-to-video,paths.post.input.n_frames,15,DURATION_SECONDS,15,MEDIUM,std_to_api:nearest_lower
kie,Sora2 - Pro Text to Video,https://docs.kie.ai/market/sora2/sora-2-pro-text-to-video.md,sora2/sora-2-pro-text-to-video,paths.post.input.n_frames,15,DURATION_SECONDS,25,MEDIUM,std_to_api:nearest_lower
kie,Sora2 - Pro Text to Video,https://docs.kie.ai/market/sora2/sora-2-pro-text-to-video.md,sora2/sora-2-pro-text-to-video,paths.post.input.n_frames,10,DURATION_SECONDS,3,LOW,std_to_api:fallback_min
kie,Sora2 - Pro Text to Video,https://docs.kie.ai/market/sora2/sora-2-pro-text-to-video.md,sora2/sora-2-pro-text-to-video,paths.post.input.n_frames,10,DURATION_SECONDS,4,LOW,std_to_api:fallback_min
kie,Sora2 - Pro Text to Video,https://docs.kie.ai/market/sora2/sora-2-pro-text-to-video.md,sora2/sora-2-pro-text-to-video,paths.post.input.n_frames,10,DURATION_SECONDS,5,LOW,std_to_api:fallback_min
kie,Sora2 - Pro Text to Video,https://docs.kie.ai/market/sora2/sora-2-pro-text-to-video.md,sora2/sora-2-pro-text-to-video,paths.post.input.n_frames,10,DURATION_SECONDS,6,LOW,std_to_api:fallback_min
kie,Sora2 - Pro Text to Video,https://docs.kie.ai/market/sora2/sora-2-pro-text-to-video.md,sora2/sora-2-pro-text-to-video,paths.post.input.n_frames,10,DURATION_SECONDS,7,LOW,std_to_api:fallback_min
kie,Sora2 - Pro Text to Video,https://docs.kie.ai/market/sora2/sora-2-pro-text-to-video.md,sora2/sora-2-pro-text-to-video,paths.post.input.n_frames,10,DURATION_SECONDS,8,LOW,std_to_api:fallback_min
kie,Sora2 - Pro Text to Video,https://docs.kie.ai/market/sora2/sora-2-pro-text-to-video.md,sora2/sora-2-pro-text-to-video,paths.post.input.n_frames,10,DURATION_SECONDS,9,LOW,std_to_api:fallback_min
kie,Sora2 - Text to Video,https://docs.kie.ai/market/sora2/sora-2-text-to-video.md,sora2/sora-2-text-to-video,paths.post.input.n_frames,10,DURATION_SECONDS,10,MEDIUM,std_to_api:nearest_lower
kie,Sora2 - Text to Video,https://docs.kie.ai/market/sora2/sora-2-text-to-video.md,sora2/sora-2-text-to-video,paths.post.input.n_frames,10,DURATION_SECONDS,11,MEDIUM,std_to_api:nearest_lower
kie,Sora2 - Text to Video,https://docs.kie.ai/market/sora2/sora-2-text-to-video.md,sora2/sora-2-text-to-video,paths.post.input.n_frames,10,DURATION_SECONDS,12,MEDIUM,std_to_api:nearest_lower
kie,Sora2 - Text to Video,https://docs.kie.ai/market/sora2/sora-2-text-to-video.md,sora2/sora-2-text-to-video,paths.post.input.n_frames,10,DURATION_SECONDS,13,MEDIUM,std_to_api:nearest_lower
kie,Sora2 - Text to Video,https://docs.kie.ai/market/sora2/sora-2-text-to-video.md,sora2/sora-2-text-to-video,paths.post.input.n_frames,10,DURATION_SECONDS,14,MEDIUM,std_to_api:nearest_lower
kie,Sora2 - Text to Video,https://docs.kie.ai/market/sora2/sora-2-text-to-video.md,sora2/sora-2-text-to-video,paths.post.input.n_frames,15,DURATION_SECONDS,15,MEDIUM,std_to_api:nearest_lower
kie,Sora2 - Text to Video,https://docs.kie.ai/market/sora2/sora-2-text-to-video.md,sora2/sora-2-text-to-video,paths.post.input.n_frames,15,DURATION_SECONDS,25,MEDIUM,std_to_api:nearest_lower
kie,Sora2 - Text to Video,https://docs.kie.ai/market/sora2/sora-2-text-to-video.md,sora2/sora-2-text-to-video,paths.post.input.n_frames,10,DURATION_SECONDS,3,LOW,std_to_api:fallback_min
kie,Sora2 - Text to Video,https://docs.kie.ai/market/sora2/sora-2-text-to-video.md,sora2/sora-2-text-to-video,paths.post.input.n_frames,10,DURATION_SECONDS,4,LOW,std_to_api:fallback_min
kie,Sora2 - Text to Video,https://docs.kie.ai/market/sora2/sora-2-text-to-video.md,sora2/sora-2-text-to-video,paths.post.input.n_frames,10,DURATION_SECONDS,5,LOW,std_to_api:fallback_min
kie,Sora2 - Text to Video,https://docs.kie.ai/market/sora2/sora-2-text-to-video.md,sora2/sora-2-text-to-video,paths.post.input.n_frames,10,DURATION_SECONDS,6,LOW,std_to_api:fallback_min
kie,Sora2 - Text to Video,https://docs.kie.ai/market/sora2/sora-2-text-to-video.md,sora2/sora-2-text-to-video,paths.post.input.n_frames,10,DURATION_SECONDS,7,LOW,std_to_api:fallback_min
kie,Sora2 - Text to Video,https://docs.kie.ai/market/sora2/sora-2-text-to-video.md,sora2/sora-2-text-to-video,paths.post.input.n_frames,10,DURATION_SECONDS,8,LOW,std_to_api:fallback_min
kie,Sora2 - Text to Video,https://docs.kie.ai/market/sora2/sora-2-text-to-video.md,sora2/sora-2-text-to-video,paths.post.input.n_frames,10,DURATION_SECONDS,9,LOW,std_to_api:fallback_min
kie,Wan - 2.6-flash-image-to-video,https://docs.kie.ai/market/wan/2-6-flash-image-to-video.md,wan/2-6-flash-image-to-video,paths.post.input.duration,10,DURATION_SECONDS,10,MEDIUM,std_to_api:nearest_lower
kie,Wan - 2.6-flash-image-to-video,https://docs.kie.ai/market/wan/2-6-flash-image-to-video.md,wan/2-6-flash-image-to-video,paths.post.input.duration,10,DURATION_SECONDS,11,MEDIUM,std_to_api:nearest_lower
kie,Wan - 2.6-flash-image-to-video,https://docs.kie.ai/market/wan/2-6-flash-image-to-video.md,wan/2-6-flash-image-to-video,paths.post.input.duration,10,DURATION_SECONDS,12,MEDIUM,std_to_api:nearest_lower
kie,Wan - 2.6-flash-image-to-video,https://docs.kie.ai/market/wan/2-6-flash-image-to-video.md,wan/2-6-flash-image-to-video,paths.post.input.duration,10,DURATION_SECONDS,13,MEDIUM,std_to_api:nearest_lower
kie,Wan - 2.6-flash-image-to-video,https://docs.kie.ai/market/wan/2-6-flash-image-to-video.md,wan/2-6-flash-image-to-video,paths.post.input.duration,10,DURATION_SECONDS,14,MEDIUM,std_to_api:nearest_lower
kie,Wan - 2.6-flash-image-to-video,https://docs.kie.ai/market/wan/2-6-flash-image-to-video.md,wan/2-6-flash-image-to-video,paths.post.input.duration,15,DURATION_SECONDS,15,MEDIUM,std_to_api:nearest_lower
kie,Wan - 2.6-flash-image-to-video,https://docs.kie.ai/market/wan/2-6-flash-image-to-video.md,wan/2-6-flash-image-to-video,paths.post.input.duration,15,DURATION_SECONDS,25,MEDIUM,std_to_api:nearest_lower
kie,Wan - 2.6-flash-image-to-video,https://docs.kie.ai/market/wan/2-6-flash-image-to-video.md,wan/2-6-flash-image-to-video,paths.post.input.duration,5,DURATION_SECONDS,3,LOW,std_to_api:fallback_min
kie,Wan - 2.6-flash-image-to-video,https://docs.kie.ai/market/wan/2-6-flash-image-to-video.md,wan/2-6-flash-image-to-video,paths.post.input.duration,5,DURATION_SECONDS,4,LOW,std_to_api:fallback_min
kie,Wan - 2.6-flash-image-to-video,https://docs.kie.ai/market/wan/2-6-flash-image-to-video.md,wan/2-6-flash-image-to-video,paths.post.input.duration,5,DURATION_SECONDS,5,MEDIUM,std_to_api:nearest_lower
kie,Wan - 2.6-flash-image-to-video,https://docs.kie.ai/market/wan/2-6-flash-image-to-video.md,wan/2-6-flash-image-to-video,paths.post.input.duration,5,DURATION_SECONDS,6,MEDIUM,std_to_api:nearest_lower
kie,Wan - 2.6-flash-image-to-video,https://docs.kie.ai/market/wan/2-6-flash-image-to-video.md,wan/2-6-flash-image-to-video,paths.post.input.duration,5,DURATION_SECONDS,7,MEDIUM,std_to_api:nearest_lower
kie,Wan - 2.6-flash-image-to-video,https://docs.kie.ai/market/wan/2-6-flash-image-to-video.md,wan/2-6-flash-image-to-video,paths.post.input.duration,5,DURATION_SECONDS,8,MEDIUM,std_to_api:nearest_lower
kie,Wan - 2.6-flash-image-to-video,https://docs.kie.ai/market/wan/2-6-flash-image-to-video.md,wan/2-6-flash-image-to-video,paths.post.input.duration,5,DURATION_SECONDS,9,MEDIUM,std_to_api:nearest_lower
kie,Wan - 2-6-flash-video-to-video,https://docs.kie.ai/market/wan/2-6-flash-video-to-video.md,wan/2-6-flash-video-to-video,paths.post.input.duration,10,DURATION_SECONDS,10,MEDIUM,std_to_api:nearest_lower
kie,Wan - 2-6-flash-video-to-video,https://docs.kie.ai/market/wan/2-6-flash-video-to-video.md,wan/2-6-flash-video-to-video,paths.post.input.duration,10,DURATION_SECONDS,11,MEDIUM,std_to_api:nearest_lower
kie,Wan - 2-6-flash-video-to-video,https://docs.kie.ai/market/wan/2-6-flash-video-to-video.md,wan/2-6-flash-video-to-video,paths.post.input.duration,10,DURATION_SECONDS,12,MEDIUM,std_to_api:nearest_lower
kie,Wan - 2-6-flash-video-to-video,https://docs.kie.ai/market/wan/2-6-flash-video-to-video.md,wan/2-6-flash-video-to-video,paths.post.input.duration,10,DURATION_SECONDS,13,MEDIUM,std_to_api:nearest_lower
kie,Wan - 2-6-flash-video-to-video,https://docs.kie.ai/market/wan/2-6-flash-video-to-video.md,wan/2-6-flash-video-to-video,paths.post.input.duration,10,DURATION_SECONDS,14,MEDIUM,std_to_api:nearest_lower
kie,Wan - 2-6-flash-video-to-video,https://docs.kie.ai/market/wan/2-6-flash-video-to-video.md,wan/2-6-flash-video-to-video,paths.post.input.duration,10,DURATION_SECONDS,15,MEDIUM,std_to_api:nearest_lower
kie,Wan - 2-6-flash-video-to-video,https://docs.kie.ai/market/wan/2-6-flash-video-to-video.md,wan/2-6-flash-video-to-video,paths.post.input.duration,10,DURATION_SECONDS,25,MEDIUM,std_to_api:nearest_lower
kie,Wan - 2-6-flash-video-to-video,https://docs.kie.ai/market/wan/2-6-flash-video-to-video.md,wan/2-6-flash-video-to-video,paths.post.input.duration,5,DURATION_SECONDS,3,LOW,std_to_api:fallback_min
kie,Wan - 2-6-flash-video-to-video,https://docs.kie.ai/market/wan/2-6-flash-video-to-video.md,wan/2-6-flash-video-to-video,paths.post.input.duration,5,DURATION_SECONDS,4,LOW,std_to_api:fallback_min
kie,Wan - 2-6-flash-video-to-video,https://docs.kie.ai/market/wan/2-6-flash-video-to-video.md,wan/2-6-flash-video-to-video,paths.post.input.duration,5,DURATION_SECONDS,5,MEDIUM,std_to_api:nearest_lower
kie,Wan - 2-6-flash-video-to-video,https://docs.kie.ai/market/wan/2-6-flash-video-to-video.md,wan/2-6-flash-video-to-video,paths.post.input.duration,5,DURATION_SECONDS,6,MEDIUM,std_to_api:nearest_lower
kie,Wan - 2-6-flash-video-to-video,https://docs.kie.ai/market/wan/2-6-flash-video-to-video.md,wan/2-6-flash-video-to-video,paths.post.input.duration,5,DURATION_SECONDS,7,MEDIUM,std_to_api:nearest_lower
kie,Wan - 2-6-flash-video-to-video,https://docs.kie.ai/market/wan/2-6-flash-video-to-video.md,wan/2-6-flash-video-to-video,paths.post.input.duration,5,DURATION_SECONDS,8,MEDIUM,std_to_api:nearest_lower
kie,Wan - 2-6-flash-video-to-video,https://docs.kie.ai/market/wan/2-6-flash-video-to-video.md,wan/2-6-flash-video-to-video,paths.post.input.duration,5,DURATION_SECONDS,9,MEDIUM,std_to_api:nearest_lower
kie,Wan 2.6 - Image to Video,https://docs.kie.ai/market/wan/2-6-image-to-video.md,wan/2-6-image-to-video,paths.post.input.duration,10,DURATION_SECONDS,10,MEDIUM,std_to_api:nearest_lower
kie,Wan 2.6 - Image to Video,https://docs.kie.ai/market/wan/2-6-image-to-video.md,wan/2-6-image-to-video,paths.post.input.duration,10,DURATION_SECONDS,11,MEDIUM,std_to_api:nearest_lower
kie,Wan 2.6 - Image to Video,https://docs.kie.ai/market/wan/2-6-image-to-video.md,wan/2-6-image-to-video,paths.post.input.duration,10,DURATION_SECONDS,12,MEDIUM,std_to_api:nearest_lower
kie,Wan 2.6 - Image to Video,https://docs.kie.ai/market/wan/2-6-image-to-video.md,wan/2-6-image-to-video,paths.post.input.duration,10,DURATION_SECONDS,13,MEDIUM,std_to_api:nearest_lower
kie,Wan 2.6 - Image to Video,https://docs.kie.ai/market/wan/2-6-image-to-video.md,wan/2-6-image-to-video,paths.post.input.duration,10,DURATION_SECONDS,14,MEDIUM,std_to_api:nearest_lower
kie,Wan 2.6 - Image to Video,https://docs.kie.ai/market/wan/2-6-image-to-video.md,wan/2-6-image-to-video,paths.post.input.duration,15,DURATION_SECONDS,15,MEDIUM,std_to_api:nearest_lower
kie,Wan 2.6 - Image to Video,https://docs.kie.ai/market/wan/2-6-image-to-video.md,wan/2-6-image-to-video,paths.post.input.duration,15,DURATION_SECONDS,25,MEDIUM,std_to_api:nearest_lower
kie,Wan 2.6 - Image to Video,https://docs.kie.ai/market/wan/2-6-image-to-video.md,wan/2-6-image-to-video,paths.post.input.duration,5,DURATION_SECONDS,3,LOW,std_to_api:fallback_min
kie,Wan 2.6 - Image to Video,https://docs.kie.ai/market/wan/2-6-image-to-video.md,wan/2-6-image-to-video,paths.post.input.duration,5,DURATION_SECONDS,4,LOW,std_to_api:fallback_min
kie,Wan 2.6 - Image to Video,https://docs.kie.ai/market/wan/2-6-image-to-video.md,wan/2-6-image-to-video,paths.post.input.duration,5,DURATION_SECONDS,5,MEDIUM,std_to_api:nearest_lower
kie,Wan 2.6 - Image to Video,https://docs.kie.ai/market/wan/2-6-image-to-video.md,wan/2-6-image-to-video,paths.post.input.duration,5,DURATION_SECONDS,6,MEDIUM,std_to_api:nearest_lower
kie,Wan 2.6 - Image to Video,https://docs.kie.ai/market/wan/2-6-image-to-video.md,wan/2-6-image-to-video,paths.post.input.duration,5,DURATION_SECONDS,7,MEDIUM,std_to_api:nearest_lower
kie,Wan 2.6 - Image to Video,https://docs.kie.ai/market/wan/2-6-image-to-video.md,wan/2-6-image-to-video,paths.post.input.duration,5,DURATION_SECONDS,8,MEDIUM,std_to_api:nearest_lower
kie,Wan 2.6 - Image to Video,https://docs.kie.ai/market/wan/2-6-image-to-video.md,wan/2-6-image-to-video,paths.post.input.duration,5,DURATION_SECONDS,9,MEDIUM,std_to_api:nearest_lower
kie,Wan 2.6 - Text to Video,https://docs.kie.ai/market/wan/2-6-text-to-video.md,wan/2-6-text-to-video,paths.post.input.duration,10,DURATION_SECONDS,10,MEDIUM,std_to_api:nearest_lower
kie,Wan 2.6 - Text to Video,https://docs.kie.ai/market/wan/2-6-text-to-video.md,wan/2-6-text-to-video,paths.post.input.duration,10,DURATION_SECONDS,11,MEDIUM,std_to_api:nearest_lower
kie,Wan 2.6 - Text to Video,https://docs.kie.ai/market/wan/2-6-text-to-video.md,wan/2-6-text-to-video,paths.post.input.duration,10,DURATION_SECONDS,12,MEDIUM,std_to_api:nearest_lower
kie,Wan 2.6 - Text to Video,https://docs.kie.ai/market/wan/2-6-text-to-video.md,wan/2-6-text-to-video,paths.post.input.duration,10,DURATION_SECONDS,13,MEDIUM,std_to_api:nearest_lower
kie,Wan 2.6 - Text to Video,https://docs.kie.ai/market/wan/2-6-text-to-video.md,wan/2-6-text-to-video,paths.post.input.duration,10,DURATION_SECONDS,14,MEDIUM,std_to_api:nearest_lower
kie,Wan 2.6 - Text to Video,https://docs.kie.ai/market/wan/2-6-text-to-video.md,wan/2-6-text-to-video,paths.post.input.duration,15,DURATION_SECONDS,15,MEDIUM,std_to_api:nearest_lower
kie,Wan 2.6 - Text to Video,https://docs.kie.ai/market/wan/2-6-text-to-video.md,wan/2-6-text-to-video,paths.post.input.duration,15,DURATION_SECONDS,25,MEDIUM,std_to_api:nearest_lower
kie,Wan 2.6 - Text to Video,https://docs.kie.ai/market/wan/2-6-text-to-video.md,wan/2-6-text-to-video,paths.post.input.duration,5,DURATION_SECONDS,3,LOW,std_to_api:fallback_min
kie,Wan 2.6 - Text to Video,https://docs.kie.ai/market/wan/2-6-text-to-video.md,wan/2-6-text-to-video,paths.post.input.duration,5,DURATION_SECONDS,4,LOW,std_to_api:fallback_min
kie,Wan 2.6 - Text to Video,https://docs.kie.ai/market/wan/2-6-text-to-video.md,wan/2-6-text-to-video,paths.post.input.duration,5,DURATION_SECONDS,5,MEDIUM,std_to_api:nearest_lower
kie,Wan 2.6 - Text to Video,https://docs.kie.ai/market/wan/2-6-text-to-video.md,wan/2-6-text-to-video,paths.post.input.duration,5,DURATION_SECONDS,6,MEDIUM,std_to_api:nearest_lower
kie,Wan 2.6 - Text to Video,https://docs.kie.ai/market/wan/2-6-text-to-video.md,wan/2-6-text-to-video,paths.post.input.duration,5,DURATION_SECONDS,7,MEDIUM,std_to_api:nearest_lower
kie,Wan 2.6 - Text to Video,https://docs.kie.ai/market/wan/2-6-text-to-video.md,wan/2-6-text-to-video,paths.post.input.duration,5,DURATION_SECONDS,8,MEDIUM,std_to_api:nearest_lower
kie,Wan 2.6 - Text to Video,https://docs.kie.ai/market/wan/2-6-text-to-video.md,wan/2-6-text-to-video,paths.post.input.duration,5,DURATION_SECONDS,9,MEDIUM,std_to_api:nearest_lower
kie,Wan 2.6 - Video to Video,https://docs.kie.ai/market/wan/2-6-video-to-video.md,wan/2-6-video-to-video,paths.post.input.duration,10,DURATION_SECONDS,10,MEDIUM,std_to_api:nearest_lower
kie,Wan 2.6 - Video to Video,https://docs.kie.ai/market/wan/2-6-video-to-video.md,wan/2-6-video-to-video,paths.post.input.duration,10,DURATION_SECONDS,11,MEDIUM,std_to_api:nearest_lower
kie,Wan 2.6 - Video to Video,https://docs.kie.ai/market/wan/2-6-video-to-video.md,wan/2-6-video-to-video,paths.post.input.duration,10,DURATION_SECONDS,12,MEDIUM,std_to_api:nearest_lower
kie,Wan 2.6 - Video to Video,https://docs.kie.ai/market/wan/2-6-video-to-video.md,wan/2-6-video-to-video,paths.post.input.duration,10,DURATION_SECONDS,13,MEDIUM,std_to_api:nearest_lower
kie,Wan 2.6 - Video to Video,https://docs.kie.ai/market/wan/2-6-video-to-video.md,wan/2-6-video-to-video,paths.post.input.duration,10,DURATION_SECONDS,14,MEDIUM,std_to_api:nearest_lower
kie,Wan 2.6 - Video to Video,https://docs.kie.ai/market/wan/2-6-video-to-video.md,wan/2-6-video-to-video,paths.post.input.duration,10,DURATION_SECONDS,15,MEDIUM,std_to_api:nearest_lower
kie,Wan 2.6 - Video to Video,https://docs.kie.ai/market/wan/2-6-video-to-video.md,wan/2-6-video-to-video,paths.post.input.duration,10,DURATION_SECONDS,25,MEDIUM,std_to_api:nearest_lower
kie,Wan 2.6 - Video to Video,https://docs.kie.ai/market/wan/2-6-video-to-video.md,wan/2-6-video-to-video,paths.post.input.duration,5,DURATION_SECONDS,3,LOW,std_to_api:fallback_min
kie,Wan 2.6 - Video to Video,https://docs.kie.ai/market/wan/2-6-video-to-video.md,wan/2-6-video-to-video,paths.post.input.duration,5,DURATION_SECONDS,4,LOW,std_to_api:fallback_min
kie,Wan 2.6 - Video to Video,https://docs.kie.ai/market/wan/2-6-video-to-video.md,wan/2-6-video-to-video,paths.post.input.duration,5,DURATION_SECONDS,5,MEDIUM,std_to_api:nearest_lower
kie,Wan 2.6 - Video to Video,https://docs.kie.ai/market/wan/2-6-video-to-video.md,wan/2-6-video-to-video,paths.post.input.duration,5,DURATION_SECONDS,6,MEDIUM,std_to_api:nearest_lower
kie,Wan 2.6 - Video to Video,https://docs.kie.ai/market/wan/2-6-video-to-video.md,wan/2-6-video-to-video,paths.post.input.duration,5,DURATION_SECONDS,7,MEDIUM,std_to_api:nearest_lower
kie,Wan 2.6 - Video to Video,https://docs.kie.ai/market/wan/2-6-video-to-video.md,wan/2-6-video-to-video,paths.post.input.duration,5,DURATION_SECONDS,8,MEDIUM,std_to_api:nearest_lower
kie,Wan 2.6 - Video to Video,https://docs.kie.ai/market/wan/2-6-video-to-video.md,wan/2-6-video-to-video,paths.post.input.duration,5,DURATION_SECONDS,9,MEDIUM,std_to_api:nearest_lower
kie,Ideogram - Character,https://docs.kie.ai/market/ideogram/character.md,ideogram/character,paths.post.input.image_size,square,IMAGE_SIZE_CLASS,SQUARE,HIGH,std_to_api:exact
kie,Ideogram - Character Remix,https://docs.kie.ai/market/ideogram/character-remix.md,ideogram/character-remix,paths.post.input.image_size,square,IMAGE_SIZE_CLASS,SQUARE,HIGH,std_to_api:exact
kie,Ideogram - V3 Reframe,https://docs.kie.ai/market/ideogram/v3-reframe.md,ideogram/v3-reframe,paths.post.input.image_size,square,IMAGE_SIZE_CLASS,SQUARE,HIGH,std_to_api:exact
kie,Qwen - Image Edit,https://docs.kie.ai/market/qwen/image-edit.md,qwen/image-edit,paths.post.input.image_size,square,IMAGE_SIZE_CLASS,SQUARE,HIGH,std_to_api:exact
kie,Qwen - Text to Image,https://docs.kie.ai/market/qwen/text-to-image.md,qwen/text-to-image,paths.post.input.image_size,square,IMAGE_SIZE_CLASS,SQUARE,HIGH,std_to_api:exact
kie,Seedream3.0 - Text to Image,https://docs.kie.ai/market/seedream/seedream.md,seedream/seedream,paths.post.input.image_size,square,IMAGE_SIZE_CLASS,SQUARE,HIGH,std_to_api:exact
kie,Seedream4.0 - Edit,https://docs.kie.ai/market/seedream/seedream-v4-edit.md,seedream/seedream-v4-edit,paths.post.input.image_size,square,IMAGE_SIZE_CLASS,SQUARE,HIGH,std_to_api:exact
kie,Seedream4.0 - Text to Image,https://docs.kie.ai/market/seedream/seedream-v4-text-to-image.md,seedream/seedream-v4-text-to-image,paths.post.input.image_size,square,IMAGE_SIZE_CLASS,SQUARE,HIGH,std_to_api:exact
kie,Grok Imagine Image to Video,https://docs.kie.ai/market/grok-imagine/image-to-video.md,grok-imagine/image-to-video,paths.post.input.mode,fun,MODE,FUN,HIGH,std_to_api:exact
kie,Grok Imagine Image to Video,https://docs.kie.ai/market/grok-imagine/image-to-video.md,grok-imagine/image-to-video,paths.post.input.mode,normal,MODE,NORMAL,HIGH,std_to_api:exact
kie,Grok Imagine Image to Video,https://docs.kie.ai/market/grok-imagine/image-to-video.md,grok-imagine/image-to-video,paths.post.input.mode,fun,MODE,PRO,LOW,std_to_api:fallback_baseline
kie,Grok Imagine Image to Video,https://docs.kie.ai/market/grok-imagine/image-to-video.md,grok-imagine/image-to-video,paths.post.input.mode,spicy,MODE,SPICY,HIGH,std_to_api:exact
kie,Grok Imagine Image to Video,https://docs.kie.ai/market/grok-imagine/image-to-video.md,grok-imagine/image-to-video,paths.post.input.mode,fun,MODE,STANDARD,LOW,std_to_api:fallback_baseline
kie,Grok Imagine Text to Video,https://docs.kie.ai/market/grok-imagine/text-to-video.md,grok-imagine/text-to-video,paths.post.input.mode,fun,MODE,FUN,HIGH,std_to_api:exact
kie,Grok Imagine Text to Video,https://docs.kie.ai/market/grok-imagine/text-to-video.md,grok-imagine/text-to-video,paths.post.input.mode,normal,MODE,NORMAL,HIGH,std_to_api:exact
kie,Grok Imagine Text to Video,https://docs.kie.ai/market/grok-imagine/text-to-video.md,grok-imagine/text-to-video,paths.post.input.mode,fun,MODE,PRO,LOW,std_to_api:fallback_baseline
kie,Grok Imagine Text to Video,https://docs.kie.ai/market/grok-imagine/text-to-video.md,grok-imagine/text-to-video,paths.post.input.mode,spicy,MODE,SPICY,HIGH,std_to_api:exact
kie,Grok Imagine Text to Video,https://docs.kie.ai/market/grok-imagine/text-to-video.md,grok-imagine/text-to-video,paths.post.input.mode,fun,MODE,STANDARD,LOW,std_to_api:fallback_baseline
kie,Kling 3.0,https://docs.kie.ai/market/kling/kling-3-0.md,kling/kling-3-0,paths.post.input.mode,pro,MODE,FUN,LOW,std_to_api:fallback_baseline
kie,Kling 3.0,https://docs.kie.ai/market/kling/kling-3-0.md,kling/kling-3-0,paths.post.input.mode,pro,MODE,NORMAL,LOW,std_to_api:fallback_baseline
kie,Kling 3.0,https://docs.kie.ai/market/kling/kling-3-0.md,kling/kling-3-0,paths.post.input.mode,pro,MODE,PRO,HIGH,std_to_api:exact
kie,Kling 3.0,https://docs.kie.ai/market/kling/kling-3-0.md,kling/kling-3-0,paths.post.input.mode,pro,MODE,SPICY,LOW,std_to_api:fallback_baseline
kie,Kling 3.0,https://docs.kie.ai/market/kling/kling-3-0.md,kling/kling-3-0,paths.post.input.mode,std,MODE,STANDARD,HIGH,std_to_api:semantic_alias
kie,Google - imagen4-fast,https://docs.kie.ai/market/google/imagen4-fast.md,google/imagen4-fast,paths.post.input.num_images,1,NUM_IMAGES,1,MEDIUM,std_to_api:nearest_lower
kie,Google - imagen4-fast,https://docs.kie.ai/market/google/imagen4-fast.md,google/imagen4-fast,paths.post.input.num_images,2,NUM_IMAGES,2,MEDIUM,std_to_api:nearest_lower
kie,Google - imagen4-fast,https://docs.kie.ai/market/google/imagen4-fast.md,google/imagen4-fast,paths.post.input.num_images,3,NUM_IMAGES,3,MEDIUM,std_to_api:nearest_lower
kie,Google - imagen4-fast,https://docs.kie.ai/market/google/imagen4-fast.md,google/imagen4-fast,paths.post.input.num_images,4,NUM_IMAGES,4,MEDIUM,std_to_api:nearest_lower
kie,Ideogram - Character,https://docs.kie.ai/market/ideogram/character.md,ideogram/character,paths.post.input.num_images,1,NUM_IMAGES,1,MEDIUM,std_to_api:nearest_lower
kie,Ideogram - Character,https://docs.kie.ai/market/ideogram/character.md,ideogram/character,paths.post.input.num_images,2,NUM_IMAGES,2,MEDIUM,std_to_api:nearest_lower
kie,Ideogram - Character,https://docs.kie.ai/market/ideogram/character.md,ideogram/character,paths.post.input.num_images,3,NUM_IMAGES,3,MEDIUM,std_to_api:nearest_lower
kie,Ideogram - Character,https://docs.kie.ai/market/ideogram/character.md,ideogram/character,paths.post.input.num_images,4,NUM_IMAGES,4,MEDIUM,std_to_api:nearest_lower
kie,Ideogram - Character Edit,https://docs.kie.ai/market/ideogram/character-edit.md,ideogram/character-edit,paths.post.input.num_images,1,NUM_IMAGES,1,MEDIUM,std_to_api:nearest_lower
kie,Ideogram - Character Edit,https://docs.kie.ai/market/ideogram/character-edit.md,ideogram/character-edit,paths.post.input.num_images,2,NUM_IMAGES,2,MEDIUM,std_to_api:nearest_lower
kie,Ideogram - Character Edit,https://docs.kie.ai/market/ideogram/character-edit.md,ideogram/character-edit,paths.post.input.num_images,3,NUM_IMAGES,3,MEDIUM,std_to_api:nearest_lower
kie,Ideogram - Character Edit,https://docs.kie.ai/market/ideogram/character-edit.md,ideogram/character-edit,paths.post.input.num_images,4,NUM_IMAGES,4,MEDIUM,std_to_api:nearest_lower
kie,Ideogram - Character Remix,https://docs.kie.ai/market/ideogram/character-remix.md,ideogram/character-remix,paths.post.input.num_images,1,NUM_IMAGES,1,MEDIUM,std_to_api:nearest_lower
kie,Ideogram - Character Remix,https://docs.kie.ai/market/ideogram/character-remix.md,ideogram/character-remix,paths.post.input.num_images,2,NUM_IMAGES,2,MEDIUM,std_to_api:nearest_lower
kie,Ideogram - Character Remix,https://docs.kie.ai/market/ideogram/character-remix.md,ideogram/character-remix,paths.post.input.num_images,3,NUM_IMAGES,3,MEDIUM,std_to_api:nearest_lower
kie,Ideogram - Character Remix,https://docs.kie.ai/market/ideogram/character-remix.md,ideogram/character-remix,paths.post.input.num_images,4,NUM_IMAGES,4,MEDIUM,std_to_api:nearest_lower
kie,Ideogram - V3 Reframe,https://docs.kie.ai/market/ideogram/v3-reframe.md,ideogram/v3-reframe,paths.post.input.num_images,1,NUM_IMAGES,1,MEDIUM,std_to_api:nearest_lower
kie,Ideogram - V3 Reframe,https://docs.kie.ai/market/ideogram/v3-reframe.md,ideogram/v3-reframe,paths.post.input.num_images,2,NUM_IMAGES,2,MEDIUM,std_to_api:nearest_lower
kie,Ideogram - V3 Reframe,https://docs.kie.ai/market/ideogram/v3-reframe.md,ideogram/v3-reframe,paths.post.input.num_images,3,NUM_IMAGES,3,MEDIUM,std_to_api:nearest_lower
kie,Ideogram - V3 Reframe,https://docs.kie.ai/market/ideogram/v3-reframe.md,ideogram/v3-reframe,paths.post.input.num_images,4,NUM_IMAGES,4,MEDIUM,std_to_api:nearest_lower
kie,Qwen - Image Edit,https://docs.kie.ai/market/qwen/image-edit.md,qwen/image-edit,paths.post.input.num_images,1,NUM_IMAGES,1,MEDIUM,std_to_api:nearest_lower
kie,Qwen - Image Edit,https://docs.kie.ai/market/qwen/image-edit.md,qwen/image-edit,paths.post.input.num_images,2,NUM_IMAGES,2,MEDIUM,std_to_api:nearest_lower
kie,Qwen - Image Edit,https://docs.kie.ai/market/qwen/image-edit.md,qwen/image-edit,paths.post.input.num_images,3,NUM_IMAGES,3,MEDIUM,std_to_api:nearest_lower
kie,Qwen - Image Edit,https://docs.kie.ai/market/qwen/image-edit.md,qwen/image-edit,paths.post.input.num_images,4,NUM_IMAGES,4,MEDIUM,std_to_api:nearest_lower
kie,Generate or Edit Image,https://docs.kie.ai/flux-kontext-api/generate-or-edit-image.md,flux-kontext-api/generate-or-edit-image,paths.post.input.output_format,jpeg,OUTPUT_FORMAT,JPEG,HIGH,std_to_api:exact
kie,Generate or Edit Image,https://docs.kie.ai/flux-kontext-api/generate-or-edit-image.md,flux-kontext-api/generate-or-edit-image,paths.post.input.output_format,png,OUTPUT_FORMAT,PNG,HIGH,std_to_api:exact
kie,Qwen - Image Edit,https://docs.kie.ai/market/qwen/image-edit.md,qwen/image-edit,paths.post.input.output_format,jpeg,OUTPUT_FORMAT,JPEG,HIGH,std_to_api:exact
kie,Qwen - Image Edit,https://docs.kie.ai/market/qwen/image-edit.md,qwen/image-edit,paths.post.input.output_format,png,OUTPUT_FORMAT,PNG,HIGH,std_to_api:exact
kie,Qwen - Image to Image,https://docs.kie.ai/market/qwen/image-to-image.md,qwen/image-to-image,paths.post.input.output_format,jpeg,OUTPUT_FORMAT,JPEG,HIGH,std_to_api:exact
kie,Qwen - Image to Image,https://docs.kie.ai/market/qwen/image-to-image.md,qwen/image-to-image,paths.post.input.output_format,png,OUTPUT_FORMAT,PNG,HIGH,std_to_api:exact
kie,Qwen - Text to Image,https://docs.kie.ai/market/qwen/text-to-image.md,qwen/text-to-image,paths.post.input.output_format,jpeg,OUTPUT_FORMAT,JPEG,HIGH,std_to_api:exact
kie,Qwen - Text to Image,https://docs.kie.ai/market/qwen/text-to-image.md,qwen/text-to-image,paths.post.input.output_format,png,OUTPUT_FORMAT,PNG,HIGH,std_to_api:exact
kie,GPT Image-1.5 - Image to Image,https://docs.kie.ai/market/gpt-image/1-5-image-to-image.md,gpt-image/1-5-image-to-image,paths.post.input.quality,high,QUALITY_LEVEL,BASIC,LOW,std_to_api:fallback_baseline
kie,GPT Image-1.5 - Image to Image,https://docs.kie.ai/market/gpt-image/1-5-image-to-image.md,gpt-image/1-5-image-to-image,paths.post.input.quality,high,QUALITY_LEVEL,HIGH,HIGH,std_to_api:exact
kie,GPT Image-1.5 - Image to Image,https://docs.kie.ai/market/gpt-image/1-5-image-to-image.md,gpt-image/1-5-image-to-image,paths.post.input.quality,medium,QUALITY_LEVEL,MEDIUM,HIGH,std_to_api:exact
kie,GPT Image-1.5 - Text to Image,https://docs.kie.ai/market/gpt-image/1-5-text-to-image.md,gpt-image/1-5-text-to-image,paths.post.input.quality,high,QUALITY_LEVEL,BASIC,LOW,std_to_api:fallback_baseline
kie,GPT Image-1.5 - Text to Image,https://docs.kie.ai/market/gpt-image/1-5-text-to-image.md,gpt-image/1-5-text-to-image,paths.post.input.quality,high,QUALITY_LEVEL,HIGH,HIGH,std_to_api:exact
kie,GPT Image-1.5 - Text to Image,https://docs.kie.ai/market/gpt-image/1-5-text-to-image.md,gpt-image/1-5-text-to-image,paths.post.input.quality,medium,QUALITY_LEVEL,MEDIUM,HIGH,std_to_api:exact
kie,Seedream4.5 - Edit,https://docs.kie.ai/market/seedream/4-5-edit.md,seedream/4-5-edit,paths.post.input.quality,basic,QUALITY_LEVEL,BASIC,HIGH,std_to_api:exact
kie,Seedream4.5 - Edit,https://docs.kie.ai/market/seedream/4-5-edit.md,seedream/4-5-edit,paths.post.input.quality,high,QUALITY_LEVEL,HIGH,HIGH,std_to_api:exact
kie,Seedream4.5 - Edit,https://docs.kie.ai/market/seedream/4-5-edit.md,seedream/4-5-edit,paths.post.input.quality,basic,QUALITY_LEVEL,MEDIUM,LOW,std_to_api:fallback_baseline
kie,Seedream4.5 - Text to Image,https://docs.kie.ai/market/seedream/4-5-text-to-image.md,seedream/4-5-text-to-image,paths.post.input.quality,basic,QUALITY_LEVEL,BASIC,HIGH,std_to_api:exact
kie,Seedream4.5 - Text to Image,https://docs.kie.ai/market/seedream/4-5-text-to-image.md,seedream/4-5-text-to-image,paths.post.input.quality,high,QUALITY_LEVEL,HIGH,HIGH,std_to_api:exact
kie,Seedream4.5 - Text to Image,https://docs.kie.ai/market/seedream/4-5-text-to-image.md,seedream/4-5-text-to-image,paths.post.input.quality,basic,QUALITY_LEVEL,MEDIUM,LOW,std_to_api:fallback_baseline
kie,GPT-5-2,https://docs.kie.ai/market/chat/gpt-5-2.md,chat/gpt-5-2,paths.post.reasoning_effort,high,REASONING_EFFORT,HIGH,HIGH,std_to_api:exact
kie,GPT-5-2,https://docs.kie.ai/market/chat/gpt-5-2.md,chat/gpt-5-2,paths.post.reasoning_effort,low,REASONING_EFFORT,LOW,HIGH,std_to_api:exact
kie,Claude Opus 4.5,https://docs.kie.ai/market/claude/claude-opus-4-5.md,claude/claude-opus-4-5,paths.post.reasoning_effort,high,REASONING_EFFORT,HIGH,HIGH,std_to_api:exact
kie,Claude Opus 4.5,https://docs.kie.ai/market/claude/claude-opus-4-5.md,claude/claude-opus-4-5,paths.post.reasoning_effort,low,REASONING_EFFORT,LOW,HIGH,std_to_api:exact
kie,Claude Sonnet 4.5,https://docs.kie.ai/market/claude/claude-sonnet-4-5.md,claude/claude-sonnet-4-5,paths.post.reasoning_effort,high,REASONING_EFFORT,HIGH,HIGH,std_to_api:exact
kie,Claude Sonnet 4.5,https://docs.kie.ai/market/claude/claude-sonnet-4-5.md,claude/claude-sonnet-4-5,paths.post.reasoning_effort,low,REASONING_EFFORT,LOW,HIGH,std_to_api:exact
kie,Gemini  2.5 Pro,https://docs.kie.ai/market/gemini/gemini-2-5-pro.md,gemini/gemini-2-5-pro,paths.post.reasoning_effort,high,REASONING_EFFORT,HIGH,HIGH,std_to_api:exact
kie,Gemini  2.5 Pro,https://docs.kie.ai/market/gemini/gemini-2-5-pro.md,gemini/gemini-2-5-pro,paths.post.reasoning_effort,low,REASONING_EFFORT,LOW,HIGH,std_to_api:exact
kie,Gemini 3 Pro,https://docs.kie.ai/market/gemini/gemini-3-pro.md,gemini/gemini-3-pro,paths.post.reasoning_effort,high,REASONING_EFFORT,HIGH,HIGH,std_to_api:exact
kie,Gemini 3 Pro,https://docs.kie.ai/market/gemini/gemini-3-pro.md,gemini/gemini-3-pro,paths.post.reasoning_effort,low,REASONING_EFFORT,LOW,HIGH,std_to_api:exact
kie,Bytedance Seedance 1.5 Pro,https://docs.kie.ai/market/bytedance/seedance-1-5-pro.md,bytedance/seedance-1-5-pro,paths.post.input.resolution,480p,RESOLUTION_TIER,K1,LOW,std_to_api:fallback_baseline
kie,Bytedance Seedance 1.5 Pro,https://docs.kie.ai/market/bytedance/seedance-1-5-pro.md,bytedance/seedance-1-5-pro,paths.post.input.resolution,480p,RESOLUTION_TIER,K2,LOW,std_to_api:fallback_baseline
kie,Bytedance Seedance 1.5 Pro,https://docs.kie.ai/market/bytedance/seedance-1-5-pro.md,bytedance/seedance-1-5-pro,paths.post.input.resolution,480p,RESOLUTION_TIER,K4,LOW,std_to_api:fallback_baseline
kie,Bytedance Seedance 1.5 Pro,https://docs.kie.ai/market/bytedance/seedance-1-5-pro.md,bytedance/seedance-1-5-pro,paths.post.input.resolution,480p,RESOLUTION_TIER,P1080,LOW,std_to_api:fallback_baseline
kie,Bytedance Seedance 1.5 Pro,https://docs.kie.ai/market/bytedance/seedance-1-5-pro.md,bytedance/seedance-1-5-pro,paths.post.input.resolution,480p,RESOLUTION_TIER,P480,LOW,std_to_api:fallback_baseline
kie,Bytedance Seedance 1.5 Pro,https://docs.kie.ai/market/bytedance/seedance-1-5-pro.md,bytedance/seedance-1-5-pro,paths.post.input.resolution,480p,RESOLUTION_TIER,P512,LOW,std_to_api:fallback_baseline
kie,Bytedance Seedance 1.5 Pro,https://docs.kie.ai/market/bytedance/seedance-1-5-pro.md,bytedance/seedance-1-5-pro,paths.post.input.resolution,480p,RESOLUTION_TIER,P580,LOW,std_to_api:fallback_baseline
kie,Bytedance Seedance 1.5 Pro,https://docs.kie.ai/market/bytedance/seedance-1-5-pro.md,bytedance/seedance-1-5-pro,paths.post.input.resolution,480p,RESOLUTION_TIER,P720,LOW,std_to_api:fallback_baseline
kie,Bytedance Seedance 1.5 Pro,https://docs.kie.ai/market/bytedance/seedance-1-5-pro.md,bytedance/seedance-1-5-pro,paths.post.input.resolution,480p,RESOLUTION_TIER,P768,LOW,std_to_api:fallback_baseline
kie,Bytedance - V1 Lite Image to Video,https://docs.kie.ai/market/bytedance/v1-lite-image-to-video.md,bytedance/v1-lite-image-to-video,paths.post.input.resolution,480p,RESOLUTION_TIER,K1,LOW,std_to_api:fallback_baseline
kie,Bytedance - V1 Lite Image to Video,https://docs.kie.ai/market/bytedance/v1-lite-image-to-video.md,bytedance/v1-lite-image-to-video,paths.post.input.resolution,480p,RESOLUTION_TIER,K2,LOW,std_to_api:fallback_baseline
kie,Bytedance - V1 Lite Image to Video,https://docs.kie.ai/market/bytedance/v1-lite-image-to-video.md,bytedance/v1-lite-image-to-video,paths.post.input.resolution,480p,RESOLUTION_TIER,K4,LOW,std_to_api:fallback_baseline
kie,Bytedance - V1 Lite Image to Video,https://docs.kie.ai/market/bytedance/v1-lite-image-to-video.md,bytedance/v1-lite-image-to-video,paths.post.input.resolution,480p,RESOLUTION_TIER,P1080,LOW,std_to_api:fallback_baseline
kie,Bytedance - V1 Lite Image to Video,https://docs.kie.ai/market/bytedance/v1-lite-image-to-video.md,bytedance/v1-lite-image-to-video,paths.post.input.resolution,480p,RESOLUTION_TIER,P480,LOW,std_to_api:fallback_baseline
kie,Bytedance - V1 Lite Image to Video,https://docs.kie.ai/market/bytedance/v1-lite-image-to-video.md,bytedance/v1-lite-image-to-video,paths.post.input.resolution,480p,RESOLUTION_TIER,P512,LOW,std_to_api:fallback_baseline
kie,Bytedance - V1 Lite Image to Video,https://docs.kie.ai/market/bytedance/v1-lite-image-to-video.md,bytedance/v1-lite-image-to-video,paths.post.input.resolution,480p,RESOLUTION_TIER,P580,LOW,std_to_api:fallback_baseline
kie,Bytedance - V1 Lite Image to Video,https://docs.kie.ai/market/bytedance/v1-lite-image-to-video.md,bytedance/v1-lite-image-to-video,paths.post.input.resolution,480p,RESOLUTION_TIER,P720,LOW,std_to_api:fallback_baseline
kie,Bytedance - V1 Lite Image to Video,https://docs.kie.ai/market/bytedance/v1-lite-image-to-video.md,bytedance/v1-lite-image-to-video,paths.post.input.resolution,480p,RESOLUTION_TIER,P768,LOW,std_to_api:fallback_baseline
kie,Bytedance - V1 Lite Text to Video,https://docs.kie.ai/market/bytedance/v1-lite-text-to-video.md,bytedance/v1-lite-text-to-video,paths.post.input.resolution,480p,RESOLUTION_TIER,K1,LOW,std_to_api:fallback_baseline
kie,Bytedance - V1 Lite Text to Video,https://docs.kie.ai/market/bytedance/v1-lite-text-to-video.md,bytedance/v1-lite-text-to-video,paths.post.input.resolution,480p,RESOLUTION_TIER,K2,LOW,std_to_api:fallback_baseline
kie,Bytedance - V1 Lite Text to Video,https://docs.kie.ai/market/bytedance/v1-lite-text-to-video.md,bytedance/v1-lite-text-to-video,paths.post.input.resolution,480p,RESOLUTION_TIER,K4,LOW,std_to_api:fallback_baseline
kie,Bytedance - V1 Lite Text to Video,https://docs.kie.ai/market/bytedance/v1-lite-text-to-video.md,bytedance/v1-lite-text-to-video,paths.post.input.resolution,480p,RESOLUTION_TIER,P1080,LOW,std_to_api:fallback_baseline
kie,Bytedance - V1 Lite Text to Video,https://docs.kie.ai/market/bytedance/v1-lite-text-to-video.md,bytedance/v1-lite-text-to-video,paths.post.input.resolution,480p,RESOLUTION_TIER,P480,LOW,std_to_api:fallback_baseline
kie,Bytedance - V1 Lite Text to Video,https://docs.kie.ai/market/bytedance/v1-lite-text-to-video.md,bytedance/v1-lite-text-to-video,paths.post.input.resolution,480p,RESOLUTION_TIER,P512,LOW,std_to_api:fallback_baseline
kie,Bytedance - V1 Lite Text to Video,https://docs.kie.ai/market/bytedance/v1-lite-text-to-video.md,bytedance/v1-lite-text-to-video,paths.post.input.resolution,480p,RESOLUTION_TIER,P580,LOW,std_to_api:fallback_baseline
kie,Bytedance - V1 Lite Text to Video,https://docs.kie.ai/market/bytedance/v1-lite-text-to-video.md,bytedance/v1-lite-text-to-video,paths.post.input.resolution,480p,RESOLUTION_TIER,P720,LOW,std_to_api:fallback_baseline
kie,Bytedance - V1 Lite Text to Video,https://docs.kie.ai/market/bytedance/v1-lite-text-to-video.md,bytedance/v1-lite-text-to-video,paths.post.input.resolution,480p,RESOLUTION_TIER,P768,LOW,std_to_api:fallback_baseline
kie,Bytedance V1 Pro Fast Image to Video,https://docs.kie.ai/market/bytedance/v1-pro-fast-image-to-video.md,bytedance/v1-pro-fast-image-to-video,paths.post.input.resolution,720p,RESOLUTION_TIER,K1,LOW,std_to_api:fallback_baseline
kie,Bytedance V1 Pro Fast Image to Video,https://docs.kie.ai/market/bytedance/v1-pro-fast-image-to-video.md,bytedance/v1-pro-fast-image-to-video,paths.post.input.resolution,720p,RESOLUTION_TIER,K2,LOW,std_to_api:fallback_baseline
kie,Bytedance V1 Pro Fast Image to Video,https://docs.kie.ai/market/bytedance/v1-pro-fast-image-to-video.md,bytedance/v1-pro-fast-image-to-video,paths.post.input.resolution,720p,RESOLUTION_TIER,K4,LOW,std_to_api:fallback_baseline
kie,Bytedance V1 Pro Fast Image to Video,https://docs.kie.ai/market/bytedance/v1-pro-fast-image-to-video.md,bytedance/v1-pro-fast-image-to-video,paths.post.input.resolution,720p,RESOLUTION_TIER,P1080,LOW,std_to_api:fallback_baseline
kie,Bytedance V1 Pro Fast Image to Video,https://docs.kie.ai/market/bytedance/v1-pro-fast-image-to-video.md,bytedance/v1-pro-fast-image-to-video,paths.post.input.resolution,720p,RESOLUTION_TIER,P480,LOW,std_to_api:fallback_baseline
kie,Bytedance V1 Pro Fast Image to Video,https://docs.kie.ai/market/bytedance/v1-pro-fast-image-to-video.md,bytedance/v1-pro-fast-image-to-video,paths.post.input.resolution,720p,RESOLUTION_TIER,P512,LOW,std_to_api:fallback_baseline
kie,Bytedance V1 Pro Fast Image to Video,https://docs.kie.ai/market/bytedance/v1-pro-fast-image-to-video.md,bytedance/v1-pro-fast-image-to-video,paths.post.input.resolution,720p,RESOLUTION_TIER,P580,LOW,std_to_api:fallback_baseline
kie,Bytedance V1 Pro Fast Image to Video,https://docs.kie.ai/market/bytedance/v1-pro-fast-image-to-video.md,bytedance/v1-pro-fast-image-to-video,paths.post.input.resolution,720p,RESOLUTION_TIER,P720,LOW,std_to_api:fallback_baseline
kie,Bytedance V1 Pro Fast Image to Video,https://docs.kie.ai/market/bytedance/v1-pro-fast-image-to-video.md,bytedance/v1-pro-fast-image-to-video,paths.post.input.resolution,720p,RESOLUTION_TIER,P768,LOW,std_to_api:fallback_baseline
kie,Bytedance V1 Pro Image to Video,https://docs.kie.ai/market/bytedance/v1-pro-image-to-video.md,bytedance/v1-pro-image-to-video,paths.post.input.resolution,480p,RESOLUTION_TIER,K1,LOW,std_to_api:fallback_baseline
kie,Bytedance V1 Pro Image to Video,https://docs.kie.ai/market/bytedance/v1-pro-image-to-video.md,bytedance/v1-pro-image-to-video,paths.post.input.resolution,480p,RESOLUTION_TIER,K2,LOW,std_to_api:fallback_baseline
kie,Bytedance V1 Pro Image to Video,https://docs.kie.ai/market/bytedance/v1-pro-image-to-video.md,bytedance/v1-pro-image-to-video,paths.post.input.resolution,480p,RESOLUTION_TIER,K4,LOW,std_to_api:fallback_baseline
kie,Bytedance V1 Pro Image to Video,https://docs.kie.ai/market/bytedance/v1-pro-image-to-video.md,bytedance/v1-pro-image-to-video,paths.post.input.resolution,480p,RESOLUTION_TIER,P1080,LOW,std_to_api:fallback_baseline
kie,Bytedance V1 Pro Image to Video,https://docs.kie.ai/market/bytedance/v1-pro-image-to-video.md,bytedance/v1-pro-image-to-video,paths.post.input.resolution,480p,RESOLUTION_TIER,P480,LOW,std_to_api:fallback_baseline
kie,Bytedance V1 Pro Image to Video,https://docs.kie.ai/market/bytedance/v1-pro-image-to-video.md,bytedance/v1-pro-image-to-video,paths.post.input.resolution,480p,RESOLUTION_TIER,P512,LOW,std_to_api:fallback_baseline
kie,Bytedance V1 Pro Image to Video,https://docs.kie.ai/market/bytedance/v1-pro-image-to-video.md,bytedance/v1-pro-image-to-video,paths.post.input.resolution,480p,RESOLUTION_TIER,P580,LOW,std_to_api:fallback_baseline
kie,Bytedance V1 Pro Image to Video,https://docs.kie.ai/market/bytedance/v1-pro-image-to-video.md,bytedance/v1-pro-image-to-video,paths.post.input.resolution,480p,RESOLUTION_TIER,P720,LOW,std_to_api:fallback_baseline
kie,Bytedance V1 Pro Image to Video,https://docs.kie.ai/market/bytedance/v1-pro-image-to-video.md,bytedance/v1-pro-image-to-video,paths.post.input.resolution,480p,RESOLUTION_TIER,P768,LOW,std_to_api:fallback_baseline
kie,Bytedance - V1 Pro Text to Video,https://docs.kie.ai/market/bytedance/v1-pro-text-to-video.md,bytedance/v1-pro-text-to-video,paths.post.input.resolution,480p,RESOLUTION_TIER,K1,LOW,std_to_api:fallback_baseline
kie,Bytedance - V1 Pro Text to Video,https://docs.kie.ai/market/bytedance/v1-pro-text-to-video.md,bytedance/v1-pro-text-to-video,paths.post.input.resolution,480p,RESOLUTION_TIER,K2,LOW,std_to_api:fallback_baseline
kie,Bytedance - V1 Pro Text to Video,https://docs.kie.ai/market/bytedance/v1-pro-text-to-video.md,bytedance/v1-pro-text-to-video,paths.post.input.resolution,480p,RESOLUTION_TIER,K4,LOW,std_to_api:fallback_baseline
kie,Bytedance - V1 Pro Text to Video,https://docs.kie.ai/market/bytedance/v1-pro-text-to-video.md,bytedance/v1-pro-text-to-video,paths.post.input.resolution,480p,RESOLUTION_TIER,P1080,LOW,std_to_api:fallback_baseline
kie,Bytedance - V1 Pro Text to Video,https://docs.kie.ai/market/bytedance/v1-pro-text-to-video.md,bytedance/v1-pro-text-to-video,paths.post.input.resolution,480p,RESOLUTION_TIER,P480,LOW,std_to_api:fallback_baseline
kie,Bytedance - V1 Pro Text to Video,https://docs.kie.ai/market/bytedance/v1-pro-text-to-video.md,bytedance/v1-pro-text-to-video,paths.post.input.resolution,480p,RESOLUTION_TIER,P512,LOW,std_to_api:fallback_baseline
kie,Bytedance - V1 Pro Text to Video,https://docs.kie.ai/market/bytedance/v1-pro-text-to-video.md,bytedance/v1-pro-text-to-video,paths.post.input.resolution,480p,RESOLUTION_TIER,P580,LOW,std_to_api:fallback_baseline
kie,Bytedance - V1 Pro Text to Video,https://docs.kie.ai/market/bytedance/v1-pro-text-to-video.md,bytedance/v1-pro-text-to-video,paths.post.input.resolution,480p,RESOLUTION_TIER,P720,LOW,std_to_api:fallback_baseline
kie,Bytedance - V1 Pro Text to Video,https://docs.kie.ai/market/bytedance/v1-pro-text-to-video.md,bytedance/v1-pro-text-to-video,paths.post.input.resolution,480p,RESOLUTION_TIER,P768,LOW,std_to_api:fallback_baseline
kie,Flux-2 - Image to Image,https://docs.kie.ai/market/flux2/flex-image-to-image.md,flux2/flex-image-to-image,paths.post.input.resolution,1k,RESOLUTION_TIER,K1,LOW,std_to_api:fallback_baseline
kie,Flux-2 - Image to Image,https://docs.kie.ai/market/flux2/flex-image-to-image.md,flux2/flex-image-to-image,paths.post.input.resolution,1k,RESOLUTION_TIER,K2,LOW,std_to_api:fallback_baseline
kie,Flux-2 - Image to Image,https://docs.kie.ai/market/flux2/flex-image-to-image.md,flux2/flex-image-to-image,paths.post.input.resolution,1k,RESOLUTION_TIER,K4,LOW,std_to_api:fallback_baseline
kie,Flux-2 - Image to Image,https://docs.kie.ai/market/flux2/flex-image-to-image.md,flux2/flex-image-to-image,paths.post.input.resolution,1k,RESOLUTION_TIER,P1080,LOW,std_to_api:fallback_baseline
kie,Flux-2 - Image to Image,https://docs.kie.ai/market/flux2/flex-image-to-image.md,flux2/flex-image-to-image,paths.post.input.resolution,1k,RESOLUTION_TIER,P480,LOW,std_to_api:fallback_baseline
kie,Flux-2 - Image to Image,https://docs.kie.ai/market/flux2/flex-image-to-image.md,flux2/flex-image-to-image,paths.post.input.resolution,1k,RESOLUTION_TIER,P512,LOW,std_to_api:fallback_baseline
kie,Flux-2 - Image to Image,https://docs.kie.ai/market/flux2/flex-image-to-image.md,flux2/flex-image-to-image,paths.post.input.resolution,1k,RESOLUTION_TIER,P580,LOW,std_to_api:fallback_baseline
kie,Flux-2 - Image to Image,https://docs.kie.ai/market/flux2/flex-image-to-image.md,flux2/flex-image-to-image,paths.post.input.resolution,1k,RESOLUTION_TIER,P720,LOW,std_to_api:fallback_baseline
kie,Flux-2 - Image to Image,https://docs.kie.ai/market/flux2/flex-image-to-image.md,flux2/flex-image-to-image,paths.post.input.resolution,1k,RESOLUTION_TIER,P768,LOW,std_to_api:fallback_baseline
kie,Flux-2 - Text to Image,https://docs.kie.ai/market/flux2/flex-text-to-image.md,flux2/flex-text-to-image,paths.post.input.resolution,1k,RESOLUTION_TIER,K1,LOW,std_to_api:fallback_baseline
kie,Flux-2 - Text to Image,https://docs.kie.ai/market/flux2/flex-text-to-image.md,flux2/flex-text-to-image,paths.post.input.resolution,1k,RESOLUTION_TIER,K2,LOW,std_to_api:fallback_baseline
kie,Flux-2 - Text to Image,https://docs.kie.ai/market/flux2/flex-text-to-image.md,flux2/flex-text-to-image,paths.post.input.resolution,1k,RESOLUTION_TIER,K4,LOW,std_to_api:fallback_baseline
kie,Flux-2 - Text to Image,https://docs.kie.ai/market/flux2/flex-text-to-image.md,flux2/flex-text-to-image,paths.post.input.resolution,1k,RESOLUTION_TIER,P1080,LOW,std_to_api:fallback_baseline
kie,Flux-2 - Text to Image,https://docs.kie.ai/market/flux2/flex-text-to-image.md,flux2/flex-text-to-image,paths.post.input.resolution,1k,RESOLUTION_TIER,P480,LOW,std_to_api:fallback_baseline
kie,Flux-2 - Text to Image,https://docs.kie.ai/market/flux2/flex-text-to-image.md,flux2/flex-text-to-image,paths.post.input.resolution,1k,RESOLUTION_TIER,P512,LOW,std_to_api:fallback_baseline
kie,Flux-2 - Text to Image,https://docs.kie.ai/market/flux2/flex-text-to-image.md,flux2/flex-text-to-image,paths.post.input.resolution,1k,RESOLUTION_TIER,P580,LOW,std_to_api:fallback_baseline
kie,Flux-2 - Text to Image,https://docs.kie.ai/market/flux2/flex-text-to-image.md,flux2/flex-text-to-image,paths.post.input.resolution,1k,RESOLUTION_TIER,P720,LOW,std_to_api:fallback_baseline
kie,Flux-2 - Text to Image,https://docs.kie.ai/market/flux2/flex-text-to-image.md,flux2/flex-text-to-image,paths.post.input.resolution,1k,RESOLUTION_TIER,P768,LOW,std_to_api:fallback_baseline
kie,Flux-2 - Pro Image to Image,https://docs.kie.ai/market/flux2/pro-image-to-image.md,flux2/pro-image-to-image,paths.post.input.resolution,1k,RESOLUTION_TIER,K1,LOW,std_to_api:fallback_baseline
kie,Flux-2 - Pro Image to Image,https://docs.kie.ai/market/flux2/pro-image-to-image.md,flux2/pro-image-to-image,paths.post.input.resolution,1k,RESOLUTION_TIER,K2,LOW,std_to_api:fallback_baseline
kie,Flux-2 - Pro Image to Image,https://docs.kie.ai/market/flux2/pro-image-to-image.md,flux2/pro-image-to-image,paths.post.input.resolution,1k,RESOLUTION_TIER,K4,LOW,std_to_api:fallback_baseline
kie,Flux-2 - Pro Image to Image,https://docs.kie.ai/market/flux2/pro-image-to-image.md,flux2/pro-image-to-image,paths.post.input.resolution,1k,RESOLUTION_TIER,P1080,LOW,std_to_api:fallback_baseline
kie,Flux-2 - Pro Image to Image,https://docs.kie.ai/market/flux2/pro-image-to-image.md,flux2/pro-image-to-image,paths.post.input.resolution,1k,RESOLUTION_TIER,P480,LOW,std_to_api:fallback_baseline
kie,Flux-2 - Pro Image to Image,https://docs.kie.ai/market/flux2/pro-image-to-image.md,flux2/pro-image-to-image,paths.post.input.resolution,1k,RESOLUTION_TIER,P512,LOW,std_to_api:fallback_baseline
kie,Flux-2 - Pro Image to Image,https://docs.kie.ai/market/flux2/pro-image-to-image.md,flux2/pro-image-to-image,paths.post.input.resolution,1k,RESOLUTION_TIER,P580,LOW,std_to_api:fallback_baseline
kie,Flux-2 - Pro Image to Image,https://docs.kie.ai/market/flux2/pro-image-to-image.md,flux2/pro-image-to-image,paths.post.input.resolution,1k,RESOLUTION_TIER,P720,LOW,std_to_api:fallback_baseline
kie,Flux-2 - Pro Image to Image,https://docs.kie.ai/market/flux2/pro-image-to-image.md,flux2/pro-image-to-image,paths.post.input.resolution,1k,RESOLUTION_TIER,P768,LOW,std_to_api:fallback_baseline
kie,Flux-2 - Pro Text to Image,https://docs.kie.ai/market/flux2/pro-text-to-image.md,flux2/pro-text-to-image,paths.post.input.resolution,1k,RESOLUTION_TIER,K1,LOW,std_to_api:fallback_baseline
kie,Flux-2 - Pro Text to Image,https://docs.kie.ai/market/flux2/pro-text-to-image.md,flux2/pro-text-to-image,paths.post.input.resolution,1k,RESOLUTION_TIER,K2,LOW,std_to_api:fallback_baseline
kie,Flux-2 - Pro Text to Image,https://docs.kie.ai/market/flux2/pro-text-to-image.md,flux2/pro-text-to-image,paths.post.input.resolution,1k,RESOLUTION_TIER,K4,LOW,std_to_api:fallback_baseline
kie,Flux-2 - Pro Text to Image,https://docs.kie.ai/market/flux2/pro-text-to-image.md,flux2/pro-text-to-image,paths.post.input.resolution,1k,RESOLUTION_TIER,P1080,LOW,std_to_api:fallback_baseline
kie,Flux-2 - Pro Text to Image,https://docs.kie.ai/market/flux2/pro-text-to-image.md,flux2/pro-text-to-image,paths.post.input.resolution,1k,RESOLUTION_TIER,P480,LOW,std_to_api:fallback_baseline
kie,Flux-2 - Pro Text to Image,https://docs.kie.ai/market/flux2/pro-text-to-image.md,flux2/pro-text-to-image,paths.post.input.resolution,1k,RESOLUTION_TIER,P512,LOW,std_to_api:fallback_baseline
kie,Flux-2 - Pro Text to Image,https://docs.kie.ai/market/flux2/pro-text-to-image.md,flux2/pro-text-to-image,paths.post.input.resolution,1k,RESOLUTION_TIER,P580,LOW,std_to_api:fallback_baseline
kie,Flux-2 - Pro Text to Image,https://docs.kie.ai/market/flux2/pro-text-to-image.md,flux2/pro-text-to-image,paths.post.input.resolution,1k,RESOLUTION_TIER,P720,LOW,std_to_api:fallback_baseline
kie,Flux-2 - Pro Text to Image,https://docs.kie.ai/market/flux2/pro-text-to-image.md,flux2/pro-text-to-image,paths.post.input.resolution,1k,RESOLUTION_TIER,P768,LOW,std_to_api:fallback_baseline
kie,Grok Imagine Image to Video,https://docs.kie.ai/market/grok-imagine/image-to-video.md,grok-imagine/image-to-video,paths.post.input.resolution,480p,RESOLUTION_TIER,K1,LOW,std_to_api:fallback_baseline
kie,Grok Imagine Image to Video,https://docs.kie.ai/market/grok-imagine/image-to-video.md,grok-imagine/image-to-video,paths.post.input.resolution,480p,RESOLUTION_TIER,K2,LOW,std_to_api:fallback_baseline
kie,Grok Imagine Image to Video,https://docs.kie.ai/market/grok-imagine/image-to-video.md,grok-imagine/image-to-video,paths.post.input.resolution,480p,RESOLUTION_TIER,K4,LOW,std_to_api:fallback_baseline
kie,Grok Imagine Image to Video,https://docs.kie.ai/market/grok-imagine/image-to-video.md,grok-imagine/image-to-video,paths.post.input.resolution,480p,RESOLUTION_TIER,P1080,LOW,std_to_api:fallback_baseline
kie,Grok Imagine Image to Video,https://docs.kie.ai/market/grok-imagine/image-to-video.md,grok-imagine/image-to-video,paths.post.input.resolution,480p,RESOLUTION_TIER,P480,LOW,std_to_api:fallback_baseline
kie,Grok Imagine Image to Video,https://docs.kie.ai/market/grok-imagine/image-to-video.md,grok-imagine/image-to-video,paths.post.input.resolution,480p,RESOLUTION_TIER,P512,LOW,std_to_api:fallback_baseline
kie,Grok Imagine Image to Video,https://docs.kie.ai/market/grok-imagine/image-to-video.md,grok-imagine/image-to-video,paths.post.input.resolution,480p,RESOLUTION_TIER,P580,LOW,std_to_api:fallback_baseline
kie,Grok Imagine Image to Video,https://docs.kie.ai/market/grok-imagine/image-to-video.md,grok-imagine/image-to-video,paths.post.input.resolution,480p,RESOLUTION_TIER,P720,LOW,std_to_api:fallback_baseline
kie,Grok Imagine Image to Video,https://docs.kie.ai/market/grok-imagine/image-to-video.md,grok-imagine/image-to-video,paths.post.input.resolution,480p,RESOLUTION_TIER,P768,LOW,std_to_api:fallback_baseline
kie,Grok Imagine Text to Video,https://docs.kie.ai/market/grok-imagine/text-to-video.md,grok-imagine/text-to-video,paths.post.input.resolution,480p,RESOLUTION_TIER,K1,LOW,std_to_api:fallback_baseline
kie,Grok Imagine Text to Video,https://docs.kie.ai/market/grok-imagine/text-to-video.md,grok-imagine/text-to-video,paths.post.input.resolution,480p,RESOLUTION_TIER,K2,LOW,std_to_api:fallback_baseline
kie,Grok Imagine Text to Video,https://docs.kie.ai/market/grok-imagine/text-to-video.md,grok-imagine/text-to-video,paths.post.input.resolution,480p,RESOLUTION_TIER,K4,LOW,std_to_api:fallback_baseline
kie,Grok Imagine Text to Video,https://docs.kie.ai/market/grok-imagine/text-to-video.md,grok-imagine/text-to-video,paths.post.input.resolution,480p,RESOLUTION_TIER,P1080,LOW,std_to_api:fallback_baseline
kie,Grok Imagine Text to Video,https://docs.kie.ai/market/grok-imagine/text-to-video.md,grok-imagine/text-to-video,paths.post.input.resolution,480p,RESOLUTION_TIER,P480,LOW,std_to_api:fallback_baseline
kie,Grok Imagine Text to Video,https://docs.kie.ai/market/grok-imagine/text-to-video.md,grok-imagine/text-to-video,paths.post.input.resolution,480p,RESOLUTION_TIER,P512,LOW,std_to_api:fallback_baseline
kie,Grok Imagine Text to Video,https://docs.kie.ai/market/grok-imagine/text-to-video.md,grok-imagine/text-to-video,paths.post.input.resolution,480p,RESOLUTION_TIER,P580,LOW,std_to_api:fallback_baseline
kie,Grok Imagine Text to Video,https://docs.kie.ai/market/grok-imagine/text-to-video.md,grok-imagine/text-to-video,paths.post.input.resolution,480p,RESOLUTION_TIER,P720,LOW,std_to_api:fallback_baseline
kie,Grok Imagine Text to Video,https://docs.kie.ai/market/grok-imagine/text-to-video.md,grok-imagine/text-to-video,paths.post.input.resolution,480p,RESOLUTION_TIER,P768,LOW,std_to_api:fallback_baseline
kie,Hailuo Standard Image to Video,https://docs.kie.ai/market/hailuo/02-image-to-video-standard.md,hailuo/02-image-to-video-standard,paths.post.input.resolution,512p,RESOLUTION_TIER,K1,LOW,std_to_api:fallback_baseline
kie,Hailuo Standard Image to Video,https://docs.kie.ai/market/hailuo/02-image-to-video-standard.md,hailuo/02-image-to-video-standard,paths.post.input.resolution,512p,RESOLUTION_TIER,K2,LOW,std_to_api:fallback_baseline
kie,Hailuo Standard Image to Video,https://docs.kie.ai/market/hailuo/02-image-to-video-standard.md,hailuo/02-image-to-video-standard,paths.post.input.resolution,512p,RESOLUTION_TIER,K4,LOW,std_to_api:fallback_baseline
kie,Hailuo Standard Image to Video,https://docs.kie.ai/market/hailuo/02-image-to-video-standard.md,hailuo/02-image-to-video-standard,paths.post.input.resolution,512p,RESOLUTION_TIER,P1080,LOW,std_to_api:fallback_baseline
kie,Hailuo Standard Image to Video,https://docs.kie.ai/market/hailuo/02-image-to-video-standard.md,hailuo/02-image-to-video-standard,paths.post.input.resolution,512p,RESOLUTION_TIER,P480,LOW,std_to_api:fallback_baseline
kie,Hailuo Standard Image to Video,https://docs.kie.ai/market/hailuo/02-image-to-video-standard.md,hailuo/02-image-to-video-standard,paths.post.input.resolution,512p,RESOLUTION_TIER,P512,LOW,std_to_api:fallback_baseline
kie,Hailuo Standard Image to Video,https://docs.kie.ai/market/hailuo/02-image-to-video-standard.md,hailuo/02-image-to-video-standard,paths.post.input.resolution,512p,RESOLUTION_TIER,P580,LOW,std_to_api:fallback_baseline
kie,Hailuo Standard Image to Video,https://docs.kie.ai/market/hailuo/02-image-to-video-standard.md,hailuo/02-image-to-video-standard,paths.post.input.resolution,512p,RESOLUTION_TIER,P720,LOW,std_to_api:fallback_baseline
kie,Hailuo Standard Image to Video,https://docs.kie.ai/market/hailuo/02-image-to-video-standard.md,hailuo/02-image-to-video-standard,paths.post.input.resolution,512p,RESOLUTION_TIER,P768,LOW,std_to_api:fallback_baseline
kie,Hailuo 2.3 Pro Image to Video,https://docs.kie.ai/market/hailuo/2-3-image-to-video-pro.md,hailuo/2-3-image-to-video-pro,paths.post.input.resolution,768p,RESOLUTION_TIER,K1,LOW,std_to_api:fallback_baseline
kie,Hailuo 2.3 Pro Image to Video,https://docs.kie.ai/market/hailuo/2-3-image-to-video-pro.md,hailuo/2-3-image-to-video-pro,paths.post.input.resolution,768p,RESOLUTION_TIER,K2,LOW,std_to_api:fallback_baseline
kie,Hailuo 2.3 Pro Image to Video,https://docs.kie.ai/market/hailuo/2-3-image-to-video-pro.md,hailuo/2-3-image-to-video-pro,paths.post.input.resolution,768p,RESOLUTION_TIER,K4,LOW,std_to_api:fallback_baseline
kie,Hailuo 2.3 Pro Image to Video,https://docs.kie.ai/market/hailuo/2-3-image-to-video-pro.md,hailuo/2-3-image-to-video-pro,paths.post.input.resolution,768p,RESOLUTION_TIER,P1080,LOW,std_to_api:fallback_baseline
kie,Hailuo 2.3 Pro Image to Video,https://docs.kie.ai/market/hailuo/2-3-image-to-video-pro.md,hailuo/2-3-image-to-video-pro,paths.post.input.resolution,768p,RESOLUTION_TIER,P480,LOW,std_to_api:fallback_baseline
kie,Hailuo 2.3 Pro Image to Video,https://docs.kie.ai/market/hailuo/2-3-image-to-video-pro.md,hailuo/2-3-image-to-video-pro,paths.post.input.resolution,768p,RESOLUTION_TIER,P512,LOW,std_to_api:fallback_baseline
kie,Hailuo 2.3 Pro Image to Video,https://docs.kie.ai/market/hailuo/2-3-image-to-video-pro.md,hailuo/2-3-image-to-video-pro,paths.post.input.resolution,768p,RESOLUTION_TIER,P580,LOW,std_to_api:fallback_baseline
kie,Hailuo 2.3 Pro Image to Video,https://docs.kie.ai/market/hailuo/2-3-image-to-video-pro.md,hailuo/2-3-image-to-video-pro,paths.post.input.resolution,768p,RESOLUTION_TIER,P720,LOW,std_to_api:fallback_baseline
kie,Hailuo 2.3 Pro Image to Video,https://docs.kie.ai/market/hailuo/2-3-image-to-video-pro.md,hailuo/2-3-image-to-video-pro,paths.post.input.resolution,768p,RESOLUTION_TIER,P768,LOW,std_to_api:fallback_baseline
kie,Hailuo 2.3 Standard Image to Video,https://docs.kie.ai/market/hailuo/2-3-image-to-video-standard.md,hailuo/2-3-image-to-video-standard,paths.post.input.resolution,768p,RESOLUTION_TIER,K1,LOW,std_to_api:fallback_baseline
kie,Hailuo 2.3 Standard Image to Video,https://docs.kie.ai/market/hailuo/2-3-image-to-video-standard.md,hailuo/2-3-image-to-video-standard,paths.post.input.resolution,768p,RESOLUTION_TIER,K2,LOW,std_to_api:fallback_baseline
kie,Hailuo 2.3 Standard Image to Video,https://docs.kie.ai/market/hailuo/2-3-image-to-video-standard.md,hailuo/2-3-image-to-video-standard,paths.post.input.resolution,768p,RESOLUTION_TIER,K4,LOW,std_to_api:fallback_baseline
kie,Hailuo 2.3 Standard Image to Video,https://docs.kie.ai/market/hailuo/2-3-image-to-video-standard.md,hailuo/2-3-image-to-video-standard,paths.post.input.resolution,768p,RESOLUTION_TIER,P1080,LOW,std_to_api:fallback_baseline
kie,Hailuo 2.3 Standard Image to Video,https://docs.kie.ai/market/hailuo/2-3-image-to-video-standard.md,hailuo/2-3-image-to-video-standard,paths.post.input.resolution,768p,RESOLUTION_TIER,P480,LOW,std_to_api:fallback_baseline
kie,Hailuo 2.3 Standard Image to Video,https://docs.kie.ai/market/hailuo/2-3-image-to-video-standard.md,hailuo/2-3-image-to-video-standard,paths.post.input.resolution,768p,RESOLUTION_TIER,P512,LOW,std_to_api:fallback_baseline
kie,Hailuo 2.3 Standard Image to Video,https://docs.kie.ai/market/hailuo/2-3-image-to-video-standard.md,hailuo/2-3-image-to-video-standard,paths.post.input.resolution,768p,RESOLUTION_TIER,P580,LOW,std_to_api:fallback_baseline
kie,Hailuo 2.3 Standard Image to Video,https://docs.kie.ai/market/hailuo/2-3-image-to-video-standard.md,hailuo/2-3-image-to-video-standard,paths.post.input.resolution,768p,RESOLUTION_TIER,P720,LOW,std_to_api:fallback_baseline
kie,Hailuo 2.3 Standard Image to Video,https://docs.kie.ai/market/hailuo/2-3-image-to-video-standard.md,hailuo/2-3-image-to-video-standard,paths.post.input.resolution,768p,RESOLUTION_TIER,P768,LOW,std_to_api:fallback_baseline
kie,Infinitalk - From Audio,https://docs.kie.ai/market/infinitalk/from-audio.md,infinitalk/from-audio,paths.post.input.resolution,480p,RESOLUTION_TIER,K1,LOW,std_to_api:fallback_baseline
kie,Infinitalk - From Audio,https://docs.kie.ai/market/infinitalk/from-audio.md,infinitalk/from-audio,paths.post.input.resolution,480p,RESOLUTION_TIER,K2,LOW,std_to_api:fallback_baseline
kie,Infinitalk - From Audio,https://docs.kie.ai/market/infinitalk/from-audio.md,infinitalk/from-audio,paths.post.input.resolution,480p,RESOLUTION_TIER,K4,LOW,std_to_api:fallback_baseline
kie,Infinitalk - From Audio,https://docs.kie.ai/market/infinitalk/from-audio.md,infinitalk/from-audio,paths.post.input.resolution,480p,RESOLUTION_TIER,P1080,LOW,std_to_api:fallback_baseline
kie,Infinitalk - From Audio,https://docs.kie.ai/market/infinitalk/from-audio.md,infinitalk/from-audio,paths.post.input.resolution,480p,RESOLUTION_TIER,P480,LOW,std_to_api:fallback_baseline
kie,Infinitalk - From Audio,https://docs.kie.ai/market/infinitalk/from-audio.md,infinitalk/from-audio,paths.post.input.resolution,480p,RESOLUTION_TIER,P512,LOW,std_to_api:fallback_baseline
kie,Infinitalk - From Audio,https://docs.kie.ai/market/infinitalk/from-audio.md,infinitalk/from-audio,paths.post.input.resolution,480p,RESOLUTION_TIER,P580,LOW,std_to_api:fallback_baseline
kie,Infinitalk - From Audio,https://docs.kie.ai/market/infinitalk/from-audio.md,infinitalk/from-audio,paths.post.input.resolution,480p,RESOLUTION_TIER,P720,LOW,std_to_api:fallback_baseline
kie,Infinitalk - From Audio,https://docs.kie.ai/market/infinitalk/from-audio.md,infinitalk/from-audio,paths.post.input.resolution,480p,RESOLUTION_TIER,P768,LOW,std_to_api:fallback_baseline
kie,Seedream4.0 - Edit,https://docs.kie.ai/market/seedream/seedream-v4-edit.md,seedream/seedream-v4-edit,paths.post.input.image_resolution,1k,RESOLUTION_TIER,K1,LOW,std_to_api:fallback_baseline
kie,Seedream4.0 - Edit,https://docs.kie.ai/market/seedream/seedream-v4-edit.md,seedream/seedream-v4-edit,paths.post.input.image_resolution,1k,RESOLUTION_TIER,K2,LOW,std_to_api:fallback_baseline
kie,Seedream4.0 - Edit,https://docs.kie.ai/market/seedream/seedream-v4-edit.md,seedream/seedream-v4-edit,paths.post.input.image_resolution,1k,RESOLUTION_TIER,K4,LOW,std_to_api:fallback_baseline
kie,Seedream4.0 - Edit,https://docs.kie.ai/market/seedream/seedream-v4-edit.md,seedream/seedream-v4-edit,paths.post.input.image_resolution,1k,RESOLUTION_TIER,P1080,LOW,std_to_api:fallback_baseline
kie,Seedream4.0 - Edit,https://docs.kie.ai/market/seedream/seedream-v4-edit.md,seedream/seedream-v4-edit,paths.post.input.image_resolution,1k,RESOLUTION_TIER,P480,LOW,std_to_api:fallback_baseline
kie,Seedream4.0 - Edit,https://docs.kie.ai/market/seedream/seedream-v4-edit.md,seedream/seedream-v4-edit,paths.post.input.image_resolution,1k,RESOLUTION_TIER,P512,LOW,std_to_api:fallback_baseline
kie,Seedream4.0 - Edit,https://docs.kie.ai/market/seedream/seedream-v4-edit.md,seedream/seedream-v4-edit,paths.post.input.image_resolution,1k,RESOLUTION_TIER,P580,LOW,std_to_api:fallback_baseline
kie,Seedream4.0 - Edit,https://docs.kie.ai/market/seedream/seedream-v4-edit.md,seedream/seedream-v4-edit,paths.post.input.image_resolution,1k,RESOLUTION_TIER,P720,LOW,std_to_api:fallback_baseline
kie,Seedream4.0 - Edit,https://docs.kie.ai/market/seedream/seedream-v4-edit.md,seedream/seedream-v4-edit,paths.post.input.image_resolution,1k,RESOLUTION_TIER,P768,LOW,std_to_api:fallback_baseline
kie,Seedream4.0 - Text to Image,https://docs.kie.ai/market/seedream/seedream-v4-text-to-image.md,seedream/seedream-v4-text-to-image,paths.post.input.image_resolution,1k,RESOLUTION_TIER,K1,LOW,std_to_api:fallback_baseline
kie,Seedream4.0 - Text to Image,https://docs.kie.ai/market/seedream/seedream-v4-text-to-image.md,seedream/seedream-v4-text-to-image,paths.post.input.image_resolution,1k,RESOLUTION_TIER,K2,LOW,std_to_api:fallback_baseline
kie,Seedream4.0 - Text to Image,https://docs.kie.ai/market/seedream/seedream-v4-text-to-image.md,seedream/seedream-v4-text-to-image,paths.post.input.image_resolution,1k,RESOLUTION_TIER,K4,LOW,std_to_api:fallback_baseline
kie,Seedream4.0 - Text to Image,https://docs.kie.ai/market/seedream/seedream-v4-text-to-image.md,seedream/seedream-v4-text-to-image,paths.post.input.image_resolution,1k,RESOLUTION_TIER,P1080,LOW,std_to_api:fallback_baseline
kie,Seedream4.0 - Text to Image,https://docs.kie.ai/market/seedream/seedream-v4-text-to-image.md,seedream/seedream-v4-text-to-image,paths.post.input.image_resolution,1k,RESOLUTION_TIER,P480,LOW,std_to_api:fallback_baseline
kie,Seedream4.0 - Text to Image,https://docs.kie.ai/market/seedream/seedream-v4-text-to-image.md,seedream/seedream-v4-text-to-image,paths.post.input.image_resolution,1k,RESOLUTION_TIER,P512,LOW,std_to_api:fallback_baseline
kie,Seedream4.0 - Text to Image,https://docs.kie.ai/market/seedream/seedream-v4-text-to-image.md,seedream/seedream-v4-text-to-image,paths.post.input.image_resolution,1k,RESOLUTION_TIER,P580,LOW,std_to_api:fallback_baseline
kie,Seedream4.0 - Text to Image,https://docs.kie.ai/market/seedream/seedream-v4-text-to-image.md,seedream/seedream-v4-text-to-image,paths.post.input.image_resolution,1k,RESOLUTION_TIER,P720,LOW,std_to_api:fallback_baseline
kie,Seedream4.0 - Text to Image,https://docs.kie.ai/market/seedream/seedream-v4-text-to-image.md,seedream/seedream-v4-text-to-image,paths.post.input.image_resolution,1k,RESOLUTION_TIER,P768,LOW,std_to_api:fallback_baseline
kie,Wan - Image to Video,https://docs.kie.ai/market/wan/2-2-a14b-image-to-video-turbo.md,wan/2-2-a14b-image-to-video-turbo,paths.post.input.resolution,480p,RESOLUTION_TIER,K1,LOW,std_to_api:fallback_baseline
kie,Wan - Image to Video,https://docs.kie.ai/market/wan/2-2-a14b-image-to-video-turbo.md,wan/2-2-a14b-image-to-video-turbo,paths.post.input.resolution,480p,RESOLUTION_TIER,K2,LOW,std_to_api:fallback_baseline
kie,Wan - Image to Video,https://docs.kie.ai/market/wan/2-2-a14b-image-to-video-turbo.md,wan/2-2-a14b-image-to-video-turbo,paths.post.input.resolution,480p,RESOLUTION_TIER,K4,LOW,std_to_api:fallback_baseline
kie,Wan - Image to Video,https://docs.kie.ai/market/wan/2-2-a14b-image-to-video-turbo.md,wan/2-2-a14b-image-to-video-turbo,paths.post.input.resolution,480p,RESOLUTION_TIER,P1080,LOW,std_to_api:fallback_baseline
kie,Wan - Image to Video,https://docs.kie.ai/market/wan/2-2-a14b-image-to-video-turbo.md,wan/2-2-a14b-image-to-video-turbo,paths.post.input.resolution,480p,RESOLUTION_TIER,P480,LOW,std_to_api:fallback_baseline
kie,Wan - Image to Video,https://docs.kie.ai/market/wan/2-2-a14b-image-to-video-turbo.md,wan/2-2-a14b-image-to-video-turbo,paths.post.input.resolution,480p,RESOLUTION_TIER,P512,LOW,std_to_api:fallback_baseline
kie,Wan - Image to Video,https://docs.kie.ai/market/wan/2-2-a14b-image-to-video-turbo.md,wan/2-2-a14b-image-to-video-turbo,paths.post.input.resolution,480p,RESOLUTION_TIER,P580,LOW,std_to_api:fallback_baseline
kie,Wan - Image to Video,https://docs.kie.ai/market/wan/2-2-a14b-image-to-video-turbo.md,wan/2-2-a14b-image-to-video-turbo,paths.post.input.resolution,480p,RESOLUTION_TIER,P720,LOW,std_to_api:fallback_baseline
kie,Wan - Image to Video,https://docs.kie.ai/market/wan/2-2-a14b-image-to-video-turbo.md,wan/2-2-a14b-image-to-video-turbo,paths.post.input.resolution,480p,RESOLUTION_TIER,P768,LOW,std_to_api:fallback_baseline
kie,Wan - 2.2 A14B Speech to Video Turbo,https://docs.kie.ai/market/wan/2-2-a14b-speech-to-video-turbo.md,wan/2-2-a14b-speech-to-video-turbo,paths.post.input.resolution,480p,RESOLUTION_TIER,K1,LOW,std_to_api:fallback_baseline
kie,Wan - 2.2 A14B Speech to Video Turbo,https://docs.kie.ai/market/wan/2-2-a14b-speech-to-video-turbo.md,wan/2-2-a14b-speech-to-video-turbo,paths.post.input.resolution,480p,RESOLUTION_TIER,K2,LOW,std_to_api:fallback_baseline
kie,Wan - 2.2 A14B Speech to Video Turbo,https://docs.kie.ai/market/wan/2-2-a14b-speech-to-video-turbo.md,wan/2-2-a14b-speech-to-video-turbo,paths.post.input.resolution,480p,RESOLUTION_TIER,K4,LOW,std_to_api:fallback_baseline
kie,Wan - 2.2 A14B Speech to Video Turbo,https://docs.kie.ai/market/wan/2-2-a14b-speech-to-video-turbo.md,wan/2-2-a14b-speech-to-video-turbo,paths.post.input.resolution,480p,RESOLUTION_TIER,P1080,LOW,std_to_api:fallback_baseline
kie,Wan - 2.2 A14B Speech to Video Turbo,https://docs.kie.ai/market/wan/2-2-a14b-speech-to-video-turbo.md,wan/2-2-a14b-speech-to-video-turbo,paths.post.input.resolution,480p,RESOLUTION_TIER,P480,LOW,std_to_api:fallback_baseline
kie,Wan - 2.2 A14B Speech to Video Turbo,https://docs.kie.ai/market/wan/2-2-a14b-speech-to-video-turbo.md,wan/2-2-a14b-speech-to-video-turbo,paths.post.input.resolution,480p,RESOLUTION_TIER,P512,LOW,std_to_api:fallback_baseline
kie,Wan - 2.2 A14B Speech to Video Turbo,https://docs.kie.ai/market/wan/2-2-a14b-speech-to-video-turbo.md,wan/2-2-a14b-speech-to-video-turbo,paths.post.input.resolution,480p,RESOLUTION_TIER,P580,LOW,std_to_api:fallback_baseline
kie,Wan - 2.2 A14B Speech to Video Turbo,https://docs.kie.ai/market/wan/2-2-a14b-speech-to-video-turbo.md,wan/2-2-a14b-speech-to-video-turbo,paths.post.input.resolution,480p,RESOLUTION_TIER,P720,LOW,std_to_api:fallback_baseline
kie,Wan - 2.2 A14B Speech to Video Turbo,https://docs.kie.ai/market/wan/2-2-a14b-speech-to-video-turbo.md,wan/2-2-a14b-speech-to-video-turbo,paths.post.input.resolution,480p,RESOLUTION_TIER,P768,LOW,std_to_api:fallback_baseline
kie,Wan - Text to Video,https://docs.kie.ai/market/wan/2-2-a14b-text-to-video-turbo.md,wan/2-2-a14b-text-to-video-turbo,paths.post.input.resolution,480p,RESOLUTION_TIER,K1,LOW,std_to_api:fallback_baseline
kie,Wan - Text to Video,https://docs.kie.ai/market/wan/2-2-a14b-text-to-video-turbo.md,wan/2-2-a14b-text-to-video-turbo,paths.post.input.resolution,480p,RESOLUTION_TIER,K2,LOW,std_to_api:fallback_baseline
kie,Wan - Text to Video,https://docs.kie.ai/market/wan/2-2-a14b-text-to-video-turbo.md,wan/2-2-a14b-text-to-video-turbo,paths.post.input.resolution,480p,RESOLUTION_TIER,K4,LOW,std_to_api:fallback_baseline
kie,Wan - Text to Video,https://docs.kie.ai/market/wan/2-2-a14b-text-to-video-turbo.md,wan/2-2-a14b-text-to-video-turbo,paths.post.input.resolution,480p,RESOLUTION_TIER,P1080,LOW,std_to_api:fallback_baseline
kie,Wan - Text to Video,https://docs.kie.ai/market/wan/2-2-a14b-text-to-video-turbo.md,wan/2-2-a14b-text-to-video-turbo,paths.post.input.resolution,480p,RESOLUTION_TIER,P480,LOW,std_to_api:fallback_baseline
kie,Wan - Text to Video,https://docs.kie.ai/market/wan/2-2-a14b-text-to-video-turbo.md,wan/2-2-a14b-text-to-video-turbo,paths.post.input.resolution,480p,RESOLUTION_TIER,P512,LOW,std_to_api:fallback_baseline
kie,Wan - Text to Video,https://docs.kie.ai/market/wan/2-2-a14b-text-to-video-turbo.md,wan/2-2-a14b-text-to-video-turbo,paths.post.input.resolution,480p,RESOLUTION_TIER,P580,LOW,std_to_api:fallback_baseline
kie,Wan - Text to Video,https://docs.kie.ai/market/wan/2-2-a14b-text-to-video-turbo.md,wan/2-2-a14b-text-to-video-turbo,paths.post.input.resolution,480p,RESOLUTION_TIER,P720,LOW,std_to_api:fallback_baseline
kie,Wan - Text to Video,https://docs.kie.ai/market/wan/2-2-a14b-text-to-video-turbo.md,wan/2-2-a14b-text-to-video-turbo,paths.post.input.resolution,480p,RESOLUTION_TIER,P768,LOW,std_to_api:fallback_baseline
kie,Wan - Animate Move,https://docs.kie.ai/market/wan/2-2-animate-move.md,wan/2-2-animate-move,paths.post.input.resolution,480p,RESOLUTION_TIER,K1,LOW,std_to_api:fallback_baseline
kie,Wan - Animate Move,https://docs.kie.ai/market/wan/2-2-animate-move.md,wan/2-2-animate-move,paths.post.input.resolution,480p,RESOLUTION_TIER,K2,LOW,std_to_api:fallback_baseline
kie,Wan - Animate Move,https://docs.kie.ai/market/wan/2-2-animate-move.md,wan/2-2-animate-move,paths.post.input.resolution,480p,RESOLUTION_TIER,K4,LOW,std_to_api:fallback_baseline
kie,Wan - Animate Move,https://docs.kie.ai/market/wan/2-2-animate-move.md,wan/2-2-animate-move,paths.post.input.resolution,480p,RESOLUTION_TIER,P1080,LOW,std_to_api:fallback_baseline
kie,Wan - Animate Move,https://docs.kie.ai/market/wan/2-2-animate-move.md,wan/2-2-animate-move,paths.post.input.resolution,480p,RESOLUTION_TIER,P480,LOW,std_to_api:fallback_baseline
kie,Wan - Animate Move,https://docs.kie.ai/market/wan/2-2-animate-move.md,wan/2-2-animate-move,paths.post.input.resolution,480p,RESOLUTION_TIER,P512,LOW,std_to_api:fallback_baseline
kie,Wan - Animate Move,https://docs.kie.ai/market/wan/2-2-animate-move.md,wan/2-2-animate-move,paths.post.input.resolution,480p,RESOLUTION_TIER,P580,LOW,std_to_api:fallback_baseline
kie,Wan - Animate Move,https://docs.kie.ai/market/wan/2-2-animate-move.md,wan/2-2-animate-move,paths.post.input.resolution,480p,RESOLUTION_TIER,P720,LOW,std_to_api:fallback_baseline
kie,Wan - Animate Move,https://docs.kie.ai/market/wan/2-2-animate-move.md,wan/2-2-animate-move,paths.post.input.resolution,480p,RESOLUTION_TIER,P768,LOW,std_to_api:fallback_baseline
kie,Wan - Animate Replace,https://docs.kie.ai/market/wan/2-2-animate-replace.md,wan/2-2-animate-replace,paths.post.input.resolution,480p,RESOLUTION_TIER,K1,LOW,std_to_api:fallback_baseline
kie,Wan - Animate Replace,https://docs.kie.ai/market/wan/2-2-animate-replace.md,wan/2-2-animate-replace,paths.post.input.resolution,480p,RESOLUTION_TIER,K2,LOW,std_to_api:fallback_baseline
kie,Wan - Animate Replace,https://docs.kie.ai/market/wan/2-2-animate-replace.md,wan/2-2-animate-replace,paths.post.input.resolution,480p,RESOLUTION_TIER,K4,LOW,std_to_api:fallback_baseline
kie,Wan - Animate Replace,https://docs.kie.ai/market/wan/2-2-animate-replace.md,wan/2-2-animate-replace,paths.post.input.resolution,480p,RESOLUTION_TIER,P1080,LOW,std_to_api:fallback_baseline
kie,Wan - Animate Replace,https://docs.kie.ai/market/wan/2-2-animate-replace.md,wan/2-2-animate-replace,paths.post.input.resolution,480p,RESOLUTION_TIER,P480,LOW,std_to_api:fallback_baseline
kie,Wan - Animate Replace,https://docs.kie.ai/market/wan/2-2-animate-replace.md,wan/2-2-animate-replace,paths.post.input.resolution,480p,RESOLUTION_TIER,P512,LOW,std_to_api:fallback_baseline
kie,Wan - Animate Replace,https://docs.kie.ai/market/wan/2-2-animate-replace.md,wan/2-2-animate-replace,paths.post.input.resolution,480p,RESOLUTION_TIER,P580,LOW,std_to_api:fallback_baseline
kie,Wan - Animate Replace,https://docs.kie.ai/market/wan/2-2-animate-replace.md,wan/2-2-animate-replace,paths.post.input.resolution,480p,RESOLUTION_TIER,P720,LOW,std_to_api:fallback_baseline
kie,Wan - Animate Replace,https://docs.kie.ai/market/wan/2-2-animate-replace.md,wan/2-2-animate-replace,paths.post.input.resolution,480p,RESOLUTION_TIER,P768,LOW,std_to_api:fallback_baseline
kie,Wan - 2.6-flash-image-to-video,https://docs.kie.ai/market/wan/2-6-flash-image-to-video.md,wan/2-6-flash-image-to-video,paths.post.input.resolution,720p,RESOLUTION_TIER,K1,LOW,std_to_api:fallback_baseline
kie,Wan - 2.6-flash-image-to-video,https://docs.kie.ai/market/wan/2-6-flash-image-to-video.md,wan/2-6-flash-image-to-video,paths.post.input.resolution,720p,RESOLUTION_TIER,K2,LOW,std_to_api:fallback_baseline
kie,Wan - 2.6-flash-image-to-video,https://docs.kie.ai/market/wan/2-6-flash-image-to-video.md,wan/2-6-flash-image-to-video,paths.post.input.resolution,720p,RESOLUTION_TIER,K4,LOW,std_to_api:fallback_baseline
kie,Wan - 2.6-flash-image-to-video,https://docs.kie.ai/market/wan/2-6-flash-image-to-video.md,wan/2-6-flash-image-to-video,paths.post.input.resolution,720p,RESOLUTION_TIER,P1080,LOW,std_to_api:fallback_baseline
kie,Wan - 2.6-flash-image-to-video,https://docs.kie.ai/market/wan/2-6-flash-image-to-video.md,wan/2-6-flash-image-to-video,paths.post.input.resolution,720p,RESOLUTION_TIER,P480,LOW,std_to_api:fallback_baseline
kie,Wan - 2.6-flash-image-to-video,https://docs.kie.ai/market/wan/2-6-flash-image-to-video.md,wan/2-6-flash-image-to-video,paths.post.input.resolution,720p,RESOLUTION_TIER,P512,LOW,std_to_api:fallback_baseline
kie,Wan - 2.6-flash-image-to-video,https://docs.kie.ai/market/wan/2-6-flash-image-to-video.md,wan/2-6-flash-image-to-video,paths.post.input.resolution,720p,RESOLUTION_TIER,P580,LOW,std_to_api:fallback_baseline
kie,Wan - 2.6-flash-image-to-video,https://docs.kie.ai/market/wan/2-6-flash-image-to-video.md,wan/2-6-flash-image-to-video,paths.post.input.resolution,720p,RESOLUTION_TIER,P720,LOW,std_to_api:fallback_baseline
kie,Wan - 2.6-flash-image-to-video,https://docs.kie.ai/market/wan/2-6-flash-image-to-video.md,wan/2-6-flash-image-to-video,paths.post.input.resolution,720p,RESOLUTION_TIER,P768,LOW,std_to_api:fallback_baseline
kie,Wan - 2-6-flash-video-to-video,https://docs.kie.ai/market/wan/2-6-flash-video-to-video.md,wan/2-6-flash-video-to-video,paths.post.input.resolution,720p,RESOLUTION_TIER,K1,LOW,std_to_api:fallback_baseline
kie,Wan - 2-6-flash-video-to-video,https://docs.kie.ai/market/wan/2-6-flash-video-to-video.md,wan/2-6-flash-video-to-video,paths.post.input.resolution,720p,RESOLUTION_TIER,K2,LOW,std_to_api:fallback_baseline
kie,Wan - 2-6-flash-video-to-video,https://docs.kie.ai/market/wan/2-6-flash-video-to-video.md,wan/2-6-flash-video-to-video,paths.post.input.resolution,720p,RESOLUTION_TIER,K4,LOW,std_to_api:fallback_baseline
kie,Wan - 2-6-flash-video-to-video,https://docs.kie.ai/market/wan/2-6-flash-video-to-video.md,wan/2-6-flash-video-to-video,paths.post.input.resolution,720p,RESOLUTION_TIER,P1080,LOW,std_to_api:fallback_baseline
kie,Wan - 2-6-flash-video-to-video,https://docs.kie.ai/market/wan/2-6-flash-video-to-video.md,wan/2-6-flash-video-to-video,paths.post.input.resolution,720p,RESOLUTION_TIER,P480,LOW,std_to_api:fallback_baseline
kie,Wan - 2-6-flash-video-to-video,https://docs.kie.ai/market/wan/2-6-flash-video-to-video.md,wan/2-6-flash-video-to-video,paths.post.input.resolution,720p,RESOLUTION_TIER,P512,LOW,std_to_api:fallback_baseline
kie,Wan - 2-6-flash-video-to-video,https://docs.kie.ai/market/wan/2-6-flash-video-to-video.md,wan/2-6-flash-video-to-video,paths.post.input.resolution,720p,RESOLUTION_TIER,P580,LOW,std_to_api:fallback_baseline
kie,Wan - 2-6-flash-video-to-video,https://docs.kie.ai/market/wan/2-6-flash-video-to-video.md,wan/2-6-flash-video-to-video,paths.post.input.resolution,720p,RESOLUTION_TIER,P720,LOW,std_to_api:fallback_baseline
kie,Wan - 2-6-flash-video-to-video,https://docs.kie.ai/market/wan/2-6-flash-video-to-video.md,wan/2-6-flash-video-to-video,paths.post.input.resolution,720p,RESOLUTION_TIER,P768,LOW,std_to_api:fallback_baseline
kie,Wan 2.6 - Image to Video,https://docs.kie.ai/market/wan/2-6-image-to-video.md,wan/2-6-image-to-video,paths.post.input.resolution,720p,RESOLUTION_TIER,K1,LOW,std_to_api:fallback_baseline
kie,Wan 2.6 - Image to Video,https://docs.kie.ai/market/wan/2-6-image-to-video.md,wan/2-6-image-to-video,paths.post.input.resolution,720p,RESOLUTION_TIER,K2,LOW,std_to_api:fallback_baseline
kie,Wan 2.6 - Image to Video,https://docs.kie.ai/market/wan/2-6-image-to-video.md,wan/2-6-image-to-video,paths.post.input.resolution,720p,RESOLUTION_TIER,K4,LOW,std_to_api:fallback_baseline
kie,Wan 2.6 - Image to Video,https://docs.kie.ai/market/wan/2-6-image-to-video.md,wan/2-6-image-to-video,paths.post.input.resolution,720p,RESOLUTION_TIER,P1080,LOW,std_to_api:fallback_baseline
kie,Wan 2.6 - Image to Video,https://docs.kie.ai/market/wan/2-6-image-to-video.md,wan/2-6-image-to-video,paths.post.input.resolution,720p,RESOLUTION_TIER,P480,LOW,std_to_api:fallback_baseline
kie,Wan 2.6 - Image to Video,https://docs.kie.ai/market/wan/2-6-image-to-video.md,wan/2-6-image-to-video,paths.post.input.resolution,720p,RESOLUTION_TIER,P512,LOW,std_to_api:fallback_baseline
kie,Wan 2.6 - Image to Video,https://docs.kie.ai/market/wan/2-6-image-to-video.md,wan/2-6-image-to-video,paths.post.input.resolution,720p,RESOLUTION_TIER,P580,LOW,std_to_api:fallback_baseline
kie,Wan 2.6 - Image to Video,https://docs.kie.ai/market/wan/2-6-image-to-video.md,wan/2-6-image-to-video,paths.post.input.resolution,720p,RESOLUTION_TIER,P720,LOW,std_to_api:fallback_baseline
kie,Wan 2.6 - Image to Video,https://docs.kie.ai/market/wan/2-6-image-to-video.md,wan/2-6-image-to-video,paths.post.input.resolution,720p,RESOLUTION_TIER,P768,LOW,std_to_api:fallback_baseline
kie,Wan 2.6 - Text to Video,https://docs.kie.ai/market/wan/2-6-text-to-video.md,wan/2-6-text-to-video,paths.post.input.resolution,720p,RESOLUTION_TIER,K1,LOW,std_to_api:fallback_baseline
kie,Wan 2.6 - Text to Video,https://docs.kie.ai/market/wan/2-6-text-to-video.md,wan/2-6-text-to-video,paths.post.input.resolution,720p,RESOLUTION_TIER,K2,LOW,std_to_api:fallback_baseline
kie,Wan 2.6 - Text to Video,https://docs.kie.ai/market/wan/2-6-text-to-video.md,wan/2-6-text-to-video,paths.post.input.resolution,720p,RESOLUTION_TIER,K4,LOW,std_to_api:fallback_baseline
kie,Wan 2.6 - Text to Video,https://docs.kie.ai/market/wan/2-6-text-to-video.md,wan/2-6-text-to-video,paths.post.input.resolution,720p,RESOLUTION_TIER,P1080,LOW,std_to_api:fallback_baseline
kie,Wan 2.6 - Text to Video,https://docs.kie.ai/market/wan/2-6-text-to-video.md,wan/2-6-text-to-video,paths.post.input.resolution,720p,RESOLUTION_TIER,P480,LOW,std_to_api:fallback_baseline
kie,Wan 2.6 - Text to Video,https://docs.kie.ai/market/wan/2-6-text-to-video.md,wan/2-6-text-to-video,paths.post.input.resolution,720p,RESOLUTION_TIER,P512,LOW,std_to_api:fallback_baseline
kie,Wan 2.6 - Text to Video,https://docs.kie.ai/market/wan/2-6-text-to-video.md,wan/2-6-text-to-video,paths.post.input.resolution,720p,RESOLUTION_TIER,P580,LOW,std_to_api:fallback_baseline
kie,Wan 2.6 - Text to Video,https://docs.kie.ai/market/wan/2-6-text-to-video.md,wan/2-6-text-to-video,paths.post.input.resolution,720p,RESOLUTION_TIER,P720,LOW,std_to_api:fallback_baseline
kie,Wan 2.6 - Text to Video,https://docs.kie.ai/market/wan/2-6-text-to-video.md,wan/2-6-text-to-video,paths.post.input.resolution,720p,RESOLUTION_TIER,P768,LOW,std_to_api:fallback_baseline
kie,Wan 2.6 - Video to Video,https://docs.kie.ai/market/wan/2-6-video-to-video.md,wan/2-6-video-to-video,paths.post.input.resolution,720p,RESOLUTION_TIER,K1,LOW,std_to_api:fallback_baseline
kie,Wan 2.6 - Video to Video,https://docs.kie.ai/market/wan/2-6-video-to-video.md,wan/2-6-video-to-video,paths.post.input.resolution,720p,RESOLUTION_TIER,K2,LOW,std_to_api:fallback_baseline
kie,Wan 2.6 - Video to Video,https://docs.kie.ai/market/wan/2-6-video-to-video.md,wan/2-6-video-to-video,paths.post.input.resolution,720p,RESOLUTION_TIER,K4,LOW,std_to_api:fallback_baseline
kie,Wan 2.6 - Video to Video,https://docs.kie.ai/market/wan/2-6-video-to-video.md,wan/2-6-video-to-video,paths.post.input.resolution,720p,RESOLUTION_TIER,P1080,LOW,std_to_api:fallback_baseline
kie,Wan 2.6 - Video to Video,https://docs.kie.ai/market/wan/2-6-video-to-video.md,wan/2-6-video-to-video,paths.post.input.resolution,720p,RESOLUTION_TIER,P480,LOW,std_to_api:fallback_baseline
kie,Wan 2.6 - Video to Video,https://docs.kie.ai/market/wan/2-6-video-to-video.md,wan/2-6-video-to-video,paths.post.input.resolution,720p,RESOLUTION_TIER,P512,LOW,std_to_api:fallback_baseline
kie,Wan 2.6 - Video to Video,https://docs.kie.ai/market/wan/2-6-video-to-video.md,wan/2-6-video-to-video,paths.post.input.resolution,720p,RESOLUTION_TIER,P580,LOW,std_to_api:fallback_baseline
kie,Wan 2.6 - Video to Video,https://docs.kie.ai/market/wan/2-6-video-to-video.md,wan/2-6-video-to-video,paths.post.input.resolution,720p,RESOLUTION_TIER,P720,LOW,std_to_api:fallback_baseline
kie,Wan 2.6 - Video to Video,https://docs.kie.ai/market/wan/2-6-video-to-video.md,wan/2-6-video-to-video,paths.post.input.resolution,720p,RESOLUTION_TIER,P768,LOW,std_to_api:fallback_baseline
kie,Generate or Edit Image,https://docs.kie.ai/flux-kontext-api/generate-or-edit-image.md,flux-kontext-api/generate-or-edit-image,paths.post.input.safety_tolerance,0,SAFETY_TOLERANCE,0,MEDIUM,std_to_api:nearest_lower
kie,Generate or Edit Image,https://docs.kie.ai/flux-kontext-api/generate-or-edit-image.md,flux-kontext-api/generate-or-edit-image,paths.post.input.safety_tolerance,1,SAFETY_TOLERANCE,1,MEDIUM,std_to_api:nearest_lower
kie,Generate or Edit Image,https://docs.kie.ai/flux-kontext-api/generate-or-edit-image.md,flux-kontext-api/generate-or-edit-image,paths.post.input.safety_tolerance,2,SAFETY_TOLERANCE,2,MEDIUM,std_to_api:nearest_lower
kie,Generate or Edit Image,https://docs.kie.ai/flux-kontext-api/generate-or-edit-image.md,flux-kontext-api/generate-or-edit-image,paths.post.input.safety_tolerance,3,SAFETY_TOLERANCE,3,MEDIUM,std_to_api:nearest_lower
kie,Generate or Edit Image,https://docs.kie.ai/flux-kontext-api/generate-or-edit-image.md,flux-kontext-api/generate-or-edit-image,paths.post.input.safety_tolerance,4,SAFETY_TOLERANCE,4,MEDIUM,std_to_api:nearest_lower
kie,Generate or Edit Image,https://docs.kie.ai/flux-kontext-api/generate-or-edit-image.md,flux-kontext-api/generate-or-edit-image,paths.post.input.safety_tolerance,5,SAFETY_TOLERANCE,5,MEDIUM,std_to_api:nearest_lower
kie,Generate or Edit Image,https://docs.kie.ai/flux-kontext-api/generate-or-edit-image.md,flux-kontext-api/generate-or-edit-image,paths.post.input.safety_tolerance,6,SAFETY_TOLERANCE,6,MEDIUM,std_to_api:nearest_lower
kie,Ideogram - Character,https://docs.kie.ai/market/ideogram/character.md,ideogram/character,paths.post.input.style,AUTO,STYLE,AUTO,HIGH,std_to_api:exact
kie,Ideogram - Character,https://docs.kie.ai/market/ideogram/character.md,ideogram/character,paths.post.input.style,AUTO,STYLE,DESIGN,LOW,std_to_api:fallback_baseline
kie,Ideogram - Character,https://docs.kie.ai/market/ideogram/character.md,ideogram/character,paths.post.input.style,FICTION,STYLE,FICTION,HIGH,std_to_api:exact
kie,Ideogram - Character,https://docs.kie.ai/market/ideogram/character.md,ideogram/character,paths.post.input.style,AUTO,STYLE,GENERAL,LOW,std_to_api:fallback_baseline
kie,Ideogram - Character,https://docs.kie.ai/market/ideogram/character.md,ideogram/character,paths.post.input.style,REALISTIC,STYLE,REALISTIC,HIGH,std_to_api:exact
kie,Ideogram - Character Edit,https://docs.kie.ai/market/ideogram/character-edit.md,ideogram/character-edit,paths.post.input.style,AUTO,STYLE,AUTO,HIGH,std_to_api:exact
kie,Ideogram - Character Edit,https://docs.kie.ai/market/ideogram/character-edit.md,ideogram/character-edit,paths.post.input.style,AUTO,STYLE,DESIGN,LOW,std_to_api:fallback_baseline
kie,Ideogram - Character Edit,https://docs.kie.ai/market/ideogram/character-edit.md,ideogram/character-edit,paths.post.input.style,FICTION,STYLE,FICTION,HIGH,std_to_api:exact
kie,Ideogram - Character Edit,https://docs.kie.ai/market/ideogram/character-edit.md,ideogram/character-edit,paths.post.input.style,AUTO,STYLE,GENERAL,LOW,std_to_api:fallback_baseline
kie,Ideogram - Character Edit,https://docs.kie.ai/market/ideogram/character-edit.md,ideogram/character-edit,paths.post.input.style,REALISTIC,STYLE,REALISTIC,HIGH,std_to_api:exact
kie,Ideogram - Character Remix,https://docs.kie.ai/market/ideogram/character-remix.md,ideogram/character-remix,paths.post.input.style,AUTO,STYLE,AUTO,HIGH,std_to_api:exact
kie,Ideogram - Character Remix,https://docs.kie.ai/market/ideogram/character-remix.md,ideogram/character-remix,paths.post.input.style,AUTO,STYLE,DESIGN,LOW,std_to_api:fallback_baseline
kie,Ideogram - Character Remix,https://docs.kie.ai/market/ideogram/character-remix.md,ideogram/character-remix,paths.post.input.style,FICTION,STYLE,FICTION,HIGH,std_to_api:exact
kie,Ideogram - Character Remix,https://docs.kie.ai/market/ideogram/character-remix.md,ideogram/character-remix,paths.post.input.style,AUTO,STYLE,GENERAL,LOW,std_to_api:fallback_baseline
kie,Ideogram - Character Remix,https://docs.kie.ai/market/ideogram/character-remix.md,ideogram/character-remix,paths.post.input.style,REALISTIC,STYLE,REALISTIC,HIGH,std_to_api:exact
kie,Ideogram - V3 Reframe,https://docs.kie.ai/market/ideogram/v3-reframe.md,ideogram/v3-reframe,paths.post.input.style,AUTO,STYLE,AUTO,HIGH,std_to_api:exact
kie,Ideogram - V3 Reframe,https://docs.kie.ai/market/ideogram/v3-reframe.md,ideogram/v3-reframe,paths.post.input.style,DESIGN,STYLE,DESIGN,HIGH,std_to_api:exact
kie,Ideogram - V3 Reframe,https://docs.kie.ai/market/ideogram/v3-reframe.md,ideogram/v3-reframe,paths.post.input.style,AUTO,STYLE,FICTION,LOW,std_to_api:fallback_baseline
kie,Ideogram - V3 Reframe,https://docs.kie.ai/market/ideogram/v3-reframe.md,ideogram/v3-reframe,paths.post.input.style,GENERAL,STYLE,GENERAL,HIGH,std_to_api:exact
kie,Ideogram - V3 Reframe,https://docs.kie.ai/market/ideogram/v3-reframe.md,ideogram/v3-reframe,paths.post.input.style,REALISTIC,STYLE,REALISTIC,HIGH,std_to_api:exact
kie,Topaz - Image Upscale,https://docs.kie.ai/market/topaz/image-upscale.md,topaz/image-upscale,paths.post.input.upscale_factor,1,UPSCALE_FACTOR,1,MEDIUM,std_to_api:nearest_lower
kie,Topaz - Image Upscale,https://docs.kie.ai/market/topaz/image-upscale.md,topaz/image-upscale,paths.post.input.upscale_factor,2,UPSCALE_FACTOR,2,MEDIUM,std_to_api:nearest_lower
kie,Topaz - Image Upscale,https://docs.kie.ai/market/topaz/image-upscale.md,topaz/image-upscale,paths.post.input.upscale_factor,4,UPSCALE_FACTOR,4,MEDIUM,std_to_api:nearest_lower
kie,Topaz - Image Upscale,https://docs.kie.ai/market/topaz/image-upscale.md,topaz/image-upscale,paths.post.input.upscale_factor,8,UPSCALE_FACTOR,8,MEDIUM,std_to_api:nearest_lower
kie,Topaz - Video Upscale,https://docs.kie.ai/market/topaz/video-upscale.md,topaz/video-upscale,paths.post.input.upscale_factor,1,UPSCALE_FACTOR,1,MEDIUM,std_to_api:nearest_lower
kie,Topaz - Video Upscale,https://docs.kie.ai/market/topaz/video-upscale.md,topaz/video-upscale,paths.post.input.upscale_factor,2,UPSCALE_FACTOR,2,MEDIUM,std_to_api:nearest_lower
kie,Topaz - Video Upscale,https://docs.kie.ai/market/topaz/video-upscale.md,topaz/video-upscale,paths.post.input.upscale_factor,4,UPSCALE_FACTOR,4,MEDIUM,std_to_api:nearest_lower
kie,Topaz - Video Upscale,https://docs.kie.ai/market/topaz/video-upscale.md,topaz/video-upscale,paths.post.input.upscale_factor,4,UPSCALE_FACTOR,8,MEDIUM,std_to_api:nearest_lower
