provider,model_key_inferred,model_title,model_url,source_field,standard_dimension,standard_value,mapped_api_enum_value,mapping_rule,is_mapped
kie,4o-image-api/generate-4-o-image,4o-image-api/generate-4-o-image,https://docs.kie.ai/4o-image-api/generate-4-o-image.md,paths.post.input.size,ASPECT_RATIO,16:9,3:2,nearest_ratio,1
kie,4o-image-api/generate-4-o-image,4o-image-api/generate-4-o-image,https://docs.kie.ai/4o-image-api/generate-4-o-image.md,paths.post.input.size,ASPECT_RATIO,1:1,1:1,exact,1
kie,4o-image-api/generate-4-o-image,4o-image-api/generate-4-o-image,https://docs.kie.ai/4o-image-api/generate-4-o-image.md,paths.post.input.size,ASPECT_RATIO,21:9,3:2,nearest_ratio,1
kie,4o-image-api/generate-4-o-image,4o-image-api/generate-4-o-image,https://docs.kie.ai/4o-image-api/generate-4-o-image.md,paths.post.input.size,ASPECT_RATIO,2:3,2:3,exact,1
kie,4o-image-api/generate-4-o-image,4o-image-api/generate-4-o-image,https://docs.kie.ai/4o-image-api/generate-4-o-image.md,paths.post.input.size,ASPECT_RATIO,3:2,3:2,exact,1
kie,4o-image-api/generate-4-o-image,4o-image-api/generate-4-o-image,https://docs.kie.ai/4o-image-api/generate-4-o-image.md,paths.post.input.size,ASPECT_RATIO,3:4,2:3,nearest_ratio,1
kie,4o-image-api/generate-4-o-image,4o-image-api/generate-4-o-image,https://docs.kie.ai/4o-image-api/generate-4-o-image.md,paths.post.input.size,ASPECT_RATIO,4:3,3:2,nearest_ratio,1
kie,4o-image-api/generate-4-o-image,4o-image-api/generate-4-o-image,https://docs.kie.ai/4o-image-api/generate-4-o-image.md,paths.post.input.size,ASPECT_RATIO,9:16,2:3,nearest_ratio,1
kie,4o-image-api/generate-4-o-image,4o-image-api/generate-4-o-image,https://docs.kie.ai/4o-image-api/generate-4-o-image.md,paths.post.input.size,ASPECT_RATIO,9:21,2:3,nearest_ratio,1
kie,4o-image-api/generate-4-o-image,4o-image-api/generate-4-o-image,https://docs.kie.ai/4o-image-api/generate-4-o-image.md,paths.post.input.size,ASPECT_RATIO,AUTO,1:1,fallback_baseline,1
kie,bytedance/seedance-1-5-pro,bytedance/seedance-1-5-pro,https://docs.kie.ai/market/bytedance/seedance-1-5-pro.md,paths.post.input.aspect_ratio,ASPECT_RATIO,16:9,16:9,exact,1
kie,bytedance/seedance-1-5-pro,bytedance/seedance-1-5-pro,https://docs.kie.ai/market/bytedance/seedance-1-5-pro.md,paths.post.input.aspect_ratio,ASPECT_RATIO,1:1,1:1,exact,1
kie,bytedance/seedance-1-5-pro,bytedance/seedance-1-5-pro,https://docs.kie.ai/market/bytedance/seedance-1-5-pro.md,paths.post.input.aspect_ratio,ASPECT_RATIO,21:9,21:9,exact,1
kie,bytedance/seedance-1-5-pro,bytedance/seedance-1-5-pro,https://docs.kie.ai/market/bytedance/seedance-1-5-pro.md,paths.post.input.aspect_ratio,ASPECT_RATIO,2:3,3:4,nearest_ratio,1
kie,bytedance/seedance-1-5-pro,bytedance/seedance-1-5-pro,https://docs.kie.ai/market/bytedance/seedance-1-5-pro.md,paths.post.input.aspect_ratio,ASPECT_RATIO,3:2,4:3,nearest_ratio,1
kie,bytedance/seedance-1-5-pro,bytedance/seedance-1-5-pro,https://docs.kie.ai/market/bytedance/seedance-1-5-pro.md,paths.post.input.aspect_ratio,ASPECT_RATIO,3:4,3:4,exact,1
kie,bytedance/seedance-1-5-pro,bytedance/seedance-1-5-pro,https://docs.kie.ai/market/bytedance/seedance-1-5-pro.md,paths.post.input.aspect_ratio,ASPECT_RATIO,4:3,4:3,exact,1
kie,bytedance/seedance-1-5-pro,bytedance/seedance-1-5-pro,https://docs.kie.ai/market/bytedance/seedance-1-5-pro.md,paths.post.input.aspect_ratio,ASPECT_RATIO,9:16,9:16,exact,1
kie,bytedance/seedance-1-5-pro,bytedance/seedance-1-5-pro,https://docs.kie.ai/market/bytedance/seedance-1-5-pro.md,paths.post.input.aspect_ratio,ASPECT_RATIO,9:21,9:16,nearest_ratio,1
kie,bytedance/seedance-1-5-pro,bytedance/seedance-1-5-pro,https://docs.kie.ai/market/bytedance/seedance-1-5-pro.md,paths.post.input.aspect_ratio,ASPECT_RATIO,AUTO,1:1,fallback_baseline,1
kie,bytedance/v1-lite,bytedance/v1-lite,https://docs.kie.ai/market/bytedance/v1-lite-text-to-video.md,paths.post.input.aspect_ratio,ASPECT_RATIO,16:9,16:9,exact,1
kie,bytedance/v1-lite,bytedance/v1-lite,https://docs.kie.ai/market/bytedance/v1-lite-text-to-video.md,paths.post.input.aspect_ratio,ASPECT_RATIO,1:1,1:1,exact,1
kie,bytedance/v1-lite,bytedance/v1-lite,https://docs.kie.ai/market/bytedance/v1-lite-text-to-video.md,paths.post.input.aspect_ratio,ASPECT_RATIO,21:9,16:9,nearest_ratio,1
kie,bytedance/v1-lite,bytedance/v1-lite,https://docs.kie.ai/market/bytedance/v1-lite-text-to-video.md,paths.post.input.aspect_ratio,ASPECT_RATIO,2:3,3:4,nearest_ratio,1
kie,bytedance/v1-lite,bytedance/v1-lite,https://docs.kie.ai/market/bytedance/v1-lite-text-to-video.md,paths.post.input.aspect_ratio,ASPECT_RATIO,3:2,4:3,nearest_ratio,1
kie,bytedance/v1-lite,bytedance/v1-lite,https://docs.kie.ai/market/bytedance/v1-lite-text-to-video.md,paths.post.input.aspect_ratio,ASPECT_RATIO,3:4,3:4,exact,1
kie,bytedance/v1-lite,bytedance/v1-lite,https://docs.kie.ai/market/bytedance/v1-lite-text-to-video.md,paths.post.input.aspect_ratio,ASPECT_RATIO,4:3,4:3,exact,1
kie,bytedance/v1-lite,bytedance/v1-lite,https://docs.kie.ai/market/bytedance/v1-lite-text-to-video.md,paths.post.input.aspect_ratio,ASPECT_RATIO,9:16,9:16,exact,1
kie,bytedance/v1-lite,bytedance/v1-lite,https://docs.kie.ai/market/bytedance/v1-lite-text-to-video.md,paths.post.input.aspect_ratio,ASPECT_RATIO,9:21,9:21,exact,1
kie,bytedance/v1-lite,bytedance/v1-lite,https://docs.kie.ai/market/bytedance/v1-lite-text-to-video.md,paths.post.input.aspect_ratio,ASPECT_RATIO,AUTO,1:1,fallback_baseline,1
kie,bytedance/v1-pro,bytedance/v1-pro,https://docs.kie.ai/market/bytedance/v1-pro-text-to-video.md,paths.post.input.aspect_ratio,ASPECT_RATIO,16:9,16:9,exact,1
kie,bytedance/v1-pro,bytedance/v1-pro,https://docs.kie.ai/market/bytedance/v1-pro-text-to-video.md,paths.post.input.aspect_ratio,ASPECT_RATIO,1:1,1:1,exact,1
kie,bytedance/v1-pro,bytedance/v1-pro,https://docs.kie.ai/market/bytedance/v1-pro-text-to-video.md,paths.post.input.aspect_ratio,ASPECT_RATIO,21:9,21:9,exact,1
kie,bytedance/v1-pro,bytedance/v1-pro,https://docs.kie.ai/market/bytedance/v1-pro-text-to-video.md,paths.post.input.aspect_ratio,ASPECT_RATIO,2:3,3:4,nearest_ratio,1
kie,bytedance/v1-pro,bytedance/v1-pro,https://docs.kie.ai/market/bytedance/v1-pro-text-to-video.md,paths.post.input.aspect_ratio,ASPECT_RATIO,3:2,4:3,nearest_ratio,1
kie,bytedance/v1-pro,bytedance/v1-pro,https://docs.kie.ai/market/bytedance/v1-pro-text-to-video.md,paths.post.input.aspect_ratio,ASPECT_RATIO,3:4,3:4,exact,1
kie,bytedance/v1-pro,bytedance/v1-pro,https://docs.kie.ai/market/bytedance/v1-pro-text-to-video.md,paths.post.input.aspect_ratio,ASPECT_RATIO,4:3,4:3,exact,1
kie,bytedance/v1-pro,bytedance/v1-pro,https://docs.kie.ai/market/bytedance/v1-pro-text-to-video.md,paths.post.input.aspect_ratio,ASPECT_RATIO,9:16,9:16,exact,1
kie,bytedance/v1-pro,bytedance/v1-pro,https://docs.kie.ai/market/bytedance/v1-pro-text-to-video.md,paths.post.input.aspect_ratio,ASPECT_RATIO,9:21,9:16,nearest_ratio,1
kie,bytedance/v1-pro,bytedance/v1-pro,https://docs.kie.ai/market/bytedance/v1-pro-text-to-video.md,paths.post.input.aspect_ratio,ASPECT_RATIO,AUTO,1:1,fallback_baseline,1
kie,flux-kontext-api/generate-or-edit-image,flux-kontext-api/generate-or-edit-image,https://docs.kie.ai/flux-kontext-api/generate-or-edit-image.md,paths.post.input.aspect_ratio,ASPECT_RATIO,16:9,16:9,exact,1
kie,flux-kontext-api/generate-or-edit-image,flux-kontext-api/generate-or-edit-image,https://docs.kie.ai/flux-kontext-api/generate-or-edit-image.md,paths.post.input.aspect_ratio,ASPECT_RATIO,1:1,1:1,exact,1
kie,flux-kontext-api/generate-or-edit-image,flux-kontext-api/generate-or-edit-image,https://docs.kie.ai/flux-kontext-api/generate-or-edit-image.md,paths.post.input.aspect_ratio,ASPECT_RATIO,21:9,21:9,exact,1
kie,flux-kontext-api/generate-or-edit-image,flux-kontext-api/generate-or-edit-image,https://docs.kie.ai/flux-kontext-api/generate-or-edit-image.md,paths.post.input.aspect_ratio,ASPECT_RATIO,2:3,3:4,nearest_ratio,1
kie,flux-kontext-api/generate-or-edit-image,flux-kontext-api/generate-or-edit-image,https://docs.kie.ai/flux-kontext-api/generate-or-edit-image.md,paths.post.input.aspect_ratio,ASPECT_RATIO,3:2,4:3,nearest_ratio,1
kie,flux-kontext-api/generate-or-edit-image,flux-kontext-api/generate-or-edit-image,https://docs.kie.ai/flux-kontext-api/generate-or-edit-image.md,paths.post.input.aspect_ratio,ASPECT_RATIO,3:4,3:4,exact,1
kie,flux-kontext-api/generate-or-edit-image,flux-kontext-api/generate-or-edit-image,https://docs.kie.ai/flux-kontext-api/generate-or-edit-image.md,paths.post.input.aspect_ratio,ASPECT_RATIO,4:3,4:3,exact,1
kie,flux-kontext-api/generate-or-edit-image,flux-kontext-api/generate-or-edit-image,https://docs.kie.ai/flux-kontext-api/generate-or-edit-image.md,paths.post.input.aspect_ratio,ASPECT_RATIO,9:16,9:16,exact,1
kie,flux-kontext-api/generate-or-edit-image,flux-kontext-api/generate-or-edit-image,https://docs.kie.ai/flux-kontext-api/generate-or-edit-image.md,paths.post.input.aspect_ratio,ASPECT_RATIO,9:21,9:16,nearest_ratio,1
kie,flux-kontext-api/generate-or-edit-image,flux-kontext-api/generate-or-edit-image,https://docs.kie.ai/flux-kontext-api/generate-or-edit-image.md,paths.post.input.aspect_ratio,ASPECT_RATIO,AUTO,1:1,fallback_baseline,1
kie,flux2/flex,flux2/flex,https://docs.kie.ai/market/flux2/flex-image-to-image.md,paths.post.input.aspect_ratio,ASPECT_RATIO,16:9,16:9,exact,1
kie,flux2/flex,flux2/flex,https://docs.kie.ai/market/flux2/flex-image-to-image.md,paths.post.input.aspect_ratio,ASPECT_RATIO,1:1,1:1,exact,1
kie,flux2/flex,flux2/flex,https://docs.kie.ai/market/flux2/flex-image-to-image.md,paths.post.input.aspect_ratio,ASPECT_RATIO,21:9,16:9,nearest_ratio,1
kie,flux2/flex,flux2/flex,https://docs.kie.ai/market/flux2/flex-image-to-image.md,paths.post.input.aspect_ratio,ASPECT_RATIO,2:3,2:3,exact,1
kie,flux2/flex,flux2/flex,https://docs.kie.ai/market/flux2/flex-image-to-image.md,paths.post.input.aspect_ratio,ASPECT_RATIO,3:2,3:2,exact,1
kie,flux2/flex,flux2/flex,https://docs.kie.ai/market/flux2/flex-image-to-image.md,paths.post.input.aspect_ratio,ASPECT_RATIO,3:4,3:4,exact,1
kie,flux2/flex,flux2/flex,https://docs.kie.ai/market/flux2/flex-image-to-image.md,paths.post.input.aspect_ratio,ASPECT_RATIO,4:3,4:3,exact,1
kie,flux2/flex,flux2/flex,https://docs.kie.ai/market/flux2/flex-image-to-image.md,paths.post.input.aspect_ratio,ASPECT_RATIO,9:16,9:16,exact,1
kie,flux2/flex,flux2/flex,https://docs.kie.ai/market/flux2/flex-image-to-image.md,paths.post.input.aspect_ratio,ASPECT_RATIO,9:21,9:16,nearest_ratio,1
kie,flux2/flex,flux2/flex,https://docs.kie.ai/market/flux2/flex-image-to-image.md,paths.post.input.aspect_ratio,ASPECT_RATIO,AUTO,auto,exact,1
kie,flux2/pro,flux2/pro,https://docs.kie.ai/market/flux2/pro-image-to-image.md,paths.post.input.aspect_ratio,ASPECT_RATIO,16:9,16:9,exact,1
kie,flux2/pro,flux2/pro,https://docs.kie.ai/market/flux2/pro-image-to-image.md,paths.post.input.aspect_ratio,ASPECT_RATIO,1:1,1:1,exact,1
kie,flux2/pro,flux2/pro,https://docs.kie.ai/market/flux2/pro-image-to-image.md,paths.post.input.aspect_ratio,ASPECT_RATIO,21:9,16:9,nearest_ratio,1
kie,flux2/pro,flux2/pro,https://docs.kie.ai/market/flux2/pro-image-to-image.md,paths.post.input.aspect_ratio,ASPECT_RATIO,2:3,2:3,exact,1
kie,flux2/pro,flux2/pro,https://docs.kie.ai/market/flux2/pro-image-to-image.md,paths.post.input.aspect_ratio,ASPECT_RATIO,3:2,3:2,exact,1
kie,flux2/pro,flux2/pro,https://docs.kie.ai/market/flux2/pro-image-to-image.md,paths.post.input.aspect_ratio,ASPECT_RATIO,3:4,3:4,exact,1
kie,flux2/pro,flux2/pro,https://docs.kie.ai/market/flux2/pro-image-to-image.md,paths.post.input.aspect_ratio,ASPECT_RATIO,4:3,4:3,exact,1
kie,flux2/pro,flux2/pro,https://docs.kie.ai/market/flux2/pro-image-to-image.md,paths.post.input.aspect_ratio,ASPECT_RATIO,9:16,9:16,exact,1
kie,flux2/pro,flux2/pro,https://docs.kie.ai/market/flux2/pro-image-to-image.md,paths.post.input.aspect_ratio,ASPECT_RATIO,9:21,9:16,nearest_ratio,1
kie,flux2/pro,flux2/pro,https://docs.kie.ai/market/flux2/pro-image-to-image.md,paths.post.input.aspect_ratio,ASPECT_RATIO,AUTO,auto,exact,1
kie,google/imagen4,google/imagen4,https://docs.kie.ai/market/google/imagen4.md,paths.post.input.aspect_ratio,ASPECT_RATIO,16:9,16:9,exact,1
kie,google/imagen4,google/imagen4,https://docs.kie.ai/market/google/imagen4.md,paths.post.input.aspect_ratio,ASPECT_RATIO,1:1,1:1,exact,1
kie,google/imagen4,google/imagen4,https://docs.kie.ai/market/google/imagen4.md,paths.post.input.aspect_ratio,ASPECT_RATIO,21:9,16:9,nearest_ratio,1
kie,google/imagen4,google/imagen4,https://docs.kie.ai/market/google/imagen4.md,paths.post.input.aspect_ratio,ASPECT_RATIO,2:3,3:4,nearest_ratio,1
kie,google/imagen4,google/imagen4,https://docs.kie.ai/market/google/imagen4.md,paths.post.input.aspect_ratio,ASPECT_RATIO,3:2,4:3,nearest_ratio,1
kie,google/imagen4,google/imagen4,https://docs.kie.ai/market/google/imagen4.md,paths.post.input.aspect_ratio,ASPECT_RATIO,3:4,3:4,exact,1
kie,google/imagen4,google/imagen4,https://docs.kie.ai/market/google/imagen4.md,paths.post.input.aspect_ratio,ASPECT_RATIO,4:3,4:3,exact,1
kie,google/imagen4,google/imagen4,https://docs.kie.ai/market/google/imagen4.md,paths.post.input.aspect_ratio,ASPECT_RATIO,9:16,9:16,exact,1
kie,google/imagen4,google/imagen4,https://docs.kie.ai/market/google/imagen4.md,paths.post.input.aspect_ratio,ASPECT_RATIO,9:21,9:16,nearest_ratio,1
kie,google/imagen4,google/imagen4,https://docs.kie.ai/market/google/imagen4.md,paths.post.input.aspect_ratio,ASPECT_RATIO,AUTO,1:1,fallback_baseline,1
kie,google/imagen4-fast,google/imagen4-fast,https://docs.kie.ai/market/google/imagen4-fast.md,paths.post.input.aspect_ratio,ASPECT_RATIO,16:9,16:9,exact,1
kie,google/imagen4-fast,google/imagen4-fast,https://docs.kie.ai/market/google/imagen4-fast.md,paths.post.input.aspect_ratio,ASPECT_RATIO,1:1,1:1,exact,1
kie,google/imagen4-fast,google/imagen4-fast,https://docs.kie.ai/market/google/imagen4-fast.md,paths.post.input.aspect_ratio,ASPECT_RATIO,21:9,16:9,nearest_ratio,1
kie,google/imagen4-fast,google/imagen4-fast,https://docs.kie.ai/market/google/imagen4-fast.md,paths.post.input.aspect_ratio,ASPECT_RATIO,2:3,3:4,nearest_ratio,1
kie,google/imagen4-fast,google/imagen4-fast,https://docs.kie.ai/market/google/imagen4-fast.md,paths.post.input.aspect_ratio,ASPECT_RATIO,3:2,4:3,nearest_ratio,1
kie,google/imagen4-fast,google/imagen4-fast,https://docs.kie.ai/market/google/imagen4-fast.md,paths.post.input.aspect_ratio,ASPECT_RATIO,3:4,3:4,exact,1
kie,google/imagen4-fast,google/imagen4-fast,https://docs.kie.ai/market/google/imagen4-fast.md,paths.post.input.aspect_ratio,ASPECT_RATIO,4:3,4:3,exact,1
kie,google/imagen4-fast,google/imagen4-fast,https://docs.kie.ai/market/google/imagen4-fast.md,paths.post.input.aspect_ratio,ASPECT_RATIO,9:16,9:16,exact,1
kie,google/imagen4-fast,google/imagen4-fast,https://docs.kie.ai/market/google/imagen4-fast.md,paths.post.input.aspect_ratio,ASPECT_RATIO,9:21,9:16,nearest_ratio,1
kie,google/imagen4-fast,google/imagen4-fast,https://docs.kie.ai/market/google/imagen4-fast.md,paths.post.input.aspect_ratio,ASPECT_RATIO,AUTO,1:1,fallback_baseline,1
kie,google/imagen4-ultra,google/imagen4-ultra,https://docs.kie.ai/market/google/imagen4-ultra.md,paths.post.input.aspect_ratio,ASPECT_RATIO,16:9,16:9,exact,1
kie,google/imagen4-ultra,google/imagen4-ultra,https://docs.kie.ai/market/google/imagen4-ultra.md,paths.post.input.aspect_ratio,ASPECT_RATIO,1:1,1:1,exact,1
kie,google/imagen4-ultra,google/imagen4-ultra,https://docs.kie.ai/market/google/imagen4-ultra.md,paths.post.input.aspect_ratio,ASPECT_RATIO,21:9,16:9,nearest_ratio,1
kie,google/imagen4-ultra,google/imagen4-ultra,https://docs.kie.ai/market/google/imagen4-ultra.md,paths.post.input.aspect_ratio,ASPECT_RATIO,2:3,3:4,nearest_ratio,1
kie,google/imagen4-ultra,google/imagen4-ultra,https://docs.kie.ai/market/google/imagen4-ultra.md,paths.post.input.aspect_ratio,ASPECT_RATIO,3:2,4:3,nearest_ratio,1
kie,google/imagen4-ultra,google/imagen4-ultra,https://docs.kie.ai/market/google/imagen4-ultra.md,paths.post.input.aspect_ratio,ASPECT_RATIO,3:4,3:4,exact,1
kie,google/imagen4-ultra,google/imagen4-ultra,https://docs.kie.ai/market/google/imagen4-ultra.md,paths.post.input.aspect_ratio,ASPECT_RATIO,4:3,4:3,exact,1
kie,google/imagen4-ultra,google/imagen4-ultra,https://docs.kie.ai/market/google/imagen4-ultra.md,paths.post.input.aspect_ratio,ASPECT_RATIO,9:16,9:16,exact,1
kie,google/imagen4-ultra,google/imagen4-ultra,https://docs.kie.ai/market/google/imagen4-ultra.md,paths.post.input.aspect_ratio,ASPECT_RATIO,9:21,9:16,nearest_ratio,1
kie,google/imagen4-ultra,google/imagen4-ultra,https://docs.kie.ai/market/google/imagen4-ultra.md,paths.post.input.aspect_ratio,ASPECT_RATIO,AUTO,1:1,fallback_baseline,1
kie,gpt-image/1-5,gpt-image/1-5,https://docs.kie.ai/market/gpt-image/1-5-image-to-image.md,paths.post.input.aspect_ratio,ASPECT_RATIO,16:9,3:2,nearest_ratio,1
kie,gpt-image/1-5,gpt-image/1-5,https://docs.kie.ai/market/gpt-image/1-5-image-to-image.md,paths.post.input.aspect_ratio,ASPECT_RATIO,1:1,1:1,exact,1
kie,gpt-image/1-5,gpt-image/1-5,https://docs.kie.ai/market/gpt-image/1-5-image-to-image.md,paths.post.input.aspect_ratio,ASPECT_RATIO,21:9,3:2,nearest_ratio,1
kie,gpt-image/1-5,gpt-image/1-5,https://docs.kie.ai/market/gpt-image/1-5-image-to-image.md,paths.post.input.aspect_ratio,ASPECT_RATIO,2:3,2:3,exact,1
kie,gpt-image/1-5,gpt-image/1-5,https://docs.kie.ai/market/gpt-image/1-5-image-to-image.md,paths.post.input.aspect_ratio,ASPECT_RATIO,3:2,3:2,exact,1
kie,gpt-image/1-5,gpt-image/1-5,https://docs.kie.ai/market/gpt-image/1-5-image-to-image.md,paths.post.input.aspect_ratio,ASPECT_RATIO,3:4,2:3,nearest_ratio,1
kie,gpt-image/1-5,gpt-image/1-5,https://docs.kie.ai/market/gpt-image/1-5-image-to-image.md,paths.post.input.aspect_ratio,ASPECT_RATIO,4:3,3:2,nearest_ratio,1
kie,gpt-image/1-5,gpt-image/1-5,https://docs.kie.ai/market/gpt-image/1-5-image-to-image.md,paths.post.input.aspect_ratio,ASPECT_RATIO,9:16,2:3,nearest_ratio,1
kie,gpt-image/1-5,gpt-image/1-5,https://docs.kie.ai/market/gpt-image/1-5-image-to-image.md,paths.post.input.aspect_ratio,ASPECT_RATIO,9:21,2:3,nearest_ratio,1
kie,gpt-image/1-5,gpt-image/1-5,https://docs.kie.ai/market/gpt-image/1-5-image-to-image.md,paths.post.input.aspect_ratio,ASPECT_RATIO,AUTO,1:1,fallback_baseline,1
kie,grok-imagine,grok-imagine,https://docs.kie.ai/market/grok-imagine/text-to-image.md,paths.post.input.aspect_ratio,ASPECT_RATIO,16:9,16:9,exact,1
kie,grok-imagine,grok-imagine,https://docs.kie.ai/market/grok-imagine/text-to-image.md,paths.post.input.aspect_ratio,ASPECT_RATIO,1:1,1:1,exact,1
kie,grok-imagine,grok-imagine,https://docs.kie.ai/market/grok-imagine/text-to-image.md,paths.post.input.aspect_ratio,ASPECT_RATIO,21:9,16:9,nearest_ratio,1
kie,grok-imagine,grok-imagine,https://docs.kie.ai/market/grok-imagine/text-to-image.md,paths.post.input.aspect_ratio,ASPECT_RATIO,2:3,2:3,exact,1
kie,grok-imagine,grok-imagine,https://docs.kie.ai/market/grok-imagine/text-to-image.md,paths.post.input.aspect_ratio,ASPECT_RATIO,3:2,3:2,exact,1
kie,grok-imagine,grok-imagine,https://docs.kie.ai/market/grok-imagine/text-to-image.md,paths.post.input.aspect_ratio,ASPECT_RATIO,3:4,2:3,nearest_ratio,1
kie,grok-imagine,grok-imagine,https://docs.kie.ai/market/grok-imagine/text-to-image.md,paths.post.input.aspect_ratio,ASPECT_RATIO,4:3,3:2,nearest_ratio,1
kie,grok-imagine,grok-imagine,https://docs.kie.ai/market/grok-imagine/text-to-image.md,paths.post.input.aspect_ratio,ASPECT_RATIO,9:16,9:16,exact,1
kie,grok-imagine,grok-imagine,https://docs.kie.ai/market/grok-imagine/text-to-image.md,paths.post.input.aspect_ratio,ASPECT_RATIO,9:21,9:16,nearest_ratio,1
kie,grok-imagine,grok-imagine,https://docs.kie.ai/market/grok-imagine/text-to-image.md,paths.post.input.aspect_ratio,ASPECT_RATIO,AUTO,1:1,fallback_baseline,1
kie,kling,kling,https://docs.kie.ai/market/kling/text-to-video.md,paths.post.input.aspect_ratio,ASPECT_RATIO,16:9,16:9,exact,1
kie,kling,kling,https://docs.kie.ai/market/kling/text-to-video.md,paths.post.input.aspect_ratio,ASPECT_RATIO,1:1,1:1,exact,1
kie,kling,kling,https://docs.kie.ai/market/kling/text-to-video.md,paths.post.input.aspect_ratio,ASPECT_RATIO,21:9,16:9,nearest_ratio,1
kie,kling,kling,https://docs.kie.ai/market/kling/text-to-video.md,paths.post.input.aspect_ratio,ASPECT_RATIO,2:3,9:16,nearest_ratio,1
kie,kling,kling,https://docs.kie.ai/market/kling/text-to-video.md,paths.post.input.aspect_ratio,ASPECT_RATIO,3:2,16:9,nearest_ratio,1
kie,kling,kling,https://docs.kie.ai/market/kling/text-to-video.md,paths.post.input.aspect_ratio,ASPECT_RATIO,3:4,9:16,nearest_ratio,1
kie,kling,kling,https://docs.kie.ai/market/kling/text-to-video.md,paths.post.input.aspect_ratio,ASPECT_RATIO,4:3,1:1,nearest_ratio,1
kie,kling,kling,https://docs.kie.ai/market/kling/text-to-video.md,paths.post.input.aspect_ratio,ASPECT_RATIO,9:16,9:16,exact,1
kie,kling,kling,https://docs.kie.ai/market/kling/text-to-video.md,paths.post.input.aspect_ratio,ASPECT_RATIO,9:21,9:16,nearest_ratio,1
kie,kling,kling,https://docs.kie.ai/market/kling/text-to-video.md,paths.post.input.aspect_ratio,ASPECT_RATIO,AUTO,1:1,fallback_baseline,1
kie,kling/kling-3-0,kling/kling-3-0,https://docs.kie.ai/market/kling/kling-3-0.md,paths.post.input.aspect_ratio,ASPECT_RATIO,16:9,16:9,exact,1
kie,kling/kling-3-0,kling/kling-3-0,https://docs.kie.ai/market/kling/kling-3-0.md,paths.post.input.aspect_ratio,ASPECT_RATIO,1:1,1:1,exact,1
kie,kling/kling-3-0,kling/kling-3-0,https://docs.kie.ai/market/kling/kling-3-0.md,paths.post.input.aspect_ratio,ASPECT_RATIO,21:9,16:9,nearest_ratio,1
kie,kling/kling-3-0,kling/kling-3-0,https://docs.kie.ai/market/kling/kling-3-0.md,paths.post.input.aspect_ratio,ASPECT_RATIO,2:3,9:16,nearest_ratio,1
kie,kling/kling-3-0,kling/kling-3-0,https://docs.kie.ai/market/kling/kling-3-0.md,paths.post.input.aspect_ratio,ASPECT_RATIO,3:2,16:9,nearest_ratio,1
kie,kling/kling-3-0,kling/kling-3-0,https://docs.kie.ai/market/kling/kling-3-0.md,paths.post.input.aspect_ratio,ASPECT_RATIO,3:4,9:16,nearest_ratio,1
kie,kling/kling-3-0,kling/kling-3-0,https://docs.kie.ai/market/kling/kling-3-0.md,paths.post.input.aspect_ratio,ASPECT_RATIO,4:3,1:1,nearest_ratio,1
kie,kling/kling-3-0,kling/kling-3-0,https://docs.kie.ai/market/kling/kling-3-0.md,paths.post.input.aspect_ratio,ASPECT_RATIO,9:16,9:16,exact,1
kie,kling/kling-3-0,kling/kling-3-0,https://docs.kie.ai/market/kling/kling-3-0.md,paths.post.input.aspect_ratio,ASPECT_RATIO,9:21,9:16,nearest_ratio,1
kie,kling/kling-3-0,kling/kling-3-0,https://docs.kie.ai/market/kling/kling-3-0.md,paths.post.input.aspect_ratio,ASPECT_RATIO,AUTO,1:1,fallback_baseline,1
kie,kling/v2-1-master,kling/v2-1-master,https://docs.kie.ai/market/kling/v2-1-master-text-to-video.md,paths.post.input.aspect_ratio,ASPECT_RATIO,16:9,16:9,exact,1
kie,kling/v2-1-master,kling/v2-1-master,https://docs.kie.ai/market/kling/v2-1-master-text-to-video.md,paths.post.input.aspect_ratio,ASPECT_RATIO,1:1,1:1,exact,1
kie,kling/v2-1-master,kling/v2-1-master,https://docs.kie.ai/market/kling/v2-1-master-text-to-video.md,paths.post.input.aspect_ratio,ASPECT_RATIO,21:9,16:9,nearest_ratio,1
kie,kling/v2-1-master,kling/v2-1-master,https://docs.kie.ai/market/kling/v2-1-master-text-to-video.md,paths.post.input.aspect_ratio,ASPECT_RATIO,2:3,9:16,nearest_ratio,1
kie,kling/v2-1-master,kling/v2-1-master,https://docs.kie.ai/market/kling/v2-1-master-text-to-video.md,paths.post.input.aspect_ratio,ASPECT_RATIO,3:2,16:9,nearest_ratio,1
kie,kling/v2-1-master,kling/v2-1-master,https://docs.kie.ai/market/kling/v2-1-master-text-to-video.md,paths.post.input.aspect_ratio,ASPECT_RATIO,3:4,9:16,nearest_ratio,1
kie,kling/v2-1-master,kling/v2-1-master,https://docs.kie.ai/market/kling/v2-1-master-text-to-video.md,paths.post.input.aspect_ratio,ASPECT_RATIO,4:3,1:1,nearest_ratio,1
kie,kling/v2-1-master,kling/v2-1-master,https://docs.kie.ai/market/kling/v2-1-master-text-to-video.md,paths.post.input.aspect_ratio,ASPECT_RATIO,9:16,9:16,exact,1
kie,kling/v2-1-master,kling/v2-1-master,https://docs.kie.ai/market/kling/v2-1-master-text-to-video.md,paths.post.input.aspect_ratio,ASPECT_RATIO,9:21,9:16,nearest_ratio,1
kie,kling/v2-1-master,kling/v2-1-master,https://docs.kie.ai/market/kling/v2-1-master-text-to-video.md,paths.post.input.aspect_ratio,ASPECT_RATIO,AUTO,1:1,fallback_baseline,1
kie,kling/v25-turbo-text-to-video-pro,kling/v25-turbo-text-to-video-pro,https://docs.kie.ai/market/kling/v25-turbo-text-to-video-pro.md,paths.post.input.aspect_ratio,ASPECT_RATIO,16:9,16:9,exact,1
kie,kling/v25-turbo-text-to-video-pro,kling/v25-turbo-text-to-video-pro,https://docs.kie.ai/market/kling/v25-turbo-text-to-video-pro.md,paths.post.input.aspect_ratio,ASPECT_RATIO,1:1,1:1,exact,1
kie,kling/v25-turbo-text-to-video-pro,kling/v25-turbo-text-to-video-pro,https://docs.kie.ai/market/kling/v25-turbo-text-to-video-pro.md,paths.post.input.aspect_ratio,ASPECT_RATIO,21:9,16:9,nearest_ratio,1
kie,kling/v25-turbo-text-to-video-pro,kling/v25-turbo-text-to-video-pro,https://docs.kie.ai/market/kling/v25-turbo-text-to-video-pro.md,paths.post.input.aspect_ratio,ASPECT_RATIO,2:3,9:16,nearest_ratio,1
kie,kling/v25-turbo-text-to-video-pro,kling/v25-turbo-text-to-video-pro,https://docs.kie.ai/market/kling/v25-turbo-text-to-video-pro.md,paths.post.input.aspect_ratio,ASPECT_RATIO,3:2,16:9,nearest_ratio,1
kie,kling/v25-turbo-text-to-video-pro,kling/v25-turbo-text-to-video-pro,https://docs.kie.ai/market/kling/v25-turbo-text-to-video-pro.md,paths.post.input.aspect_ratio,ASPECT_RATIO,3:4,9:16,nearest_ratio,1
kie,kling/v25-turbo-text-to-video-pro,kling/v25-turbo-text-to-video-pro,https://docs.kie.ai/market/kling/v25-turbo-text-to-video-pro.md,paths.post.input.aspect_ratio,ASPECT_RATIO,4:3,1:1,nearest_ratio,1
kie,kling/v25-turbo-text-to-video-pro,kling/v25-turbo-text-to-video-pro,https://docs.kie.ai/market/kling/v25-turbo-text-to-video-pro.md,paths.post.input.aspect_ratio,ASPECT_RATIO,9:16,9:16,exact,1
kie,kling/v25-turbo-text-to-video-pro,kling/v25-turbo-text-to-video-pro,https://docs.kie.ai/market/kling/v25-turbo-text-to-video-pro.md,paths.post.input.aspect_ratio,ASPECT_RATIO,9:21,9:16,nearest_ratio,1
kie,kling/v25-turbo-text-to-video-pro,kling/v25-turbo-text-to-video-pro,https://docs.kie.ai/market/kling/v25-turbo-text-to-video-pro.md,paths.post.input.aspect_ratio,ASPECT_RATIO,AUTO,1:1,fallback_baseline,1
kie,runway-api/generate-ai-video,runway-api/generate-ai-video,https://docs.kie.ai/runway-api/generate-ai-video.md,paths.post.input.aspect_ratio,ASPECT_RATIO,16:9,16:9,exact,1
kie,runway-api/generate-ai-video,runway-api/generate-ai-video,https://docs.kie.ai/runway-api/generate-ai-video.md,paths.post.input.aspect_ratio,ASPECT_RATIO,1:1,1:1,exact,1
kie,runway-api/generate-ai-video,runway-api/generate-ai-video,https://docs.kie.ai/runway-api/generate-ai-video.md,paths.post.input.aspect_ratio,ASPECT_RATIO,21:9,16:9,nearest_ratio,1
kie,runway-api/generate-ai-video,runway-api/generate-ai-video,https://docs.kie.ai/runway-api/generate-ai-video.md,paths.post.input.aspect_ratio,ASPECT_RATIO,2:3,3:4,nearest_ratio,1
kie,runway-api/generate-ai-video,runway-api/generate-ai-video,https://docs.kie.ai/runway-api/generate-ai-video.md,paths.post.input.aspect_ratio,ASPECT_RATIO,3:2,4:3,nearest_ratio,1
kie,runway-api/generate-ai-video,runway-api/generate-ai-video,https://docs.kie.ai/runway-api/generate-ai-video.md,paths.post.input.aspect_ratio,ASPECT_RATIO,3:4,3:4,exact,1
kie,runway-api/generate-ai-video,runway-api/generate-ai-video,https://docs.kie.ai/runway-api/generate-ai-video.md,paths.post.input.aspect_ratio,ASPECT_RATIO,4:3,4:3,exact,1
kie,runway-api/generate-ai-video,runway-api/generate-ai-video,https://docs.kie.ai/runway-api/generate-ai-video.md,paths.post.input.aspect_ratio,ASPECT_RATIO,9:16,9:16,exact,1
kie,runway-api/generate-ai-video,runway-api/generate-ai-video,https://docs.kie.ai/runway-api/generate-ai-video.md,paths.post.input.aspect_ratio,ASPECT_RATIO,9:21,9:16,nearest_ratio,1
kie,runway-api/generate-ai-video,runway-api/generate-ai-video,https://docs.kie.ai/runway-api/generate-ai-video.md,paths.post.input.aspect_ratio,ASPECT_RATIO,AUTO,1:1,fallback_baseline,1
kie,runway-api/generate-aleph-video,runway-api/generate-aleph-video,https://docs.kie.ai/runway-api/generate-aleph-video.md,paths.post.input.aspect_ratio,ASPECT_RATIO,16:9,16:9,exact,1
kie,runway-api/generate-aleph-video,runway-api/generate-aleph-video,https://docs.kie.ai/runway-api/generate-aleph-video.md,paths.post.input.aspect_ratio,ASPECT_RATIO,1:1,1:1,exact,1
kie,runway-api/generate-aleph-video,runway-api/generate-aleph-video,https://docs.kie.ai/runway-api/generate-aleph-video.md,paths.post.input.aspect_ratio,ASPECT_RATIO,21:9,21:9,exact,1
kie,runway-api/generate-aleph-video,runway-api/generate-aleph-video,https://docs.kie.ai/runway-api/generate-aleph-video.md,paths.post.input.aspect_ratio,ASPECT_RATIO,2:3,3:4,nearest_ratio,1
kie,runway-api/generate-aleph-video,runway-api/generate-aleph-video,https://docs.kie.ai/runway-api/generate-aleph-video.md,paths.post.input.aspect_ratio,ASPECT_RATIO,3:2,4:3,nearest_ratio,1
kie,runway-api/generate-aleph-video,runway-api/generate-aleph-video,https://docs.kie.ai/runway-api/generate-aleph-video.md,paths.post.input.aspect_ratio,ASPECT_RATIO,3:4,3:4,exact,1
kie,runway-api/generate-aleph-video,runway-api/generate-aleph-video,https://docs.kie.ai/runway-api/generate-aleph-video.md,paths.post.input.aspect_ratio,ASPECT_RATIO,4:3,4:3,exact,1
kie,runway-api/generate-aleph-video,runway-api/generate-aleph-video,https://docs.kie.ai/runway-api/generate-aleph-video.md,paths.post.input.aspect_ratio,ASPECT_RATIO,9:16,9:16,exact,1
kie,runway-api/generate-aleph-video,runway-api/generate-aleph-video,https://docs.kie.ai/runway-api/generate-aleph-video.md,paths.post.input.aspect_ratio,ASPECT_RATIO,9:21,9:16,nearest_ratio,1
kie,runway-api/generate-aleph-video,runway-api/generate-aleph-video,https://docs.kie.ai/runway-api/generate-aleph-video.md,paths.post.input.aspect_ratio,ASPECT_RATIO,AUTO,1:1,fallback_baseline,1
kie,seedream/4-5,seedream/4-5,https://docs.kie.ai/market/seedream/4-5-text-to-image.md,paths.post.input.aspect_ratio,ASPECT_RATIO,16:9,16:9,exact,1
kie,seedream/4-5,seedream/4-5,https://docs.kie.ai/market/seedream/4-5-text-to-image.md,paths.post.input.aspect_ratio,ASPECT_RATIO,1:1,1:1,exact,1
kie,seedream/4-5,seedream/4-5,https://docs.kie.ai/market/seedream/4-5-text-to-image.md,paths.post.input.aspect_ratio,ASPECT_RATIO,21:9,21:9,exact,1
kie,seedream/4-5,seedream/4-5,https://docs.kie.ai/market/seedream/4-5-text-to-image.md,paths.post.input.aspect_ratio,ASPECT_RATIO,2:3,2:3,exact,1
kie,seedream/4-5,seedream/4-5,https://docs.kie.ai/market/seedream/4-5-text-to-image.md,paths.post.input.aspect_ratio,ASPECT_RATIO,3:2,3:2,exact,1
kie,seedream/4-5,seedream/4-5,https://docs.kie.ai/market/seedream/4-5-text-to-image.md,paths.post.input.aspect_ratio,ASPECT_RATIO,3:4,3:4,exact,1
kie,seedream/4-5,seedream/4-5,https://docs.kie.ai/market/seedream/4-5-text-to-image.md,paths.post.input.aspect_ratio,ASPECT_RATIO,4:3,4:3,exact,1
kie,seedream/4-5,seedream/4-5,https://docs.kie.ai/market/seedream/4-5-text-to-image.md,paths.post.input.aspect_ratio,ASPECT_RATIO,9:16,9:16,exact,1
kie,seedream/4-5,seedream/4-5,https://docs.kie.ai/market/seedream/4-5-text-to-image.md,paths.post.input.aspect_ratio,ASPECT_RATIO,9:21,9:16,nearest_ratio,1
kie,seedream/4-5,seedream/4-5,https://docs.kie.ai/market/seedream/4-5-text-to-image.md,paths.post.input.aspect_ratio,ASPECT_RATIO,AUTO,1:1,fallback_baseline,1
kie,seedream/4-5-edit,seedream/4-5-edit,https://docs.kie.ai/market/seedream/4-5-edit.md,paths.post.input.aspect_ratio,ASPECT_RATIO,16:9,16:9,exact,1
kie,seedream/4-5-edit,seedream/4-5-edit,https://docs.kie.ai/market/seedream/4-5-edit.md,paths.post.input.aspect_ratio,ASPECT_RATIO,1:1,1:1,exact,1
kie,seedream/4-5-edit,seedream/4-5-edit,https://docs.kie.ai/market/seedream/4-5-edit.md,paths.post.input.aspect_ratio,ASPECT_RATIO,21:9,21:9,exact,1
kie,seedream/4-5-edit,seedream/4-5-edit,https://docs.kie.ai/market/seedream/4-5-edit.md,paths.post.input.aspect_ratio,ASPECT_RATIO,2:3,2:3,exact,1
kie,seedream/4-5-edit,seedream/4-5-edit,https://docs.kie.ai/market/seedream/4-5-edit.md,paths.post.input.aspect_ratio,ASPECT_RATIO,3:2,3:2,exact,1
kie,seedream/4-5-edit,seedream/4-5-edit,https://docs.kie.ai/market/seedream/4-5-edit.md,paths.post.input.aspect_ratio,ASPECT_RATIO,3:4,3:4,exact,1
kie,seedream/4-5-edit,seedream/4-5-edit,https://docs.kie.ai/market/seedream/4-5-edit.md,paths.post.input.aspect_ratio,ASPECT_RATIO,4:3,4:3,exact,1
kie,seedream/4-5-edit,seedream/4-5-edit,https://docs.kie.ai/market/seedream/4-5-edit.md,paths.post.input.aspect_ratio,ASPECT_RATIO,9:16,9:16,exact,1
kie,seedream/4-5-edit,seedream/4-5-edit,https://docs.kie.ai/market/seedream/4-5-edit.md,paths.post.input.aspect_ratio,ASPECT_RATIO,9:21,9:16,nearest_ratio,1
kie,seedream/4-5-edit,seedream/4-5-edit,https://docs.kie.ai/market/seedream/4-5-edit.md,paths.post.input.aspect_ratio,ASPECT_RATIO,AUTO,1:1,fallback_baseline,1
kie,sora-2-pro-storyboard,sora-2-pro-storyboard,https://docs.kie.ai/market/sora-2-pro-storyboard.md,paths.post.input.aspect_ratio,ASPECT_RATIO,16:9,landscape,semantic_exact,1
kie,sora-2-pro-storyboard,sora-2-pro-storyboard,https://docs.kie.ai/market/sora-2-pro-storyboard.md,paths.post.input.aspect_ratio,ASPECT_RATIO,1:1,portrait,nearest_ratio,1
kie,sora-2-pro-storyboard,sora-2-pro-storyboard,https://docs.kie.ai/market/sora-2-pro-storyboard.md,paths.post.input.aspect_ratio,ASPECT_RATIO,21:9,landscape,nearest_ratio,1
kie,sora-2-pro-storyboard,sora-2-pro-storyboard,https://docs.kie.ai/market/sora-2-pro-storyboard.md,paths.post.input.aspect_ratio,ASPECT_RATIO,2:3,portrait,nearest_ratio,1
kie,sora-2-pro-storyboard,sora-2-pro-storyboard,https://docs.kie.ai/market/sora-2-pro-storyboard.md,paths.post.input.aspect_ratio,ASPECT_RATIO,3:2,landscape,nearest_ratio,1
kie,sora-2-pro-storyboard,sora-2-pro-storyboard,https://docs.kie.ai/market/sora-2-pro-storyboard.md,paths.post.input.aspect_ratio,ASPECT_RATIO,3:4,portrait,nearest_ratio,1
kie,sora-2-pro-storyboard,sora-2-pro-storyboard,https://docs.kie.ai/market/sora-2-pro-storyboard.md,paths.post.input.aspect_ratio,ASPECT_RATIO,4:3,landscape,nearest_ratio,1
kie,sora-2-pro-storyboard,sora-2-pro-storyboard,https://docs.kie.ai/market/sora-2-pro-storyboard.md,paths.post.input.aspect_ratio,ASPECT_RATIO,9:16,portrait,semantic_exact,1
kie,sora-2-pro-storyboard,sora-2-pro-storyboard,https://docs.kie.ai/market/sora-2-pro-storyboard.md,paths.post.input.aspect_ratio,ASPECT_RATIO,9:21,portrait,nearest_ratio,1
kie,sora-2-pro-storyboard,sora-2-pro-storyboard,https://docs.kie.ai/market/sora-2-pro-storyboard.md,paths.post.input.aspect_ratio,ASPECT_RATIO,AUTO,landscape,fallback_baseline,1
kie,sora2/sora-2,sora2/sora-2,https://docs.kie.ai/market/sora2/sora-2-image-to-video.md,paths.post.input.aspect_ratio,ASPECT_RATIO,16:9,landscape,semantic_exact,1
kie,sora2/sora-2,sora2/sora-2,https://docs.kie.ai/market/sora2/sora-2-image-to-video.md,paths.post.input.aspect_ratio,ASPECT_RATIO,1:1,portrait,nearest_ratio,1
kie,sora2/sora-2,sora2/sora-2,https://docs.kie.ai/market/sora2/sora-2-image-to-video.md,paths.post.input.aspect_ratio,ASPECT_RATIO,21:9,landscape,nearest_ratio,1
kie,sora2/sora-2,sora2/sora-2,https://docs.kie.ai/market/sora2/sora-2-image-to-video.md,paths.post.input.aspect_ratio,ASPECT_RATIO,2:3,portrait,nearest_ratio,1
kie,sora2/sora-2,sora2/sora-2,https://docs.kie.ai/market/sora2/sora-2-image-to-video.md,paths.post.input.aspect_ratio,ASPECT_RATIO,3:2,landscape,nearest_ratio,1
kie,sora2/sora-2,sora2/sora-2,https://docs.kie.ai/market/sora2/sora-2-image-to-video.md,paths.post.input.aspect_ratio,ASPECT_RATIO,3:4,portrait,nearest_ratio,1
kie,sora2/sora-2,sora2/sora-2,https://docs.kie.ai/market/sora2/sora-2-image-to-video.md,paths.post.input.aspect_ratio,ASPECT_RATIO,4:3,landscape,nearest_ratio,1
kie,sora2/sora-2,sora2/sora-2,https://docs.kie.ai/market/sora2/sora-2-image-to-video.md,paths.post.input.aspect_ratio,ASPECT_RATIO,9:16,portrait,semantic_exact,1
kie,sora2/sora-2,sora2/sora-2,https://docs.kie.ai/market/sora2/sora-2-image-to-video.md,paths.post.input.aspect_ratio,ASPECT_RATIO,9:21,portrait,nearest_ratio,1
kie,sora2/sora-2,sora2/sora-2,https://docs.kie.ai/market/sora2/sora-2-image-to-video.md,paths.post.input.aspect_ratio,ASPECT_RATIO,AUTO,landscape,fallback_baseline,1
kie,sora2/sora-2-pro,sora2/sora-2-pro,https://docs.kie.ai/market/sora2/sora-2-pro-image-to-video.md,paths.post.input.aspect_ratio,ASPECT_RATIO,16:9,landscape,semantic_exact,1
kie,sora2/sora-2-pro,sora2/sora-2-pro,https://docs.kie.ai/market/sora2/sora-2-pro-image-to-video.md,paths.post.input.aspect_ratio,ASPECT_RATIO,1:1,portrait,nearest_ratio,1
kie,sora2/sora-2-pro,sora2/sora-2-pro,https://docs.kie.ai/market/sora2/sora-2-pro-image-to-video.md,paths.post.input.aspect_ratio,ASPECT_RATIO,21:9,landscape,nearest_ratio,1
kie,sora2/sora-2-pro,sora2/sora-2-pro,https://docs.kie.ai/market/sora2/sora-2-pro-image-to-video.md,paths.post.input.aspect_ratio,ASPECT_RATIO,2:3,portrait,nearest_ratio,1
kie,sora2/sora-2-pro,sora2/sora-2-pro,https://docs.kie.ai/market/sora2/sora-2-pro-image-to-video.md,paths.post.input.aspect_ratio,ASPECT_RATIO,3:2,landscape,nearest_ratio,1
kie,sora2/sora-2-pro,sora2/sora-2-pro,https://docs.kie.ai/market/sora2/sora-2-pro-image-to-video.md,paths.post.input.aspect_ratio,ASPECT_RATIO,3:4,portrait,nearest_ratio,1
kie,sora2/sora-2-pro,sora2/sora-2-pro,https://docs.kie.ai/market/sora2/sora-2-pro-image-to-video.md,paths.post.input.aspect_ratio,ASPECT_RATIO,4:3,landscape,nearest_ratio,1
kie,sora2/sora-2-pro,sora2/sora-2-pro,https://docs.kie.ai/market/sora2/sora-2-pro-image-to-video.md,paths.post.input.aspect_ratio,ASPECT_RATIO,9:16,portrait,semantic_exact,1
kie,sora2/sora-2-pro,sora2/sora-2-pro,https://docs.kie.ai/market/sora2/sora-2-pro-image-to-video.md,paths.post.input.aspect_ratio,ASPECT_RATIO,9:21,portrait,nearest_ratio,1
kie,sora2/sora-2-pro,sora2/sora-2-pro,https://docs.kie.ai/market/sora2/sora-2-pro-image-to-video.md,paths.post.input.aspect_ratio,ASPECT_RATIO,AUTO,landscape,fallback_baseline,1
kie,wan/2-2-a14b-text-to-video-turbo,wan/2-2-a14b-text-to-video-turbo,https://docs.kie.ai/market/wan/2-2-a14b-text-to-video-turbo.md,paths.post.input.aspect_ratio,ASPECT_RATIO,16:9,16:9,exact,1
kie,wan/2-2-a14b-text-to-video-turbo,wan/2-2-a14b-text-to-video-turbo,https://docs.kie.ai/market/wan/2-2-a14b-text-to-video-turbo.md,paths.post.input.aspect_ratio,ASPECT_RATIO,1:1,9:16,nearest_ratio,1
kie,wan/2-2-a14b-text-to-video-turbo,wan/2-2-a14b-text-to-video-turbo,https://docs.kie.ai/market/wan/2-2-a14b-text-to-video-turbo.md,paths.post.input.aspect_ratio,ASPECT_RATIO,21:9,16:9,nearest_ratio,1
kie,wan/2-2-a14b-text-to-video-turbo,wan/2-2-a14b-text-to-video-turbo,https://docs.kie.ai/market/wan/2-2-a14b-text-to-video-turbo.md,paths.post.input.aspect_ratio,ASPECT_RATIO,2:3,9:16,nearest_ratio,1
kie,wan/2-2-a14b-text-to-video-turbo,wan/2-2-a14b-text-to-video-turbo,https://docs.kie.ai/market/wan/2-2-a14b-text-to-video-turbo.md,paths.post.input.aspect_ratio,ASPECT_RATIO,3:2,16:9,nearest_ratio,1
kie,wan/2-2-a14b-text-to-video-turbo,wan/2-2-a14b-text-to-video-turbo,https://docs.kie.ai/market/wan/2-2-a14b-text-to-video-turbo.md,paths.post.input.aspect_ratio,ASPECT_RATIO,3:4,9:16,nearest_ratio,1
kie,wan/2-2-a14b-text-to-video-turbo,wan/2-2-a14b-text-to-video-turbo,https://docs.kie.ai/market/wan/2-2-a14b-text-to-video-turbo.md,paths.post.input.aspect_ratio,ASPECT_RATIO,4:3,16:9,nearest_ratio,1
kie,wan/2-2-a14b-text-to-video-turbo,wan/2-2-a14b-text-to-video-turbo,https://docs.kie.ai/market/wan/2-2-a14b-text-to-video-turbo.md,paths.post.input.aspect_ratio,ASPECT_RATIO,9:16,9:16,exact,1
kie,wan/2-2-a14b-text-to-video-turbo,wan/2-2-a14b-text-to-video-turbo,https://docs.kie.ai/market/wan/2-2-a14b-text-to-video-turbo.md,paths.post.input.aspect_ratio,ASPECT_RATIO,9:21,9:16,nearest_ratio,1
kie,wan/2-2-a14b-text-to-video-turbo,wan/2-2-a14b-text-to-video-turbo,https://docs.kie.ai/market/wan/2-2-a14b-text-to-video-turbo.md,paths.post.input.aspect_ratio,ASPECT_RATIO,AUTO,16:9,fallback_baseline,1
kie,z-image/z-image,z-image/z-image,https://docs.kie.ai/market/z-image/z-image.md,paths.post.input.aspect_ratio,ASPECT_RATIO,16:9,16:9,exact,1
kie,z-image/z-image,z-image/z-image,https://docs.kie.ai/market/z-image/z-image.md,paths.post.input.aspect_ratio,ASPECT_RATIO,1:1,1:1,exact,1
kie,z-image/z-image,z-image/z-image,https://docs.kie.ai/market/z-image/z-image.md,paths.post.input.aspect_ratio,ASPECT_RATIO,21:9,16:9,nearest_ratio,1
kie,z-image/z-image,z-image/z-image,https://docs.kie.ai/market/z-image/z-image.md,paths.post.input.aspect_ratio,ASPECT_RATIO,2:3,3:4,nearest_ratio,1
kie,z-image/z-image,z-image/z-image,https://docs.kie.ai/market/z-image/z-image.md,paths.post.input.aspect_ratio,ASPECT_RATIO,3:2,4:3,nearest_ratio,1
kie,z-image/z-image,z-image/z-image,https://docs.kie.ai/market/z-image/z-image.md,paths.post.input.aspect_ratio,ASPECT_RATIO,3:4,3:4,exact,1
kie,z-image/z-image,z-image/z-image,https://docs.kie.ai/market/z-image/z-image.md,paths.post.input.aspect_ratio,ASPECT_RATIO,4:3,4:3,exact,1
kie,z-image/z-image,z-image/z-image,https://docs.kie.ai/market/z-image/z-image.md,paths.post.input.aspect_ratio,ASPECT_RATIO,9:16,9:16,exact,1
kie,z-image/z-image,z-image/z-image,https://docs.kie.ai/market/z-image/z-image.md,paths.post.input.aspect_ratio,ASPECT_RATIO,9:21,9:16,nearest_ratio,1
kie,z-image/z-image,z-image/z-image,https://docs.kie.ai/market/z-image/z-image.md,paths.post.input.aspect_ratio,ASPECT_RATIO,AUTO,1:1,fallback_baseline,1
kie,kling,kling,https://docs.kie.ai/market/kling/motion-control.md,paths.post.input.character_orientation,CHARACTER_ORIENTATION,IMAGE,image,exact,1
kie,kling,kling,https://docs.kie.ai/market/kling/motion-control.md,paths.post.input.character_orientation,CHARACTER_ORIENTATION,VIDEO,video,exact,1
kie,bytedance/seedance-1-5-pro,bytedance/seedance-1-5-pro,https://docs.kie.ai/market/bytedance/seedance-1-5-pro.md,paths.post.input.duration,DURATION_SECONDS,10,8,nearest_lower,1
kie,bytedance/seedance-1-5-pro,bytedance/seedance-1-5-pro,https://docs.kie.ai/market/bytedance/seedance-1-5-pro.md,paths.post.input.duration,DURATION_SECONDS,11,8,nearest_lower,1
kie,bytedance/seedance-1-5-pro,bytedance/seedance-1-5-pro,https://docs.kie.ai/market/bytedance/seedance-1-5-pro.md,paths.post.input.duration,DURATION_SECONDS,12,12,nearest_lower,1
kie,bytedance/seedance-1-5-pro,bytedance/seedance-1-5-pro,https://docs.kie.ai/market/bytedance/seedance-1-5-pro.md,paths.post.input.duration,DURATION_SECONDS,13,12,nearest_lower,1
kie,bytedance/seedance-1-5-pro,bytedance/seedance-1-5-pro,https://docs.kie.ai/market/bytedance/seedance-1-5-pro.md,paths.post.input.duration,DURATION_SECONDS,14,12,nearest_lower,1
kie,bytedance/seedance-1-5-pro,bytedance/seedance-1-5-pro,https://docs.kie.ai/market/bytedance/seedance-1-5-pro.md,paths.post.input.duration,DURATION_SECONDS,15,12,nearest_lower,1
kie,bytedance/seedance-1-5-pro,bytedance/seedance-1-5-pro,https://docs.kie.ai/market/bytedance/seedance-1-5-pro.md,paths.post.input.duration,DURATION_SECONDS,25,12,nearest_lower,1
kie,bytedance/seedance-1-5-pro,bytedance/seedance-1-5-pro,https://docs.kie.ai/market/bytedance/seedance-1-5-pro.md,paths.post.input.duration,DURATION_SECONDS,3,4,fallback_min,1
kie,bytedance/seedance-1-5-pro,bytedance/seedance-1-5-pro,https://docs.kie.ai/market/bytedance/seedance-1-5-pro.md,paths.post.input.duration,DURATION_SECONDS,4,4,nearest_lower,1
kie,bytedance/seedance-1-5-pro,bytedance/seedance-1-5-pro,https://docs.kie.ai/market/bytedance/seedance-1-5-pro.md,paths.post.input.duration,DURATION_SECONDS,5,4,nearest_lower,1
kie,bytedance/seedance-1-5-pro,bytedance/seedance-1-5-pro,https://docs.kie.ai/market/bytedance/seedance-1-5-pro.md,paths.post.input.duration,DURATION_SECONDS,6,4,nearest_lower,1
kie,bytedance/seedance-1-5-pro,bytedance/seedance-1-5-pro,https://docs.kie.ai/market/bytedance/seedance-1-5-pro.md,paths.post.input.duration,DURATION_SECONDS,7,4,nearest_lower,1
kie,bytedance/seedance-1-5-pro,bytedance/seedance-1-5-pro,https://docs.kie.ai/market/bytedance/seedance-1-5-pro.md,paths.post.input.duration,DURATION_SECONDS,8,8,nearest_lower,1
kie,bytedance/seedance-1-5-pro,bytedance/seedance-1-5-pro,https://docs.kie.ai/market/bytedance/seedance-1-5-pro.md,paths.post.input.duration,DURATION_SECONDS,9,8,nearest_lower,1
kie,bytedance/v1-lite,bytedance/v1-lite,https://docs.kie.ai/market/bytedance/v1-lite-image-to-video.md,paths.post.input.duration,DURATION_SECONDS,10,10,nearest_lower,1
kie,bytedance/v1-lite,bytedance/v1-lite,https://docs.kie.ai/market/bytedance/v1-lite-image-to-video.md,paths.post.input.duration,DURATION_SECONDS,11,10,nearest_lower,1
kie,bytedance/v1-lite,bytedance/v1-lite,https://docs.kie.ai/market/bytedance/v1-lite-image-to-video.md,paths.post.input.duration,DURATION_SECONDS,12,10,nearest_lower,1
kie,bytedance/v1-lite,bytedance/v1-lite,https://docs.kie.ai/market/bytedance/v1-lite-image-to-video.md,paths.post.input.duration,DURATION_SECONDS,13,10,nearest_lower,1
kie,bytedance/v1-lite,bytedance/v1-lite,https://docs.kie.ai/market/bytedance/v1-lite-image-to-video.md,paths.post.input.duration,DURATION_SECONDS,14,10,nearest_lower,1
kie,bytedance/v1-lite,bytedance/v1-lite,https://docs.kie.ai/market/bytedance/v1-lite-image-to-video.md,paths.post.input.duration,DURATION_SECONDS,15,10,nearest_lower,1
kie,bytedance/v1-lite,bytedance/v1-lite,https://docs.kie.ai/market/bytedance/v1-lite-image-to-video.md,paths.post.input.duration,DURATION_SECONDS,25,10,nearest_lower,1
kie,bytedance/v1-lite,bytedance/v1-lite,https://docs.kie.ai/market/bytedance/v1-lite-image-to-video.md,paths.post.input.duration,DURATION_SECONDS,3,5,fallback_min,1
kie,bytedance/v1-lite,bytedance/v1-lite,https://docs.kie.ai/market/bytedance/v1-lite-image-to-video.md,paths.post.input.duration,DURATION_SECONDS,4,5,fallback_min,1
kie,bytedance/v1-lite,bytedance/v1-lite,https://docs.kie.ai/market/bytedance/v1-lite-image-to-video.md,paths.post.input.duration,DURATION_SECONDS,5,5,nearest_lower,1
kie,bytedance/v1-lite,bytedance/v1-lite,https://docs.kie.ai/market/bytedance/v1-lite-image-to-video.md,paths.post.input.duration,DURATION_SECONDS,6,5,nearest_lower,1
kie,bytedance/v1-lite,bytedance/v1-lite,https://docs.kie.ai/market/bytedance/v1-lite-image-to-video.md,paths.post.input.duration,DURATION_SECONDS,7,5,nearest_lower,1
kie,bytedance/v1-lite,bytedance/v1-lite,https://docs.kie.ai/market/bytedance/v1-lite-image-to-video.md,paths.post.input.duration,DURATION_SECONDS,8,5,nearest_lower,1
kie,bytedance/v1-lite,bytedance/v1-lite,https://docs.kie.ai/market/bytedance/v1-lite-image-to-video.md,paths.post.input.duration,DURATION_SECONDS,9,5,nearest_lower,1
kie,bytedance/v1-pro,bytedance/v1-pro,https://docs.kie.ai/market/bytedance/v1-pro-text-to-video.md,paths.post.input.duration,DURATION_SECONDS,10,10,nearest_lower,1
kie,bytedance/v1-pro,bytedance/v1-pro,https://docs.kie.ai/market/bytedance/v1-pro-text-to-video.md,paths.post.input.duration,DURATION_SECONDS,11,10,nearest_lower,1
kie,bytedance/v1-pro,bytedance/v1-pro,https://docs.kie.ai/market/bytedance/v1-pro-text-to-video.md,paths.post.input.duration,DURATION_SECONDS,12,10,nearest_lower,1
kie,bytedance/v1-pro,bytedance/v1-pro,https://docs.kie.ai/market/bytedance/v1-pro-text-to-video.md,paths.post.input.duration,DURATION_SECONDS,13,10,nearest_lower,1
kie,bytedance/v1-pro,bytedance/v1-pro,https://docs.kie.ai/market/bytedance/v1-pro-text-to-video.md,paths.post.input.duration,DURATION_SECONDS,14,10,nearest_lower,1
kie,bytedance/v1-pro,bytedance/v1-pro,https://docs.kie.ai/market/bytedance/v1-pro-text-to-video.md,paths.post.input.duration,DURATION_SECONDS,15,10,nearest_lower,1
kie,bytedance/v1-pro,bytedance/v1-pro,https://docs.kie.ai/market/bytedance/v1-pro-text-to-video.md,paths.post.input.duration,DURATION_SECONDS,25,10,nearest_lower,1
kie,bytedance/v1-pro,bytedance/v1-pro,https://docs.kie.ai/market/bytedance/v1-pro-text-to-video.md,paths.post.input.duration,DURATION_SECONDS,3,5,fallback_min,1
kie,bytedance/v1-pro,bytedance/v1-pro,https://docs.kie.ai/market/bytedance/v1-pro-text-to-video.md,paths.post.input.duration,DURATION_SECONDS,4,5,fallback_min,1
kie,bytedance/v1-pro,bytedance/v1-pro,https://docs.kie.ai/market/bytedance/v1-pro-text-to-video.md,paths.post.input.duration,DURATION_SECONDS,5,5,nearest_lower,1
kie,bytedance/v1-pro,bytedance/v1-pro,https://docs.kie.ai/market/bytedance/v1-pro-text-to-video.md,paths.post.input.duration,DURATION_SECONDS,6,5,nearest_lower,1
kie,bytedance/v1-pro,bytedance/v1-pro,https://docs.kie.ai/market/bytedance/v1-pro-text-to-video.md,paths.post.input.duration,DURATION_SECONDS,7,5,nearest_lower,1
kie,bytedance/v1-pro,bytedance/v1-pro,https://docs.kie.ai/market/bytedance/v1-pro-text-to-video.md,paths.post.input.duration,DURATION_SECONDS,8,5,nearest_lower,1
kie,bytedance/v1-pro,bytedance/v1-pro,https://docs.kie.ai/market/bytedance/v1-pro-text-to-video.md,paths.post.input.duration,DURATION_SECONDS,9,5,nearest_lower,1
kie,bytedance/v1-pro-fast,bytedance/v1-pro-fast,https://docs.kie.ai/market/bytedance/v1-pro-fast-image-to-video.md,paths.post.input.duration,DURATION_SECONDS,10,10,nearest_lower,1
kie,bytedance/v1-pro-fast,bytedance/v1-pro-fast,https://docs.kie.ai/market/bytedance/v1-pro-fast-image-to-video.md,paths.post.input.duration,DURATION_SECONDS,11,10,nearest_lower,1
kie,bytedance/v1-pro-fast,bytedance/v1-pro-fast,https://docs.kie.ai/market/bytedance/v1-pro-fast-image-to-video.md,paths.post.input.duration,DURATION_SECONDS,12,10,nearest_lower,1
kie,bytedance/v1-pro-fast,bytedance/v1-pro-fast,https://docs.kie.ai/market/bytedance/v1-pro-fast-image-to-video.md,paths.post.input.duration,DURATION_SECONDS,13,10,nearest_lower,1
kie,bytedance/v1-pro-fast,bytedance/v1-pro-fast,https://docs.kie.ai/market/bytedance/v1-pro-fast-image-to-video.md,paths.post.input.duration,DURATION_SECONDS,14,10,nearest_lower,1
kie,bytedance/v1-pro-fast,bytedance/v1-pro-fast,https://docs.kie.ai/market/bytedance/v1-pro-fast-image-to-video.md,paths.post.input.duration,DURATION_SECONDS,15,10,nearest_lower,1
kie,bytedance/v1-pro-fast,bytedance/v1-pro-fast,https://docs.kie.ai/market/bytedance/v1-pro-fast-image-to-video.md,paths.post.input.duration,DURATION_SECONDS,25,10,nearest_lower,1
kie,bytedance/v1-pro-fast,bytedance/v1-pro-fast,https://docs.kie.ai/market/bytedance/v1-pro-fast-image-to-video.md,paths.post.input.duration,DURATION_SECONDS,3,5,fallback_min,1
kie,bytedance/v1-pro-fast,bytedance/v1-pro-fast,https://docs.kie.ai/market/bytedance/v1-pro-fast-image-to-video.md,paths.post.input.duration,DURATION_SECONDS,4,5,fallback_min,1
kie,bytedance/v1-pro-fast,bytedance/v1-pro-fast,https://docs.kie.ai/market/bytedance/v1-pro-fast-image-to-video.md,paths.post.input.duration,DURATION_SECONDS,5,5,nearest_lower,1
kie,bytedance/v1-pro-fast,bytedance/v1-pro-fast,https://docs.kie.ai/market/bytedance/v1-pro-fast-image-to-video.md,paths.post.input.duration,DURATION_SECONDS,6,5,nearest_lower,1
kie,bytedance/v1-pro-fast,bytedance/v1-pro-fast,https://docs.kie.ai/market/bytedance/v1-pro-fast-image-to-video.md,paths.post.input.duration,DURATION_SECONDS,7,5,nearest_lower,1
kie,bytedance/v1-pro-fast,bytedance/v1-pro-fast,https://docs.kie.ai/market/bytedance/v1-pro-fast-image-to-video.md,paths.post.input.duration,DURATION_SECONDS,8,5,nearest_lower,1
kie,bytedance/v1-pro-fast,bytedance/v1-pro-fast,https://docs.kie.ai/market/bytedance/v1-pro-fast-image-to-video.md,paths.post.input.duration,DURATION_SECONDS,9,5,nearest_lower,1
kie,grok-imagine,grok-imagine,https://docs.kie.ai/market/grok-imagine/image-to-video.md,paths.post.input.duration,DURATION_SECONDS,10,10,nearest_lower,1
kie,grok-imagine,grok-imagine,https://docs.kie.ai/market/grok-imagine/image-to-video.md,paths.post.input.duration,DURATION_SECONDS,11,10,nearest_lower,1
kie,grok-imagine,grok-imagine,https://docs.kie.ai/market/grok-imagine/image-to-video.md,paths.post.input.duration,DURATION_SECONDS,12,10,nearest_lower,1
kie,grok-imagine,grok-imagine,https://docs.kie.ai/market/grok-imagine/image-to-video.md,paths.post.input.duration,DURATION_SECONDS,13,10,nearest_lower,1
kie,grok-imagine,grok-imagine,https://docs.kie.ai/market/grok-imagine/image-to-video.md,paths.post.input.duration,DURATION_SECONDS,14,10,nearest_lower,1
kie,grok-imagine,grok-imagine,https://docs.kie.ai/market/grok-imagine/image-to-video.md,paths.post.input.duration,DURATION_SECONDS,15,15,nearest_lower,1
kie,grok-imagine,grok-imagine,https://docs.kie.ai/market/grok-imagine/image-to-video.md,paths.post.input.duration,DURATION_SECONDS,25,15,nearest_lower,1
kie,grok-imagine,grok-imagine,https://docs.kie.ai/market/grok-imagine/image-to-video.md,paths.post.input.duration,DURATION_SECONDS,3,6,fallback_min,1
kie,grok-imagine,grok-imagine,https://docs.kie.ai/market/grok-imagine/image-to-video.md,paths.post.input.duration,DURATION_SECONDS,4,6,fallback_min,1
kie,grok-imagine,grok-imagine,https://docs.kie.ai/market/grok-imagine/image-to-video.md,paths.post.input.duration,DURATION_SECONDS,5,6,fallback_min,1
kie,grok-imagine,grok-imagine,https://docs.kie.ai/market/grok-imagine/image-to-video.md,paths.post.input.duration,DURATION_SECONDS,6,6,nearest_lower,1
kie,grok-imagine,grok-imagine,https://docs.kie.ai/market/grok-imagine/image-to-video.md,paths.post.input.duration,DURATION_SECONDS,7,6,nearest_lower,1
kie,grok-imagine,grok-imagine,https://docs.kie.ai/market/grok-imagine/image-to-video.md,paths.post.input.duration,DURATION_SECONDS,8,6,nearest_lower,1
kie,grok-imagine,grok-imagine,https://docs.kie.ai/market/grok-imagine/image-to-video.md,paths.post.input.duration,DURATION_SECONDS,9,6,nearest_lower,1
kie,hailuo/02-image-to-video-standard,hailuo/02-image-to-video-standard,https://docs.kie.ai/market/hailuo/02-image-to-video-standard.md,paths.post.input.duration,DURATION_SECONDS,10,10,nearest_lower,1
kie,hailuo/02-image-to-video-standard,hailuo/02-image-to-video-standard,https://docs.kie.ai/market/hailuo/02-image-to-video-standard.md,paths.post.input.duration,DURATION_SECONDS,11,10,nearest_lower,1
kie,hailuo/02-image-to-video-standard,hailuo/02-image-to-video-standard,https://docs.kie.ai/market/hailuo/02-image-to-video-standard.md,paths.post.input.duration,DURATION_SECONDS,12,10,nearest_lower,1
kie,hailuo/02-image-to-video-standard,hailuo/02-image-to-video-standard,https://docs.kie.ai/market/hailuo/02-image-to-video-standard.md,paths.post.input.duration,DURATION_SECONDS,13,10,nearest_lower,1
kie,hailuo/02-image-to-video-standard,hailuo/02-image-to-video-standard,https://docs.kie.ai/market/hailuo/02-image-to-video-standard.md,paths.post.input.duration,DURATION_SECONDS,14,10,nearest_lower,1
kie,hailuo/02-image-to-video-standard,hailuo/02-image-to-video-standard,https://docs.kie.ai/market/hailuo/02-image-to-video-standard.md,paths.post.input.duration,DURATION_SECONDS,15,10,nearest_lower,1
kie,hailuo/02-image-to-video-standard,hailuo/02-image-to-video-standard,https://docs.kie.ai/market/hailuo/02-image-to-video-standard.md,paths.post.input.duration,DURATION_SECONDS,25,10,nearest_lower,1
kie,hailuo/02-image-to-video-standard,hailuo/02-image-to-video-standard,https://docs.kie.ai/market/hailuo/02-image-to-video-standard.md,paths.post.input.duration,DURATION_SECONDS,3,6,fallback_min,1
kie,hailuo/02-image-to-video-standard,hailuo/02-image-to-video-standard,https://docs.kie.ai/market/hailuo/02-image-to-video-standard.md,paths.post.input.duration,DURATION_SECONDS,4,6,fallback_min,1
kie,hailuo/02-image-to-video-standard,hailuo/02-image-to-video-standard,https://docs.kie.ai/market/hailuo/02-image-to-video-standard.md,paths.post.input.duration,DURATION_SECONDS,5,6,fallback_min,1
kie,hailuo/02-image-to-video-standard,hailuo/02-image-to-video-standard,https://docs.kie.ai/market/hailuo/02-image-to-video-standard.md,paths.post.input.duration,DURATION_SECONDS,6,6,nearest_lower,1
kie,hailuo/02-image-to-video-standard,hailuo/02-image-to-video-standard,https://docs.kie.ai/market/hailuo/02-image-to-video-standard.md,paths.post.input.duration,DURATION_SECONDS,7,6,nearest_lower,1
kie,hailuo/02-image-to-video-standard,hailuo/02-image-to-video-standard,https://docs.kie.ai/market/hailuo/02-image-to-video-standard.md,paths.post.input.duration,DURATION_SECONDS,8,6,nearest_lower,1
kie,hailuo/02-image-to-video-standard,hailuo/02-image-to-video-standard,https://docs.kie.ai/market/hailuo/02-image-to-video-standard.md,paths.post.input.duration,DURATION_SECONDS,9,6,nearest_lower,1
kie,hailuo/02-text-to-video-standard,hailuo/02-text-to-video-standard,https://docs.kie.ai/market/hailuo/02-text-to-video-standard.md,paths.post.input.duration,DURATION_SECONDS,10,10,nearest_lower,1
kie,hailuo/02-text-to-video-standard,hailuo/02-text-to-video-standard,https://docs.kie.ai/market/hailuo/02-text-to-video-standard.md,paths.post.input.duration,DURATION_SECONDS,11,10,nearest_lower,1
kie,hailuo/02-text-to-video-standard,hailuo/02-text-to-video-standard,https://docs.kie.ai/market/hailuo/02-text-to-video-standard.md,paths.post.input.duration,DURATION_SECONDS,12,10,nearest_lower,1
kie,hailuo/02-text-to-video-standard,hailuo/02-text-to-video-standard,https://docs.kie.ai/market/hailuo/02-text-to-video-standard.md,paths.post.input.duration,DURATION_SECONDS,13,10,nearest_lower,1
kie,hailuo/02-text-to-video-standard,hailuo/02-text-to-video-standard,https://docs.kie.ai/market/hailuo/02-text-to-video-standard.md,paths.post.input.duration,DURATION_SECONDS,14,10,nearest_lower,1
kie,hailuo/02-text-to-video-standard,hailuo/02-text-to-video-standard,https://docs.kie.ai/market/hailuo/02-text-to-video-standard.md,paths.post.input.duration,DURATION_SECONDS,15,10,nearest_lower,1
kie,hailuo/02-text-to-video-standard,hailuo/02-text-to-video-standard,https://docs.kie.ai/market/hailuo/02-text-to-video-standard.md,paths.post.input.duration,DURATION_SECONDS,25,10,nearest_lower,1
kie,hailuo/02-text-to-video-standard,hailuo/02-text-to-video-standard,https://docs.kie.ai/market/hailuo/02-text-to-video-standard.md,paths.post.input.duration,DURATION_SECONDS,3,6,fallback_min,1
kie,hailuo/02-text-to-video-standard,hailuo/02-text-to-video-standard,https://docs.kie.ai/market/hailuo/02-text-to-video-standard.md,paths.post.input.duration,DURATION_SECONDS,4,6,fallback_min,1
kie,hailuo/02-text-to-video-standard,hailuo/02-text-to-video-standard,https://docs.kie.ai/market/hailuo/02-text-to-video-standard.md,paths.post.input.duration,DURATION_SECONDS,5,6,fallback_min,1
kie,hailuo/02-text-to-video-standard,hailuo/02-text-to-video-standard,https://docs.kie.ai/market/hailuo/02-text-to-video-standard.md,paths.post.input.duration,DURATION_SECONDS,6,6,nearest_lower,1
kie,hailuo/02-text-to-video-standard,hailuo/02-text-to-video-standard,https://docs.kie.ai/market/hailuo/02-text-to-video-standard.md,paths.post.input.duration,DURATION_SECONDS,7,6,nearest_lower,1
kie,hailuo/02-text-to-video-standard,hailuo/02-text-to-video-standard,https://docs.kie.ai/market/hailuo/02-text-to-video-standard.md,paths.post.input.duration,DURATION_SECONDS,8,6,nearest_lower,1
kie,hailuo/02-text-to-video-standard,hailuo/02-text-to-video-standard,https://docs.kie.ai/market/hailuo/02-text-to-video-standard.md,paths.post.input.duration,DURATION_SECONDS,9,6,nearest_lower,1
kie,hailuo/2-3-image-to-video-pro,hailuo/2-3-image-to-video-pro,https://docs.kie.ai/market/hailuo/2-3-image-to-video-pro.md,paths.post.input.duration,DURATION_SECONDS,10,10,nearest_lower,1
kie,hailuo/2-3-image-to-video-pro,hailuo/2-3-image-to-video-pro,https://docs.kie.ai/market/hailuo/2-3-image-to-video-pro.md,paths.post.input.duration,DURATION_SECONDS,11,10,nearest_lower,1
kie,hailuo/2-3-image-to-video-pro,hailuo/2-3-image-to-video-pro,https://docs.kie.ai/market/hailuo/2-3-image-to-video-pro.md,paths.post.input.duration,DURATION_SECONDS,12,10,nearest_lower,1
kie,hailuo/2-3-image-to-video-pro,hailuo/2-3-image-to-video-pro,https://docs.kie.ai/market/hailuo/2-3-image-to-video-pro.md,paths.post.input.duration,DURATION_SECONDS,13,10,nearest_lower,1
kie,hailuo/2-3-image-to-video-pro,hailuo/2-3-image-to-video-pro,https://docs.kie.ai/market/hailuo/2-3-image-to-video-pro.md,paths.post.input.duration,DURATION_SECONDS,14,10,nearest_lower,1
kie,hailuo/2-3-image-to-video-pro,hailuo/2-3-image-to-video-pro,https://docs.kie.ai/market/hailuo/2-3-image-to-video-pro.md,paths.post.input.duration,DURATION_SECONDS,15,10,nearest_lower,1
kie,hailuo/2-3-image-to-video-pro,hailuo/2-3-image-to-video-pro,https://docs.kie.ai/market/hailuo/2-3-image-to-video-pro.md,paths.post.input.duration,DURATION_SECONDS,25,10,nearest_lower,1
kie,hailuo/2-3-image-to-video-pro,hailuo/2-3-image-to-video-pro,https://docs.kie.ai/market/hailuo/2-3-image-to-video-pro.md,paths.post.input.duration,DURATION_SECONDS,3,6,fallback_min,1
kie,hailuo/2-3-image-to-video-pro,hailuo/2-3-image-to-video-pro,https://docs.kie.ai/market/hailuo/2-3-image-to-video-pro.md,paths.post.input.duration,DURATION_SECONDS,4,6,fallback_min,1
kie,hailuo/2-3-image-to-video-pro,hailuo/2-3-image-to-video-pro,https://docs.kie.ai/market/hailuo/2-3-image-to-video-pro.md,paths.post.input.duration,DURATION_SECONDS,5,6,fallback_min,1
kie,hailuo/2-3-image-to-video-pro,hailuo/2-3-image-to-video-pro,https://docs.kie.ai/market/hailuo/2-3-image-to-video-pro.md,paths.post.input.duration,DURATION_SECONDS,6,6,nearest_lower,1
kie,hailuo/2-3-image-to-video-pro,hailuo/2-3-image-to-video-pro,https://docs.kie.ai/market/hailuo/2-3-image-to-video-pro.md,paths.post.input.duration,DURATION_SECONDS,7,6,nearest_lower,1
kie,hailuo/2-3-image-to-video-pro,hailuo/2-3-image-to-video-pro,https://docs.kie.ai/market/hailuo/2-3-image-to-video-pro.md,paths.post.input.duration,DURATION_SECONDS,8,6,nearest_lower,1
kie,hailuo/2-3-image-to-video-pro,hailuo/2-3-image-to-video-pro,https://docs.kie.ai/market/hailuo/2-3-image-to-video-pro.md,paths.post.input.duration,DURATION_SECONDS,9,6,nearest_lower,1
kie,hailuo/2-3-image-to-video-standard,hailuo/2-3-image-to-video-standard,https://docs.kie.ai/market/hailuo/2-3-image-to-video-standard.md,paths.post.input.duration,DURATION_SECONDS,10,10,nearest_lower,1
kie,hailuo/2-3-image-to-video-standard,hailuo/2-3-image-to-video-standard,https://docs.kie.ai/market/hailuo/2-3-image-to-video-standard.md,paths.post.input.duration,DURATION_SECONDS,11,10,nearest_lower,1
kie,hailuo/2-3-image-to-video-standard,hailuo/2-3-image-to-video-standard,https://docs.kie.ai/market/hailuo/2-3-image-to-video-standard.md,paths.post.input.duration,DURATION_SECONDS,12,10,nearest_lower,1
kie,hailuo/2-3-image-to-video-standard,hailuo/2-3-image-to-video-standard,https://docs.kie.ai/market/hailuo/2-3-image-to-video-standard.md,paths.post.input.duration,DURATION_SECONDS,13,10,nearest_lower,1
kie,hailuo/2-3-image-to-video-standard,hailuo/2-3-image-to-video-standard,https://docs.kie.ai/market/hailuo/2-3-image-to-video-standard.md,paths.post.input.duration,DURATION_SECONDS,14,10,nearest_lower,1
kie,hailuo/2-3-image-to-video-standard,hailuo/2-3-image-to-video-standard,https://docs.kie.ai/market/hailuo/2-3-image-to-video-standard.md,paths.post.input.duration,DURATION_SECONDS,15,10,nearest_lower,1
kie,hailuo/2-3-image-to-video-standard,hailuo/2-3-image-to-video-standard,https://docs.kie.ai/market/hailuo/2-3-image-to-video-standard.md,paths.post.input.duration,DURATION_SECONDS,25,10,nearest_lower,1
kie,hailuo/2-3-image-to-video-standard,hailuo/2-3-image-to-video-standard,https://docs.kie.ai/market/hailuo/2-3-image-to-video-standard.md,paths.post.input.duration,DURATION_SECONDS,3,6,fallback_min,1
kie,hailuo/2-3-image-to-video-standard,hailuo/2-3-image-to-video-standard,https://docs.kie.ai/market/hailuo/2-3-image-to-video-standard.md,paths.post.input.duration,DURATION_SECONDS,4,6,fallback_min,1
kie,hailuo/2-3-image-to-video-standard,hailuo/2-3-image-to-video-standard,https://docs.kie.ai/market/hailuo/2-3-image-to-video-standard.md,paths.post.input.duration,DURATION_SECONDS,5,6,fallback_min,1
kie,hailuo/2-3-image-to-video-standard,hailuo/2-3-image-to-video-standard,https://docs.kie.ai/market/hailuo/2-3-image-to-video-standard.md,paths.post.input.duration,DURATION_SECONDS,6,6,nearest_lower,1
kie,hailuo/2-3-image-to-video-standard,hailuo/2-3-image-to-video-standard,https://docs.kie.ai/market/hailuo/2-3-image-to-video-standard.md,paths.post.input.duration,DURATION_SECONDS,7,6,nearest_lower,1
kie,hailuo/2-3-image-to-video-standard,hailuo/2-3-image-to-video-standard,https://docs.kie.ai/market/hailuo/2-3-image-to-video-standard.md,paths.post.input.duration,DURATION_SECONDS,8,6,nearest_lower,1
kie,hailuo/2-3-image-to-video-standard,hailuo/2-3-image-to-video-standard,https://docs.kie.ai/market/hailuo/2-3-image-to-video-standard.md,paths.post.input.duration,DURATION_SECONDS,9,6,nearest_lower,1
kie,kling,kling,https://docs.kie.ai/market/kling/image-to-video.md,paths.post.input.duration,DURATION_SECONDS,10,10,nearest_lower,1
kie,kling,kling,https://docs.kie.ai/market/kling/image-to-video.md,paths.post.input.duration,DURATION_SECONDS,11,10,nearest_lower,1
kie,kling,kling,https://docs.kie.ai/market/kling/image-to-video.md,paths.post.input.duration,DURATION_SECONDS,12,10,nearest_lower,1
kie,kling,kling,https://docs.kie.ai/market/kling/image-to-video.md,paths.post.input.duration,DURATION_SECONDS,13,10,nearest_lower,1
kie,kling,kling,https://docs.kie.ai/market/kling/image-to-video.md,paths.post.input.duration,DURATION_SECONDS,14,10,nearest_lower,1
kie,kling,kling,https://docs.kie.ai/market/kling/image-to-video.md,paths.post.input.duration,DURATION_SECONDS,15,10,nearest_lower,1
kie,kling,kling,https://docs.kie.ai/market/kling/image-to-video.md,paths.post.input.duration,DURATION_SECONDS,25,10,nearest_lower,1
kie,kling,kling,https://docs.kie.ai/market/kling/image-to-video.md,paths.post.input.duration,DURATION_SECONDS,3,5,fallback_min,1
kie,kling,kling,https://docs.kie.ai/market/kling/image-to-video.md,paths.post.input.duration,DURATION_SECONDS,4,5,fallback_min,1
kie,kling,kling,https://docs.kie.ai/market/kling/image-to-video.md,paths.post.input.duration,DURATION_SECONDS,5,5,nearest_lower,1
kie,kling,kling,https://docs.kie.ai/market/kling/image-to-video.md,paths.post.input.duration,DURATION_SECONDS,6,5,nearest_lower,1
kie,kling,kling,https://docs.kie.ai/market/kling/image-to-video.md,paths.post.input.duration,DURATION_SECONDS,7,5,nearest_lower,1
kie,kling,kling,https://docs.kie.ai/market/kling/image-to-video.md,paths.post.input.duration,DURATION_SECONDS,8,5,nearest_lower,1
kie,kling,kling,https://docs.kie.ai/market/kling/image-to-video.md,paths.post.input.duration,DURATION_SECONDS,9,5,nearest_lower,1
kie,kling/kling-3-0,kling/kling-3-0,https://docs.kie.ai/market/kling/kling-3-0.md,paths.post.input.duration,DURATION_SECONDS,10,10,nearest_lower,1
kie,kling/kling-3-0,kling/kling-3-0,https://docs.kie.ai/market/kling/kling-3-0.md,paths.post.input.duration,DURATION_SECONDS,11,11,nearest_lower,1
kie,kling/kling-3-0,kling/kling-3-0,https://docs.kie.ai/market/kling/kling-3-0.md,paths.post.input.duration,DURATION_SECONDS,12,12,nearest_lower,1
kie,kling/kling-3-0,kling/kling-3-0,https://docs.kie.ai/market/kling/kling-3-0.md,paths.post.input.duration,DURATION_SECONDS,13,13,nearest_lower,1
kie,kling/kling-3-0,kling/kling-3-0,https://docs.kie.ai/market/kling/kling-3-0.md,paths.post.input.duration,DURATION_SECONDS,14,14,nearest_lower,1
kie,kling/kling-3-0,kling/kling-3-0,https://docs.kie.ai/market/kling/kling-3-0.md,paths.post.input.duration,DURATION_SECONDS,15,15,nearest_lower,1
kie,kling/kling-3-0,kling/kling-3-0,https://docs.kie.ai/market/kling/kling-3-0.md,paths.post.input.duration,DURATION_SECONDS,25,15,nearest_lower,1
kie,kling/kling-3-0,kling/kling-3-0,https://docs.kie.ai/market/kling/kling-3-0.md,paths.post.input.duration,DURATION_SECONDS,3,3,nearest_lower,1
kie,kling/kling-3-0,kling/kling-3-0,https://docs.kie.ai/market/kling/kling-3-0.md,paths.post.input.duration,DURATION_SECONDS,4,4,nearest_lower,1
kie,kling/kling-3-0,kling/kling-3-0,https://docs.kie.ai/market/kling/kling-3-0.md,paths.post.input.duration,DURATION_SECONDS,5,5,nearest_lower,1
kie,kling/kling-3-0,kling/kling-3-0,https://docs.kie.ai/market/kling/kling-3-0.md,paths.post.input.duration,DURATION_SECONDS,6,6,nearest_lower,1
kie,kling/kling-3-0,kling/kling-3-0,https://docs.kie.ai/market/kling/kling-3-0.md,paths.post.input.duration,DURATION_SECONDS,7,7,nearest_lower,1
kie,kling/kling-3-0,kling/kling-3-0,https://docs.kie.ai/market/kling/kling-3-0.md,paths.post.input.duration,DURATION_SECONDS,8,8,nearest_lower,1
kie,kling/kling-3-0,kling/kling-3-0,https://docs.kie.ai/market/kling/kling-3-0.md,paths.post.input.duration,DURATION_SECONDS,9,9,nearest_lower,1
kie,kling/v2-1-master,kling/v2-1-master,https://docs.kie.ai/market/kling/v2-1-master-image-to-video.md,paths.post.input.duration,DURATION_SECONDS,10,10,nearest_lower,1
kie,kling/v2-1-master,kling/v2-1-master,https://docs.kie.ai/market/kling/v2-1-master-image-to-video.md,paths.post.input.duration,DURATION_SECONDS,11,10,nearest_lower,1
kie,kling/v2-1-master,kling/v2-1-master,https://docs.kie.ai/market/kling/v2-1-master-image-to-video.md,paths.post.input.duration,DURATION_SECONDS,12,10,nearest_lower,1
kie,kling/v2-1-master,kling/v2-1-master,https://docs.kie.ai/market/kling/v2-1-master-image-to-video.md,paths.post.input.duration,DURATION_SECONDS,13,10,nearest_lower,1
kie,kling/v2-1-master,kling/v2-1-master,https://docs.kie.ai/market/kling/v2-1-master-image-to-video.md,paths.post.input.duration,DURATION_SECONDS,14,10,nearest_lower,1
kie,kling/v2-1-master,kling/v2-1-master,https://docs.kie.ai/market/kling/v2-1-master-image-to-video.md,paths.post.input.duration,DURATION_SECONDS,15,10,nearest_lower,1
kie,kling/v2-1-master,kling/v2-1-master,https://docs.kie.ai/market/kling/v2-1-master-image-to-video.md,paths.post.input.duration,DURATION_SECONDS,25,10,nearest_lower,1
kie,kling/v2-1-master,kling/v2-1-master,https://docs.kie.ai/market/kling/v2-1-master-image-to-video.md,paths.post.input.duration,DURATION_SECONDS,3,5,fallback_min,1
kie,kling/v2-1-master,kling/v2-1-master,https://docs.kie.ai/market/kling/v2-1-master-image-to-video.md,paths.post.input.duration,DURATION_SECONDS,4,5,fallback_min,1
kie,kling/v2-1-master,kling/v2-1-master,https://docs.kie.ai/market/kling/v2-1-master-image-to-video.md,paths.post.input.duration,DURATION_SECONDS,5,5,nearest_lower,1
kie,kling/v2-1-master,kling/v2-1-master,https://docs.kie.ai/market/kling/v2-1-master-image-to-video.md,paths.post.input.duration,DURATION_SECONDS,6,5,nearest_lower,1
kie,kling/v2-1-master,kling/v2-1-master,https://docs.kie.ai/market/kling/v2-1-master-image-to-video.md,paths.post.input.duration,DURATION_SECONDS,7,5,nearest_lower,1
kie,kling/v2-1-master,kling/v2-1-master,https://docs.kie.ai/market/kling/v2-1-master-image-to-video.md,paths.post.input.duration,DURATION_SECONDS,8,5,nearest_lower,1
kie,kling/v2-1-master,kling/v2-1-master,https://docs.kie.ai/market/kling/v2-1-master-image-to-video.md,paths.post.input.duration,DURATION_SECONDS,9,5,nearest_lower,1
kie,kling/v2-1-pro,kling/v2-1-pro,https://docs.kie.ai/market/kling/v2-1-pro.md,paths.post.input.duration,DURATION_SECONDS,10,10,nearest_lower,1
kie,kling/v2-1-pro,kling/v2-1-pro,https://docs.kie.ai/market/kling/v2-1-pro.md,paths.post.input.duration,DURATION_SECONDS,11,10,nearest_lower,1
kie,kling/v2-1-pro,kling/v2-1-pro,https://docs.kie.ai/market/kling/v2-1-pro.md,paths.post.input.duration,DURATION_SECONDS,12,10,nearest_lower,1
kie,kling/v2-1-pro,kling/v2-1-pro,https://docs.kie.ai/market/kling/v2-1-pro.md,paths.post.input.duration,DURATION_SECONDS,13,10,nearest_lower,1
kie,kling/v2-1-pro,kling/v2-1-pro,https://docs.kie.ai/market/kling/v2-1-pro.md,paths.post.input.duration,DURATION_SECONDS,14,10,nearest_lower,1
kie,kling/v2-1-pro,kling/v2-1-pro,https://docs.kie.ai/market/kling/v2-1-pro.md,paths.post.input.duration,DURATION_SECONDS,15,10,nearest_lower,1
kie,kling/v2-1-pro,kling/v2-1-pro,https://docs.kie.ai/market/kling/v2-1-pro.md,paths.post.input.duration,DURATION_SECONDS,25,10,nearest_lower,1
kie,kling/v2-1-pro,kling/v2-1-pro,https://docs.kie.ai/market/kling/v2-1-pro.md,paths.post.input.duration,DURATION_SECONDS,3,5,fallback_min,1
kie,kling/v2-1-pro,kling/v2-1-pro,https://docs.kie.ai/market/kling/v2-1-pro.md,paths.post.input.duration,DURATION_SECONDS,4,5,fallback_min,1
kie,kling/v2-1-pro,kling/v2-1-pro,https://docs.kie.ai/market/kling/v2-1-pro.md,paths.post.input.duration,DURATION_SECONDS,5,5,nearest_lower,1
kie,kling/v2-1-pro,kling/v2-1-pro,https://docs.kie.ai/market/kling/v2-1-pro.md,paths.post.input.duration,DURATION_SECONDS,6,5,nearest_lower,1
kie,kling/v2-1-pro,kling/v2-1-pro,https://docs.kie.ai/market/kling/v2-1-pro.md,paths.post.input.duration,DURATION_SECONDS,7,5,nearest_lower,1
kie,kling/v2-1-pro,kling/v2-1-pro,https://docs.kie.ai/market/kling/v2-1-pro.md,paths.post.input.duration,DURATION_SECONDS,8,5,nearest_lower,1
kie,kling/v2-1-pro,kling/v2-1-pro,https://docs.kie.ai/market/kling/v2-1-pro.md,paths.post.input.duration,DURATION_SECONDS,9,5,nearest_lower,1
kie,kling/v2-1-standard,kling/v2-1-standard,https://docs.kie.ai/market/kling/v2-1-standard.md,paths.post.input.duration,DURATION_SECONDS,10,10,nearest_lower,1
kie,kling/v2-1-standard,kling/v2-1-standard,https://docs.kie.ai/market/kling/v2-1-standard.md,paths.post.input.duration,DURATION_SECONDS,11,10,nearest_lower,1
kie,kling/v2-1-standard,kling/v2-1-standard,https://docs.kie.ai/market/kling/v2-1-standard.md,paths.post.input.duration,DURATION_SECONDS,12,10,nearest_lower,1
kie,kling/v2-1-standard,kling/v2-1-standard,https://docs.kie.ai/market/kling/v2-1-standard.md,paths.post.input.duration,DURATION_SECONDS,13,10,nearest_lower,1
kie,kling/v2-1-standard,kling/v2-1-standard,https://docs.kie.ai/market/kling/v2-1-standard.md,paths.post.input.duration,DURATION_SECONDS,14,10,nearest_lower,1
kie,kling/v2-1-standard,kling/v2-1-standard,https://docs.kie.ai/market/kling/v2-1-standard.md,paths.post.input.duration,DURATION_SECONDS,15,10,nearest_lower,1
kie,kling/v2-1-standard,kling/v2-1-standard,https://docs.kie.ai/market/kling/v2-1-standard.md,paths.post.input.duration,DURATION_SECONDS,25,10,nearest_lower,1
kie,kling/v2-1-standard,kling/v2-1-standard,https://docs.kie.ai/market/kling/v2-1-standard.md,paths.post.input.duration,DURATION_SECONDS,3,5,fallback_min,1
kie,kling/v2-1-standard,kling/v2-1-standard,https://docs.kie.ai/market/kling/v2-1-standard.md,paths.post.input.duration,DURATION_SECONDS,4,5,fallback_min,1
kie,kling/v2-1-standard,kling/v2-1-standard,https://docs.kie.ai/market/kling/v2-1-standard.md,paths.post.input.duration,DURATION_SECONDS,5,5,nearest_lower,1
kie,kling/v2-1-standard,kling/v2-1-standard,https://docs.kie.ai/market/kling/v2-1-standard.md,paths.post.input.duration,DURATION_SECONDS,6,5,nearest_lower,1
kie,kling/v2-1-standard,kling/v2-1-standard,https://docs.kie.ai/market/kling/v2-1-standard.md,paths.post.input.duration,DURATION_SECONDS,7,5,nearest_lower,1
kie,kling/v2-1-standard,kling/v2-1-standard,https://docs.kie.ai/market/kling/v2-1-standard.md,paths.post.input.duration,DURATION_SECONDS,8,5,nearest_lower,1
kie,kling/v2-1-standard,kling/v2-1-standard,https://docs.kie.ai/market/kling/v2-1-standard.md,paths.post.input.duration,DURATION_SECONDS,9,5,nearest_lower,1
kie,kling/v25-turbo-image-to-video-pro,kling/v25-turbo-image-to-video-pro,https://docs.kie.ai/market/kling/v25-turbo-image-to-video-pro.md,paths.post.input.duration,DURATION_SECONDS,10,10,nearest_lower,1
kie,kling/v25-turbo-image-to-video-pro,kling/v25-turbo-image-to-video-pro,https://docs.kie.ai/market/kling/v25-turbo-image-to-video-pro.md,paths.post.input.duration,DURATION_SECONDS,11,10,nearest_lower,1
kie,kling/v25-turbo-image-to-video-pro,kling/v25-turbo-image-to-video-pro,https://docs.kie.ai/market/kling/v25-turbo-image-to-video-pro.md,paths.post.input.duration,DURATION_SECONDS,12,10,nearest_lower,1
kie,kling/v25-turbo-image-to-video-pro,kling/v25-turbo-image-to-video-pro,https://docs.kie.ai/market/kling/v25-turbo-image-to-video-pro.md,paths.post.input.duration,DURATION_SECONDS,13,10,nearest_lower,1
kie,kling/v25-turbo-image-to-video-pro,kling/v25-turbo-image-to-video-pro,https://docs.kie.ai/market/kling/v25-turbo-image-to-video-pro.md,paths.post.input.duration,DURATION_SECONDS,14,10,nearest_lower,1
kie,kling/v25-turbo-image-to-video-pro,kling/v25-turbo-image-to-video-pro,https://docs.kie.ai/market/kling/v25-turbo-image-to-video-pro.md,paths.post.input.duration,DURATION_SECONDS,15,10,nearest_lower,1
kie,kling/v25-turbo-image-to-video-pro,kling/v25-turbo-image-to-video-pro,https://docs.kie.ai/market/kling/v25-turbo-image-to-video-pro.md,paths.post.input.duration,DURATION_SECONDS,25,10,nearest_lower,1
kie,kling/v25-turbo-image-to-video-pro,kling/v25-turbo-image-to-video-pro,https://docs.kie.ai/market/kling/v25-turbo-image-to-video-pro.md,paths.post.input.duration,DURATION_SECONDS,3,5,fallback_min,1
kie,kling/v25-turbo-image-to-video-pro,kling/v25-turbo-image-to-video-pro,https://docs.kie.ai/market/kling/v25-turbo-image-to-video-pro.md,paths.post.input.duration,DURATION_SECONDS,4,5,fallback_min,1
kie,kling/v25-turbo-image-to-video-pro,kling/v25-turbo-image-to-video-pro,https://docs.kie.ai/market/kling/v25-turbo-image-to-video-pro.md,paths.post.input.duration,DURATION_SECONDS,5,5,nearest_lower,1
kie,kling/v25-turbo-image-to-video-pro,kling/v25-turbo-image-to-video-pro,https://docs.kie.ai/market/kling/v25-turbo-image-to-video-pro.md,paths.post.input.duration,DURATION_SECONDS,6,5,nearest_lower,1
kie,kling/v25-turbo-image-to-video-pro,kling/v25-turbo-image-to-video-pro,https://docs.kie.ai/market/kling/v25-turbo-image-to-video-pro.md,paths.post.input.duration,DURATION_SECONDS,7,5,nearest_lower,1
kie,kling/v25-turbo-image-to-video-pro,kling/v25-turbo-image-to-video-pro,https://docs.kie.ai/market/kling/v25-turbo-image-to-video-pro.md,paths.post.input.duration,DURATION_SECONDS,8,5,nearest_lower,1
kie,kling/v25-turbo-image-to-video-pro,kling/v25-turbo-image-to-video-pro,https://docs.kie.ai/market/kling/v25-turbo-image-to-video-pro.md,paths.post.input.duration,DURATION_SECONDS,9,5,nearest_lower,1
kie,kling/v25-turbo-text-to-video-pro,kling/v25-turbo-text-to-video-pro,https://docs.kie.ai/market/kling/v25-turbo-text-to-video-pro.md,paths.post.input.duration,DURATION_SECONDS,10,10,nearest_lower,1
kie,kling/v25-turbo-text-to-video-pro,kling/v25-turbo-text-to-video-pro,https://docs.kie.ai/market/kling/v25-turbo-text-to-video-pro.md,paths.post.input.duration,DURATION_SECONDS,11,10,nearest_lower,1
kie,kling/v25-turbo-text-to-video-pro,kling/v25-turbo-text-to-video-pro,https://docs.kie.ai/market/kling/v25-turbo-text-to-video-pro.md,paths.post.input.duration,DURATION_SECONDS,12,10,nearest_lower,1
kie,kling/v25-turbo-text-to-video-pro,kling/v25-turbo-text-to-video-pro,https://docs.kie.ai/market/kling/v25-turbo-text-to-video-pro.md,paths.post.input.duration,DURATION_SECONDS,13,10,nearest_lower,1
kie,kling/v25-turbo-text-to-video-pro,kling/v25-turbo-text-to-video-pro,https://docs.kie.ai/market/kling/v25-turbo-text-to-video-pro.md,paths.post.input.duration,DURATION_SECONDS,14,10,nearest_lower,1
kie,kling/v25-turbo-text-to-video-pro,kling/v25-turbo-text-to-video-pro,https://docs.kie.ai/market/kling/v25-turbo-text-to-video-pro.md,paths.post.input.duration,DURATION_SECONDS,15,10,nearest_lower,1
kie,kling/v25-turbo-text-to-video-pro,kling/v25-turbo-text-to-video-pro,https://docs.kie.ai/market/kling/v25-turbo-text-to-video-pro.md,paths.post.input.duration,DURATION_SECONDS,25,10,nearest_lower,1
kie,kling/v25-turbo-text-to-video-pro,kling/v25-turbo-text-to-video-pro,https://docs.kie.ai/market/kling/v25-turbo-text-to-video-pro.md,paths.post.input.duration,DURATION_SECONDS,3,5,fallback_min,1
kie,kling/v25-turbo-text-to-video-pro,kling/v25-turbo-text-to-video-pro,https://docs.kie.ai/market/kling/v25-turbo-text-to-video-pro.md,paths.post.input.duration,DURATION_SECONDS,4,5,fallback_min,1
kie,kling/v25-turbo-text-to-video-pro,kling/v25-turbo-text-to-video-pro,https://docs.kie.ai/market/kling/v25-turbo-text-to-video-pro.md,paths.post.input.duration,DURATION_SECONDS,5,5,nearest_lower,1
kie,kling/v25-turbo-text-to-video-pro,kling/v25-turbo-text-to-video-pro,https://docs.kie.ai/market/kling/v25-turbo-text-to-video-pro.md,paths.post.input.duration,DURATION_SECONDS,6,5,nearest_lower,1
kie,kling/v25-turbo-text-to-video-pro,kling/v25-turbo-text-to-video-pro,https://docs.kie.ai/market/kling/v25-turbo-text-to-video-pro.md,paths.post.input.duration,DURATION_SECONDS,7,5,nearest_lower,1
kie,kling/v25-turbo-text-to-video-pro,kling/v25-turbo-text-to-video-pro,https://docs.kie.ai/market/kling/v25-turbo-text-to-video-pro.md,paths.post.input.duration,DURATION_SECONDS,8,5,nearest_lower,1
kie,kling/v25-turbo-text-to-video-pro,kling/v25-turbo-text-to-video-pro,https://docs.kie.ai/market/kling/v25-turbo-text-to-video-pro.md,paths.post.input.duration,DURATION_SECONDS,9,5,nearest_lower,1
kie,sora-2-pro-storyboard,sora-2-pro-storyboard,https://docs.kie.ai/market/sora-2-pro-storyboard.md,paths.post.input.n_frames,DURATION_SECONDS,10,10,nearest_lower,1
kie,sora-2-pro-storyboard,sora-2-pro-storyboard,https://docs.kie.ai/market/sora-2-pro-storyboard.md,paths.post.input.n_frames,DURATION_SECONDS,11,10,nearest_lower,1
kie,sora-2-pro-storyboard,sora-2-pro-storyboard,https://docs.kie.ai/market/sora-2-pro-storyboard.md,paths.post.input.n_frames,DURATION_SECONDS,12,10,nearest_lower,1
kie,sora-2-pro-storyboard,sora-2-pro-storyboard,https://docs.kie.ai/market/sora-2-pro-storyboard.md,paths.post.input.n_frames,DURATION_SECONDS,13,10,nearest_lower,1
kie,sora-2-pro-storyboard,sora-2-pro-storyboard,https://docs.kie.ai/market/sora-2-pro-storyboard.md,paths.post.input.n_frames,DURATION_SECONDS,14,10,nearest_lower,1
kie,sora-2-pro-storyboard,sora-2-pro-storyboard,https://docs.kie.ai/market/sora-2-pro-storyboard.md,paths.post.input.n_frames,DURATION_SECONDS,15,15,nearest_lower,1
kie,sora-2-pro-storyboard,sora-2-pro-storyboard,https://docs.kie.ai/market/sora-2-pro-storyboard.md,paths.post.input.n_frames,DURATION_SECONDS,25,25,nearest_lower,1
kie,sora-2-pro-storyboard,sora-2-pro-storyboard,https://docs.kie.ai/market/sora-2-pro-storyboard.md,paths.post.input.n_frames,DURATION_SECONDS,3,10,fallback_min,1
kie,sora-2-pro-storyboard,sora-2-pro-storyboard,https://docs.kie.ai/market/sora-2-pro-storyboard.md,paths.post.input.n_frames,DURATION_SECONDS,4,10,fallback_min,1
kie,sora-2-pro-storyboard,sora-2-pro-storyboard,https://docs.kie.ai/market/sora-2-pro-storyboard.md,paths.post.input.n_frames,DURATION_SECONDS,5,10,fallback_min,1
kie,sora-2-pro-storyboard,sora-2-pro-storyboard,https://docs.kie.ai/market/sora-2-pro-storyboard.md,paths.post.input.n_frames,DURATION_SECONDS,6,10,fallback_min,1
kie,sora-2-pro-storyboard,sora-2-pro-storyboard,https://docs.kie.ai/market/sora-2-pro-storyboard.md,paths.post.input.n_frames,DURATION_SECONDS,7,10,fallback_min,1
kie,sora-2-pro-storyboard,sora-2-pro-storyboard,https://docs.kie.ai/market/sora-2-pro-storyboard.md,paths.post.input.n_frames,DURATION_SECONDS,8,10,fallback_min,1
kie,sora-2-pro-storyboard,sora-2-pro-storyboard,https://docs.kie.ai/market/sora-2-pro-storyboard.md,paths.post.input.n_frames,DURATION_SECONDS,9,10,fallback_min,1
kie,sora2/sora-2,sora2/sora-2,https://docs.kie.ai/market/sora2/sora-2-image-to-video.md,paths.post.input.n_frames,DURATION_SECONDS,10,10,nearest_lower,1
kie,sora2/sora-2,sora2/sora-2,https://docs.kie.ai/market/sora2/sora-2-image-to-video.md,paths.post.input.n_frames,DURATION_SECONDS,11,10,nearest_lower,1
kie,sora2/sora-2,sora2/sora-2,https://docs.kie.ai/market/sora2/sora-2-image-to-video.md,paths.post.input.n_frames,DURATION_SECONDS,12,10,nearest_lower,1
kie,sora2/sora-2,sora2/sora-2,https://docs.kie.ai/market/sora2/sora-2-image-to-video.md,paths.post.input.n_frames,DURATION_SECONDS,13,10,nearest_lower,1
kie,sora2/sora-2,sora2/sora-2,https://docs.kie.ai/market/sora2/sora-2-image-to-video.md,paths.post.input.n_frames,DURATION_SECONDS,14,10,nearest_lower,1
kie,sora2/sora-2,sora2/sora-2,https://docs.kie.ai/market/sora2/sora-2-image-to-video.md,paths.post.input.n_frames,DURATION_SECONDS,15,15,nearest_lower,1
kie,sora2/sora-2,sora2/sora-2,https://docs.kie.ai/market/sora2/sora-2-image-to-video.md,paths.post.input.n_frames,DURATION_SECONDS,25,15,nearest_lower,1
kie,sora2/sora-2,sora2/sora-2,https://docs.kie.ai/market/sora2/sora-2-image-to-video.md,paths.post.input.n_frames,DURATION_SECONDS,3,10,fallback_min,1
kie,sora2/sora-2,sora2/sora-2,https://docs.kie.ai/market/sora2/sora-2-image-to-video.md,paths.post.input.n_frames,DURATION_SECONDS,4,10,fallback_min,1
kie,sora2/sora-2,sora2/sora-2,https://docs.kie.ai/market/sora2/sora-2-image-to-video.md,paths.post.input.n_frames,DURATION_SECONDS,5,10,fallback_min,1
kie,sora2/sora-2,sora2/sora-2,https://docs.kie.ai/market/sora2/sora-2-image-to-video.md,paths.post.input.n_frames,DURATION_SECONDS,6,10,fallback_min,1
kie,sora2/sora-2,sora2/sora-2,https://docs.kie.ai/market/sora2/sora-2-image-to-video.md,paths.post.input.n_frames,DURATION_SECONDS,7,10,fallback_min,1
kie,sora2/sora-2,sora2/sora-2,https://docs.kie.ai/market/sora2/sora-2-image-to-video.md,paths.post.input.n_frames,DURATION_SECONDS,8,10,fallback_min,1
kie,sora2/sora-2,sora2/sora-2,https://docs.kie.ai/market/sora2/sora-2-image-to-video.md,paths.post.input.n_frames,DURATION_SECONDS,9,10,fallback_min,1
kie,sora2/sora-2-pro,sora2/sora-2-pro,https://docs.kie.ai/market/sora2/sora-2-pro-image-to-video.md,paths.post.input.n_frames,DURATION_SECONDS,10,10,nearest_lower,1
kie,sora2/sora-2-pro,sora2/sora-2-pro,https://docs.kie.ai/market/sora2/sora-2-pro-image-to-video.md,paths.post.input.n_frames,DURATION_SECONDS,11,10,nearest_lower,1
kie,sora2/sora-2-pro,sora2/sora-2-pro,https://docs.kie.ai/market/sora2/sora-2-pro-image-to-video.md,paths.post.input.n_frames,DURATION_SECONDS,12,10,nearest_lower,1
kie,sora2/sora-2-pro,sora2/sora-2-pro,https://docs.kie.ai/market/sora2/sora-2-pro-image-to-video.md,paths.post.input.n_frames,DURATION_SECONDS,13,10,nearest_lower,1
kie,sora2/sora-2-pro,sora2/sora-2-pro,https://docs.kie.ai/market/sora2/sora-2-pro-image-to-video.md,paths.post.input.n_frames,DURATION_SECONDS,14,10,nearest_lower,1
kie,sora2/sora-2-pro,sora2/sora-2-pro,https://docs.kie.ai/market/sora2/sora-2-pro-image-to-video.md,paths.post.input.n_frames,DURATION_SECONDS,15,15,nearest_lower,1
kie,sora2/sora-2-pro,sora2/sora-2-pro,https://docs.kie.ai/market/sora2/sora-2-pro-image-to-video.md,paths.post.input.n_frames,DURATION_SECONDS,25,15,nearest_lower,1
kie,sora2/sora-2-pro,sora2/sora-2-pro,https://docs.kie.ai/market/sora2/sora-2-pro-image-to-video.md,paths.post.input.n_frames,DURATION_SECONDS,3,10,fallback_min,1
kie,sora2/sora-2-pro,sora2/sora-2-pro,https://docs.kie.ai/market/sora2/sora-2-pro-image-to-video.md,paths.post.input.n_frames,DURATION_SECONDS,4,10,fallback_min,1
kie,sora2/sora-2-pro,sora2/sora-2-pro,https://docs.kie.ai/market/sora2/sora-2-pro-image-to-video.md,paths.post.input.n_frames,DURATION_SECONDS,5,10,fallback_min,1
kie,sora2/sora-2-pro,sora2/sora-2-pro,https://docs.kie.ai/market/sora2/sora-2-pro-image-to-video.md,paths.post.input.n_frames,DURATION_SECONDS,6,10,fallback_min,1
kie,sora2/sora-2-pro,sora2/sora-2-pro,https://docs.kie.ai/market/sora2/sora-2-pro-image-to-video.md,paths.post.input.n_frames,DURATION_SECONDS,7,10,fallback_min,1
kie,sora2/sora-2-pro,sora2/sora-2-pro,https://docs.kie.ai/market/sora2/sora-2-pro-image-to-video.md,paths.post.input.n_frames,DURATION_SECONDS,8,10,fallback_min,1
kie,sora2/sora-2-pro,sora2/sora-2-pro,https://docs.kie.ai/market/sora2/sora-2-pro-image-to-video.md,paths.post.input.n_frames,DURATION_SECONDS,9,10,fallback_min,1
kie,wan/2-6,wan/2-6,https://docs.kie.ai/market/wan/2-6-image-to-video.md,paths.post.input.duration,DURATION_SECONDS,10,10,nearest_lower,1
kie,wan/2-6,wan/2-6,https://docs.kie.ai/market/wan/2-6-image-to-video.md,paths.post.input.duration,DURATION_SECONDS,11,10,nearest_lower,1
kie,wan/2-6,wan/2-6,https://docs.kie.ai/market/wan/2-6-image-to-video.md,paths.post.input.duration,DURATION_SECONDS,12,10,nearest_lower,1
kie,wan/2-6,wan/2-6,https://docs.kie.ai/market/wan/2-6-image-to-video.md,paths.post.input.duration,DURATION_SECONDS,13,10,nearest_lower,1
kie,wan/2-6,wan/2-6,https://docs.kie.ai/market/wan/2-6-image-to-video.md,paths.post.input.duration,DURATION_SECONDS,14,10,nearest_lower,1
kie,wan/2-6,wan/2-6,https://docs.kie.ai/market/wan/2-6-image-to-video.md,paths.post.input.duration,DURATION_SECONDS,15,15,nearest_lower,1
kie,wan/2-6,wan/2-6,https://docs.kie.ai/market/wan/2-6-image-to-video.md,paths.post.input.duration,DURATION_SECONDS,25,15,nearest_lower,1
kie,wan/2-6,wan/2-6,https://docs.kie.ai/market/wan/2-6-image-to-video.md,paths.post.input.duration,DURATION_SECONDS,3,5,fallback_min,1
kie,wan/2-6,wan/2-6,https://docs.kie.ai/market/wan/2-6-image-to-video.md,paths.post.input.duration,DURATION_SECONDS,4,5,fallback_min,1
kie,wan/2-6,wan/2-6,https://docs.kie.ai/market/wan/2-6-image-to-video.md,paths.post.input.duration,DURATION_SECONDS,5,5,nearest_lower,1
kie,wan/2-6,wan/2-6,https://docs.kie.ai/market/wan/2-6-image-to-video.md,paths.post.input.duration,DURATION_SECONDS,6,5,nearest_lower,1
kie,wan/2-6,wan/2-6,https://docs.kie.ai/market/wan/2-6-image-to-video.md,paths.post.input.duration,DURATION_SECONDS,7,5,nearest_lower,1
kie,wan/2-6,wan/2-6,https://docs.kie.ai/market/wan/2-6-image-to-video.md,paths.post.input.duration,DURATION_SECONDS,8,5,nearest_lower,1
kie,wan/2-6,wan/2-6,https://docs.kie.ai/market/wan/2-6-image-to-video.md,paths.post.input.duration,DURATION_SECONDS,9,5,nearest_lower,1
kie,wan/2-6-flash,wan/2-6-flash,https://docs.kie.ai/market/wan/2-6-flash-image-to-video.md,paths.post.input.duration,DURATION_SECONDS,10,10,nearest_lower,1
kie,wan/2-6-flash,wan/2-6-flash,https://docs.kie.ai/market/wan/2-6-flash-image-to-video.md,paths.post.input.duration,DURATION_SECONDS,11,10,nearest_lower,1
kie,wan/2-6-flash,wan/2-6-flash,https://docs.kie.ai/market/wan/2-6-flash-image-to-video.md,paths.post.input.duration,DURATION_SECONDS,12,10,nearest_lower,1
kie,wan/2-6-flash,wan/2-6-flash,https://docs.kie.ai/market/wan/2-6-flash-image-to-video.md,paths.post.input.duration,DURATION_SECONDS,13,10,nearest_lower,1
kie,wan/2-6-flash,wan/2-6-flash,https://docs.kie.ai/market/wan/2-6-flash-image-to-video.md,paths.post.input.duration,DURATION_SECONDS,14,10,nearest_lower,1
kie,wan/2-6-flash,wan/2-6-flash,https://docs.kie.ai/market/wan/2-6-flash-image-to-video.md,paths.post.input.duration,DURATION_SECONDS,15,15,nearest_lower,1
kie,wan/2-6-flash,wan/2-6-flash,https://docs.kie.ai/market/wan/2-6-flash-image-to-video.md,paths.post.input.duration,DURATION_SECONDS,25,15,nearest_lower,1
kie,wan/2-6-flash,wan/2-6-flash,https://docs.kie.ai/market/wan/2-6-flash-image-to-video.md,paths.post.input.duration,DURATION_SECONDS,3,5,fallback_min,1
kie,wan/2-6-flash,wan/2-6-flash,https://docs.kie.ai/market/wan/2-6-flash-image-to-video.md,paths.post.input.duration,DURATION_SECONDS,4,5,fallback_min,1
kie,wan/2-6-flash,wan/2-6-flash,https://docs.kie.ai/market/wan/2-6-flash-image-to-video.md,paths.post.input.duration,DURATION_SECONDS,5,5,nearest_lower,1
kie,wan/2-6-flash,wan/2-6-flash,https://docs.kie.ai/market/wan/2-6-flash-image-to-video.md,paths.post.input.duration,DURATION_SECONDS,6,5,nearest_lower,1
kie,wan/2-6-flash,wan/2-6-flash,https://docs.kie.ai/market/wan/2-6-flash-image-to-video.md,paths.post.input.duration,DURATION_SECONDS,7,5,nearest_lower,1
kie,wan/2-6-flash,wan/2-6-flash,https://docs.kie.ai/market/wan/2-6-flash-image-to-video.md,paths.post.input.duration,DURATION_SECONDS,8,5,nearest_lower,1
kie,wan/2-6-flash,wan/2-6-flash,https://docs.kie.ai/market/wan/2-6-flash-image-to-video.md,paths.post.input.duration,DURATION_SECONDS,9,5,nearest_lower,1
kie,ideogram/character,ideogram/character,https://docs.kie.ai/market/ideogram/character.md,paths.post.input.image_size,IMAGE_SIZE_CLASS,SQUARE,square,exact,1
kie,ideogram/character-remix,ideogram/character-remix,https://docs.kie.ai/market/ideogram/character-remix.md,paths.post.input.image_size,IMAGE_SIZE_CLASS,SQUARE,square,exact,1
kie,ideogram/v3-reframe,ideogram/v3-reframe,https://docs.kie.ai/market/ideogram/v3-reframe.md,paths.post.input.image_size,IMAGE_SIZE_CLASS,SQUARE,square,exact,1
kie,qwen,qwen,https://docs.kie.ai/market/qwen/image-edit.md,paths.post.input.image_size,IMAGE_SIZE_CLASS,SQUARE,square,exact,1
kie,seedream/seedream,seedream/seedream,https://docs.kie.ai/market/seedream/seedream.md,paths.post.input.image_size,IMAGE_SIZE_CLASS,SQUARE,square,exact,1
kie,seedream/seedream-v4,seedream/seedream-v4,https://docs.kie.ai/market/seedream/seedream-v4-text-to-image.md,paths.post.input.image_size,IMAGE_SIZE_CLASS,SQUARE,square,exact,1
kie,seedream/seedream-v4-edit,seedream/seedream-v4-edit,https://docs.kie.ai/market/seedream/seedream-v4-edit.md,paths.post.input.image_size,IMAGE_SIZE_CLASS,SQUARE,square,exact,1
kie,grok-imagine,grok-imagine,https://docs.kie.ai/market/grok-imagine/image-to-video.md,paths.post.input.mode,MODE,FUN,fun,exact,1
kie,grok-imagine,grok-imagine,https://docs.kie.ai/market/grok-imagine/image-to-video.md,paths.post.input.mode,MODE,NORMAL,normal,exact,1
kie,grok-imagine,grok-imagine,https://docs.kie.ai/market/grok-imagine/image-to-video.md,paths.post.input.mode,MODE,PRO,fun,fallback_baseline,1
kie,grok-imagine,grok-imagine,https://docs.kie.ai/market/grok-imagine/image-to-video.md,paths.post.input.mode,MODE,SPICY,spicy,exact,1
kie,grok-imagine,grok-imagine,https://docs.kie.ai/market/grok-imagine/image-to-video.md,paths.post.input.mode,MODE,STANDARD,fun,fallback_baseline,1
kie,kling/kling-3-0,kling/kling-3-0,https://docs.kie.ai/market/kling/kling-3-0.md,paths.post.input.mode,MODE,FUN,pro,fallback_baseline,1
kie,kling/kling-3-0,kling/kling-3-0,https://docs.kie.ai/market/kling/kling-3-0.md,paths.post.input.mode,MODE,NORMAL,pro,fallback_baseline,1
kie,kling/kling-3-0,kling/kling-3-0,https://docs.kie.ai/market/kling/kling-3-0.md,paths.post.input.mode,MODE,PRO,pro,exact,1
kie,kling/kling-3-0,kling/kling-3-0,https://docs.kie.ai/market/kling/kling-3-0.md,paths.post.input.mode,MODE,SPICY,pro,fallback_baseline,1
kie,kling/kling-3-0,kling/kling-3-0,https://docs.kie.ai/market/kling/kling-3-0.md,paths.post.input.mode,MODE,STANDARD,std,semantic_alias,1
kie,google/imagen4-fast,google/imagen4-fast,https://docs.kie.ai/market/google/imagen4-fast.md,paths.post.input.num_images,NUM_IMAGES,1,1,nearest_lower,1
kie,google/imagen4-fast,google/imagen4-fast,https://docs.kie.ai/market/google/imagen4-fast.md,paths.post.input.num_images,NUM_IMAGES,2,2,nearest_lower,1
kie,google/imagen4-fast,google/imagen4-fast,https://docs.kie.ai/market/google/imagen4-fast.md,paths.post.input.num_images,NUM_IMAGES,3,3,nearest_lower,1
kie,google/imagen4-fast,google/imagen4-fast,https://docs.kie.ai/market/google/imagen4-fast.md,paths.post.input.num_images,NUM_IMAGES,4,4,nearest_lower,1
kie,ideogram/character,ideogram/character,https://docs.kie.ai/market/ideogram/character.md,paths.post.input.num_images,NUM_IMAGES,1,1,nearest_lower,1
kie,ideogram/character,ideogram/character,https://docs.kie.ai/market/ideogram/character.md,paths.post.input.num_images,NUM_IMAGES,2,2,nearest_lower,1
kie,ideogram/character,ideogram/character,https://docs.kie.ai/market/ideogram/character.md,paths.post.input.num_images,NUM_IMAGES,3,3,nearest_lower,1
kie,ideogram/character,ideogram/character,https://docs.kie.ai/market/ideogram/character.md,paths.post.input.num_images,NUM_IMAGES,4,4,nearest_lower,1
kie,ideogram/character-edit,ideogram/character-edit,https://docs.kie.ai/market/ideogram/character-edit.md,paths.post.input.num_images,NUM_IMAGES,1,1,nearest_lower,1
kie,ideogram/character-edit,ideogram/character-edit,https://docs.kie.ai/market/ideogram/character-edit.md,paths.post.input.num_images,NUM_IMAGES,2,2,nearest_lower,1
kie,ideogram/character-edit,ideogram/character-edit,https://docs.kie.ai/market/ideogram/character-edit.md,paths.post.input.num_images,NUM_IMAGES,3,3,nearest_lower,1
kie,ideogram/character-edit,ideogram/character-edit,https://docs.kie.ai/market/ideogram/character-edit.md,paths.post.input.num_images,NUM_IMAGES,4,4,nearest_lower,1
kie,ideogram/character-remix,ideogram/character-remix,https://docs.kie.ai/market/ideogram/character-remix.md,paths.post.input.num_images,NUM_IMAGES,1,1,nearest_lower,1
kie,ideogram/character-remix,ideogram/character-remix,https://docs.kie.ai/market/ideogram/character-remix.md,paths.post.input.num_images,NUM_IMAGES,2,2,nearest_lower,1
kie,ideogram/character-remix,ideogram/character-remix,https://docs.kie.ai/market/ideogram/character-remix.md,paths.post.input.num_images,NUM_IMAGES,3,3,nearest_lower,1
kie,ideogram/character-remix,ideogram/character-remix,https://docs.kie.ai/market/ideogram/character-remix.md,paths.post.input.num_images,NUM_IMAGES,4,4,nearest_lower,1
kie,ideogram/v3-reframe,ideogram/v3-reframe,https://docs.kie.ai/market/ideogram/v3-reframe.md,paths.post.input.num_images,NUM_IMAGES,1,1,nearest_lower,1
kie,ideogram/v3-reframe,ideogram/v3-reframe,https://docs.kie.ai/market/ideogram/v3-reframe.md,paths.post.input.num_images,NUM_IMAGES,2,2,nearest_lower,1
kie,ideogram/v3-reframe,ideogram/v3-reframe,https://docs.kie.ai/market/ideogram/v3-reframe.md,paths.post.input.num_images,NUM_IMAGES,3,3,nearest_lower,1
kie,ideogram/v3-reframe,ideogram/v3-reframe,https://docs.kie.ai/market/ideogram/v3-reframe.md,paths.post.input.num_images,NUM_IMAGES,4,4,nearest_lower,1
kie,qwen,qwen,https://docs.kie.ai/market/qwen/image-edit.md,paths.post.input.num_images,NUM_IMAGES,1,1,nearest_lower,1
kie,qwen,qwen,https://docs.kie.ai/market/qwen/image-edit.md,paths.post.input.num_images,NUM_IMAGES,2,2,nearest_lower,1
kie,qwen,qwen,https://docs.kie.ai/market/qwen/image-edit.md,paths.post.input.num_images,NUM_IMAGES,3,3,nearest_lower,1
kie,qwen,qwen,https://docs.kie.ai/market/qwen/image-edit.md,paths.post.input.num_images,NUM_IMAGES,4,4,nearest_lower,1
kie,flux-kontext-api/generate-or-edit-image,flux-kontext-api/generate-or-edit-image,https://docs.kie.ai/flux-kontext-api/generate-or-edit-image.md,paths.post.input.output_format,OUTPUT_FORMAT,JPEG,jpeg,exact,1
kie,flux-kontext-api/generate-or-edit-image,flux-kontext-api/generate-or-edit-image,https://docs.kie.ai/flux-kontext-api/generate-or-edit-image.md,paths.post.input.output_format,OUTPUT_FORMAT,PNG,png,exact,1
kie,qwen,qwen,https://docs.kie.ai/market/qwen/image-edit.md,paths.post.input.output_format,OUTPUT_FORMAT,JPEG,jpeg,exact,1
kie,qwen,qwen,https://docs.kie.ai/market/qwen/image-edit.md,paths.post.input.output_format,OUTPUT_FORMAT,PNG,png,exact,1
kie,gpt-image/1-5,gpt-image/1-5,https://docs.kie.ai/market/gpt-image/1-5-image-to-image.md,paths.post.input.quality,QUALITY_LEVEL,BASIC,high,fallback_baseline,1
kie,gpt-image/1-5,gpt-image/1-5,https://docs.kie.ai/market/gpt-image/1-5-image-to-image.md,paths.post.input.quality,QUALITY_LEVEL,HIGH,high,exact,1
kie,gpt-image/1-5,gpt-image/1-5,https://docs.kie.ai/market/gpt-image/1-5-image-to-image.md,paths.post.input.quality,QUALITY_LEVEL,MEDIUM,medium,exact,1
kie,seedream/4-5,seedream/4-5,https://docs.kie.ai/market/seedream/4-5-text-to-image.md,paths.post.input.quality,QUALITY_LEVEL,BASIC,basic,exact,1
kie,seedream/4-5,seedream/4-5,https://docs.kie.ai/market/seedream/4-5-text-to-image.md,paths.post.input.quality,QUALITY_LEVEL,HIGH,high,exact,1
kie,seedream/4-5,seedream/4-5,https://docs.kie.ai/market/seedream/4-5-text-to-image.md,paths.post.input.quality,QUALITY_LEVEL,MEDIUM,basic,fallback_baseline,1
kie,seedream/4-5-edit,seedream/4-5-edit,https://docs.kie.ai/market/seedream/4-5-edit.md,paths.post.input.quality,QUALITY_LEVEL,BASIC,basic,exact,1
kie,seedream/4-5-edit,seedream/4-5-edit,https://docs.kie.ai/market/seedream/4-5-edit.md,paths.post.input.quality,QUALITY_LEVEL,HIGH,high,exact,1
kie,seedream/4-5-edit,seedream/4-5-edit,https://docs.kie.ai/market/seedream/4-5-edit.md,paths.post.input.quality,QUALITY_LEVEL,MEDIUM,basic,fallback_baseline,1
kie,chat/gpt-5-2,chat/gpt-5-2,https://docs.kie.ai/market/chat/gpt-5-2.md,paths.post.reasoning_effort,REASONING_EFFORT,HIGH,high,exact,1
kie,chat/gpt-5-2,chat/gpt-5-2,https://docs.kie.ai/market/chat/gpt-5-2.md,paths.post.reasoning_effort,REASONING_EFFORT,LOW,low,exact,1
kie,claude/claude-opus-4-5,claude/claude-opus-4-5,https://docs.kie.ai/market/claude/claude-opus-4-5.md,paths.post.reasoning_effort,REASONING_EFFORT,HIGH,high,exact,1
kie,claude/claude-opus-4-5,claude/claude-opus-4-5,https://docs.kie.ai/market/claude/claude-opus-4-5.md,paths.post.reasoning_effort,REASONING_EFFORT,LOW,low,exact,1
kie,claude/claude-sonnet-4-5,claude/claude-sonnet-4-5,https://docs.kie.ai/market/claude/claude-sonnet-4-5.md,paths.post.reasoning_effort,REASONING_EFFORT,HIGH,high,exact,1
kie,claude/claude-sonnet-4-5,claude/claude-sonnet-4-5,https://docs.kie.ai/market/claude/claude-sonnet-4-5.md,paths.post.reasoning_effort,REASONING_EFFORT,LOW,low,exact,1
kie,gemini/gemini-2-5-pro,gemini/gemini-2-5-pro,https://docs.kie.ai/market/gemini/gemini-2-5-pro.md,paths.post.reasoning_effort,REASONING_EFFORT,HIGH,high,exact,1
kie,gemini/gemini-2-5-pro,gemini/gemini-2-5-pro,https://docs.kie.ai/market/gemini/gemini-2-5-pro.md,paths.post.reasoning_effort,REASONING_EFFORT,LOW,low,exact,1
kie,gemini/gemini-3-pro,gemini/gemini-3-pro,https://docs.kie.ai/market/gemini/gemini-3-pro.md,paths.post.reasoning_effort,REASONING_EFFORT,HIGH,high,exact,1
kie,gemini/gemini-3-pro,gemini/gemini-3-pro,https://docs.kie.ai/market/gemini/gemini-3-pro.md,paths.post.reasoning_effort,REASONING_EFFORT,LOW,low,exact,1
kie,bytedance/seedance-1-5-pro,bytedance/seedance-1-5-pro,https://docs.kie.ai/market/bytedance/seedance-1-5-pro.md,paths.post.input.resolution,RESOLUTION_TIER,K1,480p,fallback_baseline,1
kie,bytedance/seedance-1-5-pro,bytedance/seedance-1-5-pro,https://docs.kie.ai/market/bytedance/seedance-1-5-pro.md,paths.post.input.resolution,RESOLUTION_TIER,K2,480p,fallback_baseline,1
kie,bytedance/seedance-1-5-pro,bytedance/seedance-1-5-pro,https://docs.kie.ai/market/bytedance/seedance-1-5-pro.md,paths.post.input.resolution,RESOLUTION_TIER,K4,480p,fallback_baseline,1
kie,bytedance/seedance-1-5-pro,bytedance/seedance-1-5-pro,https://docs.kie.ai/market/bytedance/seedance-1-5-pro.md,paths.post.input.resolution,RESOLUTION_TIER,P1080,480p,fallback_baseline,1
kie,bytedance/seedance-1-5-pro,bytedance/seedance-1-5-pro,https://docs.kie.ai/market/bytedance/seedance-1-5-pro.md,paths.post.input.resolution,RESOLUTION_TIER,P480,480p,fallback_baseline,1
kie,bytedance/seedance-1-5-pro,bytedance/seedance-1-5-pro,https://docs.kie.ai/market/bytedance/seedance-1-5-pro.md,paths.post.input.resolution,RESOLUTION_TIER,P512,480p,fallback_baseline,1
kie,bytedance/seedance-1-5-pro,bytedance/seedance-1-5-pro,https://docs.kie.ai/market/bytedance/seedance-1-5-pro.md,paths.post.input.resolution,RESOLUTION_TIER,P580,480p,fallback_baseline,1
kie,bytedance/seedance-1-5-pro,bytedance/seedance-1-5-pro,https://docs.kie.ai/market/bytedance/seedance-1-5-pro.md,paths.post.input.resolution,RESOLUTION_TIER,P720,480p,fallback_baseline,1
kie,bytedance/seedance-1-5-pro,bytedance/seedance-1-5-pro,https://docs.kie.ai/market/bytedance/seedance-1-5-pro.md,paths.post.input.resolution,RESOLUTION_TIER,P768,480p,fallback_baseline,1
kie,bytedance/v1-lite,bytedance/v1-lite,https://docs.kie.ai/market/bytedance/v1-lite-image-to-video.md,paths.post.input.resolution,RESOLUTION_TIER,K1,480p,fallback_baseline,1
kie,bytedance/v1-lite,bytedance/v1-lite,https://docs.kie.ai/market/bytedance/v1-lite-image-to-video.md,paths.post.input.resolution,RESOLUTION_TIER,K2,480p,fallback_baseline,1
kie,bytedance/v1-lite,bytedance/v1-lite,https://docs.kie.ai/market/bytedance/v1-lite-image-to-video.md,paths.post.input.resolution,RESOLUTION_TIER,K4,480p,fallback_baseline,1
kie,bytedance/v1-lite,bytedance/v1-lite,https://docs.kie.ai/market/bytedance/v1-lite-image-to-video.md,paths.post.input.resolution,RESOLUTION_TIER,P1080,480p,fallback_baseline,1
kie,bytedance/v1-lite,bytedance/v1-lite,https://docs.kie.ai/market/bytedance/v1-lite-image-to-video.md,paths.post.input.resolution,RESOLUTION_TIER,P480,480p,fallback_baseline,1
kie,bytedance/v1-lite,bytedance/v1-lite,https://docs.kie.ai/market/bytedance/v1-lite-image-to-video.md,paths.post.input.resolution,RESOLUTION_TIER,P512,480p,fallback_baseline,1
kie,bytedance/v1-lite,bytedance/v1-lite,https://docs.kie.ai/market/bytedance/v1-lite-image-to-video.md,paths.post.input.resolution,RESOLUTION_TIER,P580,480p,fallback_baseline,1
kie,bytedance/v1-lite,bytedance/v1-lite,https://docs.kie.ai/market/bytedance/v1-lite-image-to-video.md,paths.post.input.resolution,RESOLUTION_TIER,P720,480p,fallback_baseline,1
kie,bytedance/v1-lite,bytedance/v1-lite,https://docs.kie.ai/market/bytedance/v1-lite-image-to-video.md,paths.post.input.resolution,RESOLUTION_TIER,P768,480p,fallback_baseline,1
kie,bytedance/v1-pro,bytedance/v1-pro,https://docs.kie.ai/market/bytedance/v1-pro-text-to-video.md,paths.post.input.resolution,RESOLUTION_TIER,K1,480p,fallback_baseline,1
kie,bytedance/v1-pro,bytedance/v1-pro,https://docs.kie.ai/market/bytedance/v1-pro-text-to-video.md,paths.post.input.resolution,RESOLUTION_TIER,K2,480p,fallback_baseline,1
kie,bytedance/v1-pro,bytedance/v1-pro,https://docs.kie.ai/market/bytedance/v1-pro-text-to-video.md,paths.post.input.resolution,RESOLUTION_TIER,K4,480p,fallback_baseline,1
kie,bytedance/v1-pro,bytedance/v1-pro,https://docs.kie.ai/market/bytedance/v1-pro-text-to-video.md,paths.post.input.resolution,RESOLUTION_TIER,P1080,480p,fallback_baseline,1
kie,bytedance/v1-pro,bytedance/v1-pro,https://docs.kie.ai/market/bytedance/v1-pro-text-to-video.md,paths.post.input.resolution,RESOLUTION_TIER,P480,480p,fallback_baseline,1
kie,bytedance/v1-pro,bytedance/v1-pro,https://docs.kie.ai/market/bytedance/v1-pro-text-to-video.md,paths.post.input.resolution,RESOLUTION_TIER,P512,480p,fallback_baseline,1
kie,bytedance/v1-pro,bytedance/v1-pro,https://docs.kie.ai/market/bytedance/v1-pro-text-to-video.md,paths.post.input.resolution,RESOLUTION_TIER,P580,480p,fallback_baseline,1
kie,bytedance/v1-pro,bytedance/v1-pro,https://docs.kie.ai/market/bytedance/v1-pro-text-to-video.md,paths.post.input.resolution,RESOLUTION_TIER,P720,480p,fallback_baseline,1
kie,bytedance/v1-pro,bytedance/v1-pro,https://docs.kie.ai/market/bytedance/v1-pro-text-to-video.md,paths.post.input.resolution,RESOLUTION_TIER,P768,480p,fallback_baseline,1
kie,bytedance/v1-pro-fast,bytedance/v1-pro-fast,https://docs.kie.ai/market/bytedance/v1-pro-fast-image-to-video.md,paths.post.input.resolution,RESOLUTION_TIER,K1,720p,fallback_baseline,1
kie,bytedance/v1-pro-fast,bytedance/v1-pro-fast,https://docs.kie.ai/market/bytedance/v1-pro-fast-image-to-video.md,paths.post.input.resolution,RESOLUTION_TIER,K2,720p,fallback_baseline,1
kie,bytedance/v1-pro-fast,bytedance/v1-pro-fast,https://docs.kie.ai/market/bytedance/v1-pro-fast-image-to-video.md,paths.post.input.resolution,RESOLUTION_TIER,K4,720p,fallback_baseline,1
kie,bytedance/v1-pro-fast,bytedance/v1-pro-fast,https://docs.kie.ai/market/bytedance/v1-pro-fast-image-to-video.md,paths.post.input.resolution,RESOLUTION_TIER,P1080,720p,fallback_baseline,1
kie,bytedance/v1-pro-fast,bytedance/v1-pro-fast,https://docs.kie.ai/market/bytedance/v1-pro-fast-image-to-video.md,paths.post.input.resolution,RESOLUTION_TIER,P480,720p,fallback_baseline,1
kie,bytedance/v1-pro-fast,bytedance/v1-pro-fast,https://docs.kie.ai/market/bytedance/v1-pro-fast-image-to-video.md,paths.post.input.resolution,RESOLUTION_TIER,P512,720p,fallback_baseline,1
kie,bytedance/v1-pro-fast,bytedance/v1-pro-fast,https://docs.kie.ai/market/bytedance/v1-pro-fast-image-to-video.md,paths.post.input.resolution,RESOLUTION_TIER,P580,720p,fallback_baseline,1
kie,bytedance/v1-pro-fast,bytedance/v1-pro-fast,https://docs.kie.ai/market/bytedance/v1-pro-fast-image-to-video.md,paths.post.input.resolution,RESOLUTION_TIER,P720,720p,fallback_baseline,1
kie,bytedance/v1-pro-fast,bytedance/v1-pro-fast,https://docs.kie.ai/market/bytedance/v1-pro-fast-image-to-video.md,paths.post.input.resolution,RESOLUTION_TIER,P768,720p,fallback_baseline,1
kie,flux2/flex,flux2/flex,https://docs.kie.ai/market/flux2/flex-image-to-image.md,paths.post.input.resolution,RESOLUTION_TIER,K1,1k,fallback_baseline,1
kie,flux2/flex,flux2/flex,https://docs.kie.ai/market/flux2/flex-image-to-image.md,paths.post.input.resolution,RESOLUTION_TIER,K2,1k,fallback_baseline,1
kie,flux2/flex,flux2/flex,https://docs.kie.ai/market/flux2/flex-image-to-image.md,paths.post.input.resolution,RESOLUTION_TIER,K4,1k,fallback_baseline,1
kie,flux2/flex,flux2/flex,https://docs.kie.ai/market/flux2/flex-image-to-image.md,paths.post.input.resolution,RESOLUTION_TIER,P1080,1k,fallback_baseline,1
kie,flux2/flex,flux2/flex,https://docs.kie.ai/market/flux2/flex-image-to-image.md,paths.post.input.resolution,RESOLUTION_TIER,P480,1k,fallback_baseline,1
kie,flux2/flex,flux2/flex,https://docs.kie.ai/market/flux2/flex-image-to-image.md,paths.post.input.resolution,RESOLUTION_TIER,P512,1k,fallback_baseline,1
kie,flux2/flex,flux2/flex,https://docs.kie.ai/market/flux2/flex-image-to-image.md,paths.post.input.resolution,RESOLUTION_TIER,P580,1k,fallback_baseline,1
kie,flux2/flex,flux2/flex,https://docs.kie.ai/market/flux2/flex-image-to-image.md,paths.post.input.resolution,RESOLUTION_TIER,P720,1k,fallback_baseline,1
kie,flux2/flex,flux2/flex,https://docs.kie.ai/market/flux2/flex-image-to-image.md,paths.post.input.resolution,RESOLUTION_TIER,P768,1k,fallback_baseline,1
kie,flux2/pro,flux2/pro,https://docs.kie.ai/market/flux2/pro-image-to-image.md,paths.post.input.resolution,RESOLUTION_TIER,K1,1k,fallback_baseline,1
kie,flux2/pro,flux2/pro,https://docs.kie.ai/market/flux2/pro-image-to-image.md,paths.post.input.resolution,RESOLUTION_TIER,K2,1k,fallback_baseline,1
kie,flux2/pro,flux2/pro,https://docs.kie.ai/market/flux2/pro-image-to-image.md,paths.post.input.resolution,RESOLUTION_TIER,K4,1k,fallback_baseline,1
kie,flux2/pro,flux2/pro,https://docs.kie.ai/market/flux2/pro-image-to-image.md,paths.post.input.resolution,RESOLUTION_TIER,P1080,1k,fallback_baseline,1
kie,flux2/pro,flux2/pro,https://docs.kie.ai/market/flux2/pro-image-to-image.md,paths.post.input.resolution,RESOLUTION_TIER,P480,1k,fallback_baseline,1
kie,flux2/pro,flux2/pro,https://docs.kie.ai/market/flux2/pro-image-to-image.md,paths.post.input.resolution,RESOLUTION_TIER,P512,1k,fallback_baseline,1
kie,flux2/pro,flux2/pro,https://docs.kie.ai/market/flux2/pro-image-to-image.md,paths.post.input.resolution,RESOLUTION_TIER,P580,1k,fallback_baseline,1
kie,flux2/pro,flux2/pro,https://docs.kie.ai/market/flux2/pro-image-to-image.md,paths.post.input.resolution,RESOLUTION_TIER,P720,1k,fallback_baseline,1
kie,flux2/pro,flux2/pro,https://docs.kie.ai/market/flux2/pro-image-to-image.md,paths.post.input.resolution,RESOLUTION_TIER,P768,1k,fallback_baseline,1
kie,grok-imagine,grok-imagine,https://docs.kie.ai/market/grok-imagine/image-to-video.md,paths.post.input.resolution,RESOLUTION_TIER,K1,480p,fallback_baseline,1
kie,grok-imagine,grok-imagine,https://docs.kie.ai/market/grok-imagine/image-to-video.md,paths.post.input.resolution,RESOLUTION_TIER,K2,480p,fallback_baseline,1
kie,grok-imagine,grok-imagine,https://docs.kie.ai/market/grok-imagine/image-to-video.md,paths.post.input.resolution,RESOLUTION_TIER,K4,480p,fallback_baseline,1
kie,grok-imagine,grok-imagine,https://docs.kie.ai/market/grok-imagine/image-to-video.md,paths.post.input.resolution,RESOLUTION_TIER,P1080,480p,fallback_baseline,1
kie,grok-imagine,grok-imagine,https://docs.kie.ai/market/grok-imagine/image-to-video.md,paths.post.input.resolution,RESOLUTION_TIER,P480,480p,fallback_baseline,1
kie,grok-imagine,grok-imagine,https://docs.kie.ai/market/grok-imagine/image-to-video.md,paths.post.input.resolution,RESOLUTION_TIER,P512,480p,fallback_baseline,1
kie,grok-imagine,grok-imagine,https://docs.kie.ai/market/grok-imagine/image-to-video.md,paths.post.input.resolution,RESOLUTION_TIER,P580,480p,fallback_baseline,1
kie,grok-imagine,grok-imagine,https://docs.kie.ai/market/grok-imagine/image-to-video.md,paths.post.input.resolution,RESOLUTION_TIER,P720,480p,fallback_baseline,1
kie,grok-imagine,grok-imagine,https://docs.kie.ai/market/grok-imagine/image-to-video.md,paths.post.input.resolution,RESOLUTION_TIER,P768,480p,fallback_baseline,1
kie,hailuo/02-image-to-video-standard,hailuo/02-image-to-video-standard,https://docs.kie.ai/market/hailuo/02-image-to-video-standard.md,paths.post.input.resolution,RESOLUTION_TIER,K1,512p,fallback_baseline,1
kie,hailuo/02-image-to-video-standard,hailuo/02-image-to-video-standard,https://docs.kie.ai/market/hailuo/02-image-to-video-standard.md,paths.post.input.resolution,RESOLUTION_TIER,K2,512p,fallback_baseline,1
kie,hailuo/02-image-to-video-standard,hailuo/02-image-to-video-standard,https://docs.kie.ai/market/hailuo/02-image-to-video-standard.md,paths.post.input.resolution,RESOLUTION_TIER,K4,512p,fallback_baseline,1
kie,hailuo/02-image-to-video-standard,hailuo/02-image-to-video-standard,https://docs.kie.ai/market/hailuo/02-image-to-video-standard.md,paths.post.input.resolution,RESOLUTION_TIER,P1080,512p,fallback_baseline,1
kie,hailuo/02-image-to-video-standard,hailuo/02-image-to-video-standard,https://docs.kie.ai/market/hailuo/02-image-to-video-standard.md,paths.post.input.resolution,RESOLUTION_TIER,P480,512p,fallback_baseline,1
kie,hailuo/02-image-to-video-standard,hailuo/02-image-to-video-standard,https://docs.kie.ai/market/hailuo/02-image-to-video-standard.md,paths.post.input.resolution,RESOLUTION_TIER,P512,512p,fallback_baseline,1
kie,hailuo/02-image-to-video-standard,hailuo/02-image-to-video-standard,https://docs.kie.ai/market/hailuo/02-image-to-video-standard.md,paths.post.input.resolution,RESOLUTION_TIER,P580,512p,fallback_baseline,1
kie,hailuo/02-image-to-video-standard,hailuo/02-image-to-video-standard,https://docs.kie.ai/market/hailuo/02-image-to-video-standard.md,paths.post.input.resolution,RESOLUTION_TIER,P720,512p,fallback_baseline,1
kie,hailuo/02-image-to-video-standard,hailuo/02-image-to-video-standard,https://docs.kie.ai/market/hailuo/02-image-to-video-standard.md,paths.post.input.resolution,RESOLUTION_TIER,P768,512p,fallback_baseline,1
kie,hailuo/2-3-image-to-video-pro,hailuo/2-3-image-to-video-pro,https://docs.kie.ai/market/hailuo/2-3-image-to-video-pro.md,paths.post.input.resolution,RESOLUTION_TIER,K1,768p,fallback_baseline,1
kie,hailuo/2-3-image-to-video-pro,hailuo/2-3-image-to-video-pro,https://docs.kie.ai/market/hailuo/2-3-image-to-video-pro.md,paths.post.input.resolution,RESOLUTION_TIER,K2,768p,fallback_baseline,1
kie,hailuo/2-3-image-to-video-pro,hailuo/2-3-image-to-video-pro,https://docs.kie.ai/market/hailuo/2-3-image-to-video-pro.md,paths.post.input.resolution,RESOLUTION_TIER,K4,768p,fallback_baseline,1
kie,hailuo/2-3-image-to-video-pro,hailuo/2-3-image-to-video-pro,https://docs.kie.ai/market/hailuo/2-3-image-to-video-pro.md,paths.post.input.resolution,RESOLUTION_TIER,P1080,768p,fallback_baseline,1
kie,hailuo/2-3-image-to-video-pro,hailuo/2-3-image-to-video-pro,https://docs.kie.ai/market/hailuo/2-3-image-to-video-pro.md,paths.post.input.resolution,RESOLUTION_TIER,P480,768p,fallback_baseline,1
kie,hailuo/2-3-image-to-video-pro,hailuo/2-3-image-to-video-pro,https://docs.kie.ai/market/hailuo/2-3-image-to-video-pro.md,paths.post.input.resolution,RESOLUTION_TIER,P512,768p,fallback_baseline,1
kie,hailuo/2-3-image-to-video-pro,hailuo/2-3-image-to-video-pro,https://docs.kie.ai/market/hailuo/2-3-image-to-video-pro.md,paths.post.input.resolution,RESOLUTION_TIER,P580,768p,fallback_baseline,1
kie,hailuo/2-3-image-to-video-pro,hailuo/2-3-image-to-video-pro,https://docs.kie.ai/market/hailuo/2-3-image-to-video-pro.md,paths.post.input.resolution,RESOLUTION_TIER,P720,768p,fallback_baseline,1
kie,hailuo/2-3-image-to-video-pro,hailuo/2-3-image-to-video-pro,https://docs.kie.ai/market/hailuo/2-3-image-to-video-pro.md,paths.post.input.resolution,RESOLUTION_TIER,P768,768p,fallback_baseline,1
kie,hailuo/2-3-image-to-video-standard,hailuo/2-3-image-to-video-standard,https://docs.kie.ai/market/hailuo/2-3-image-to-video-standard.md,paths.post.input.resolution,RESOLUTION_TIER,K1,768p,fallback_baseline,1
kie,hailuo/2-3-image-to-video-standard,hailuo/2-3-image-to-video-standard,https://docs.kie.ai/market/hailuo/2-3-image-to-video-standard.md,paths.post.input.resolution,RESOLUTION_TIER,K2,768p,fallback_baseline,1
kie,hailuo/2-3-image-to-video-standard,hailuo/2-3-image-to-video-standard,https://docs.kie.ai/market/hailuo/2-3-image-to-video-standard.md,paths.post.input.resolution,RESOLUTION_TIER,K4,768p,fallback_baseline,1
kie,hailuo/2-3-image-to-video-standard,hailuo/2-3-image-to-video-standard,https://docs.kie.ai/market/hailuo/2-3-image-to-video-standard.md,paths.post.input.resolution,RESOLUTION_TIER,P1080,768p,fallback_baseline,1
kie,hailuo/2-3-image-to-video-standard,hailuo/2-3-image-to-video-standard,https://docs.kie.ai/market/hailuo/2-3-image-to-video-standard.md,paths.post.input.resolution,RESOLUTION_TIER,P480,768p,fallback_baseline,1
kie,hailuo/2-3-image-to-video-standard,hailuo/2-3-image-to-video-standard,https://docs.kie.ai/market/hailuo/2-3-image-to-video-standard.md,paths.post.input.resolution,RESOLUTION_TIER,P512,768p,fallback_baseline,1
kie,hailuo/2-3-image-to-video-standard,hailuo/2-3-image-to-video-standard,https://docs.kie.ai/market/hailuo/2-3-image-to-video-standard.md,paths.post.input.resolution,RESOLUTION_TIER,P580,768p,fallback_baseline,1
kie,hailuo/2-3-image-to-video-standard,hailuo/2-3-image-to-video-standard,https://docs.kie.ai/market/hailuo/2-3-image-to-video-standard.md,paths.post.input.resolution,RESOLUTION_TIER,P720,768p,fallback_baseline,1
kie,hailuo/2-3-image-to-video-standard,hailuo/2-3-image-to-video-standard,https://docs.kie.ai/market/hailuo/2-3-image-to-video-standard.md,paths.post.input.resolution,RESOLUTION_TIER,P768,768p,fallback_baseline,1
kie,infinitalk/from-audio,infinitalk/from-audio,https://docs.kie.ai/market/infinitalk/from-audio.md,paths.post.input.resolution,RESOLUTION_TIER,K1,480p,fallback_baseline,1
kie,infinitalk/from-audio,infinitalk/from-audio,https://docs.kie.ai/market/infinitalk/from-audio.md,paths.post.input.resolution,RESOLUTION_TIER,K2,480p,fallback_baseline,1
kie,infinitalk/from-audio,infinitalk/from-audio,https://docs.kie.ai/market/infinitalk/from-audio.md,paths.post.input.resolution,RESOLUTION_TIER,K4,480p,fallback_baseline,1
kie,infinitalk/from-audio,infinitalk/from-audio,https://docs.kie.ai/market/infinitalk/from-audio.md,paths.post.input.resolution,RESOLUTION_TIER,P1080,480p,fallback_baseline,1
kie,infinitalk/from-audio,infinitalk/from-audio,https://docs.kie.ai/market/infinitalk/from-audio.md,paths.post.input.resolution,RESOLUTION_TIER,P480,480p,fallback_baseline,1
kie,infinitalk/from-audio,infinitalk/from-audio,https://docs.kie.ai/market/infinitalk/from-audio.md,paths.post.input.resolution,RESOLUTION_TIER,P512,480p,fallback_baseline,1
kie,infinitalk/from-audio,infinitalk/from-audio,https://docs.kie.ai/market/infinitalk/from-audio.md,paths.post.input.resolution,RESOLUTION_TIER,P580,480p,fallback_baseline,1
kie,infinitalk/from-audio,infinitalk/from-audio,https://docs.kie.ai/market/infinitalk/from-audio.md,paths.post.input.resolution,RESOLUTION_TIER,P720,480p,fallback_baseline,1
kie,infinitalk/from-audio,infinitalk/from-audio,https://docs.kie.ai/market/infinitalk/from-audio.md,paths.post.input.resolution,RESOLUTION_TIER,P768,480p,fallback_baseline,1
kie,seedream/seedream-v4,seedream/seedream-v4,https://docs.kie.ai/market/seedream/seedream-v4-text-to-image.md,paths.post.input.image_resolution,RESOLUTION_TIER,K1,1k,fallback_baseline,1
kie,seedream/seedream-v4,seedream/seedream-v4,https://docs.kie.ai/market/seedream/seedream-v4-text-to-image.md,paths.post.input.image_resolution,RESOLUTION_TIER,K2,1k,fallback_baseline,1
kie,seedream/seedream-v4,seedream/seedream-v4,https://docs.kie.ai/market/seedream/seedream-v4-text-to-image.md,paths.post.input.image_resolution,RESOLUTION_TIER,K4,1k,fallback_baseline,1
kie,seedream/seedream-v4,seedream/seedream-v4,https://docs.kie.ai/market/seedream/seedream-v4-text-to-image.md,paths.post.input.image_resolution,RESOLUTION_TIER,P1080,1k,fallback_baseline,1
kie,seedream/seedream-v4,seedream/seedream-v4,https://docs.kie.ai/market/seedream/seedream-v4-text-to-image.md,paths.post.input.image_resolution,RESOLUTION_TIER,P480,1k,fallback_baseline,1
kie,seedream/seedream-v4,seedream/seedream-v4,https://docs.kie.ai/market/seedream/seedream-v4-text-to-image.md,paths.post.input.image_resolution,RESOLUTION_TIER,P512,1k,fallback_baseline,1
kie,seedream/seedream-v4,seedream/seedream-v4,https://docs.kie.ai/market/seedream/seedream-v4-text-to-image.md,paths.post.input.image_resolution,RESOLUTION_TIER,P580,1k,fallback_baseline,1
kie,seedream/seedream-v4,seedream/seedream-v4,https://docs.kie.ai/market/seedream/seedream-v4-text-to-image.md,paths.post.input.image_resolution,RESOLUTION_TIER,P720,1k,fallback_baseline,1
kie,seedream/seedream-v4,seedream/seedream-v4,https://docs.kie.ai/market/seedream/seedream-v4-text-to-image.md,paths.post.input.image_resolution,RESOLUTION_TIER,P768,1k,fallback_baseline,1
kie,seedream/seedream-v4-edit,seedream/seedream-v4-edit,https://docs.kie.ai/market/seedream/seedream-v4-edit.md,paths.post.input.image_resolution,RESOLUTION_TIER,K1,1k,fallback_baseline,1
kie,seedream/seedream-v4-edit,seedream/seedream-v4-edit,https://docs.kie.ai/market/seedream/seedream-v4-edit.md,paths.post.input.image_resolution,RESOLUTION_TIER,K2,1k,fallback_baseline,1
kie,seedream/seedream-v4-edit,seedream/seedream-v4-edit,https://docs.kie.ai/market/seedream/seedream-v4-edit.md,paths.post.input.image_resolution,RESOLUTION_TIER,K4,1k,fallback_baseline,1
kie,seedream/seedream-v4-edit,seedream/seedream-v4-edit,https://docs.kie.ai/market/seedream/seedream-v4-edit.md,paths.post.input.image_resolution,RESOLUTION_TIER,P1080,1k,fallback_baseline,1
kie,seedream/seedream-v4-edit,seedream/seedream-v4-edit,https://docs.kie.ai/market/seedream/seedream-v4-edit.md,paths.post.input.image_resolution,RESOLUTION_TIER,P480,1k,fallback_baseline,1
kie,seedream/seedream-v4-edit,seedream/seedream-v4-edit,https://docs.kie.ai/market/seedream/seedream-v4-edit.md,paths.post.input.image_resolution,RESOLUTION_TIER,P512,1k,fallback_baseline,1
kie,seedream/seedream-v4-edit,seedream/seedream-v4-edit,https://docs.kie.ai/market/seedream/seedream-v4-edit.md,paths.post.input.image_resolution,RESOLUTION_TIER,P580,1k,fallback_baseline,1
kie,seedream/seedream-v4-edit,seedream/seedream-v4-edit,https://docs.kie.ai/market/seedream/seedream-v4-edit.md,paths.post.input.image_resolution,RESOLUTION_TIER,P720,1k,fallback_baseline,1
kie,seedream/seedream-v4-edit,seedream/seedream-v4-edit,https://docs.kie.ai/market/seedream/seedream-v4-edit.md,paths.post.input.image_resolution,RESOLUTION_TIER,P768,1k,fallback_baseline,1
kie,wan/2-2-a14b-image-to-video-turbo,wan/2-2-a14b-image-to-video-turbo,https://docs.kie.ai/market/wan/2-2-a14b-image-to-video-turbo.md,paths.post.input.resolution,RESOLUTION_TIER,K1,480p,fallback_baseline,1
kie,wan/2-2-a14b-image-to-video-turbo,wan/2-2-a14b-image-to-video-turbo,https://docs.kie.ai/market/wan/2-2-a14b-image-to-video-turbo.md,paths.post.input.resolution,RESOLUTION_TIER,K2,480p,fallback_baseline,1
kie,wan/2-2-a14b-image-to-video-turbo,wan/2-2-a14b-image-to-video-turbo,https://docs.kie.ai/market/wan/2-2-a14b-image-to-video-turbo.md,paths.post.input.resolution,RESOLUTION_TIER,K4,480p,fallback_baseline,1
kie,wan/2-2-a14b-image-to-video-turbo,wan/2-2-a14b-image-to-video-turbo,https://docs.kie.ai/market/wan/2-2-a14b-image-to-video-turbo.md,paths.post.input.resolution,RESOLUTION_TIER,P1080,480p,fallback_baseline,1
kie,wan/2-2-a14b-image-to-video-turbo,wan/2-2-a14b-image-to-video-turbo,https://docs.kie.ai/market/wan/2-2-a14b-image-to-video-turbo.md,paths.post.input.resolution,RESOLUTION_TIER,P480,480p,fallback_baseline,1
kie,wan/2-2-a14b-image-to-video-turbo,wan/2-2-a14b-image-to-video-turbo,https://docs.kie.ai/market/wan/2-2-a14b-image-to-video-turbo.md,paths.post.input.resolution,RESOLUTION_TIER,P512,480p,fallback_baseline,1
kie,wan/2-2-a14b-image-to-video-turbo,wan/2-2-a14b-image-to-video-turbo,https://docs.kie.ai/market/wan/2-2-a14b-image-to-video-turbo.md,paths.post.input.resolution,RESOLUTION_TIER,P580,480p,fallback_baseline,1
kie,wan/2-2-a14b-image-to-video-turbo,wan/2-2-a14b-image-to-video-turbo,https://docs.kie.ai/market/wan/2-2-a14b-image-to-video-turbo.md,paths.post.input.resolution,RESOLUTION_TIER,P720,480p,fallback_baseline,1
kie,wan/2-2-a14b-image-to-video-turbo,wan/2-2-a14b-image-to-video-turbo,https://docs.kie.ai/market/wan/2-2-a14b-image-to-video-turbo.md,paths.post.input.resolution,RESOLUTION_TIER,P768,480p,fallback_baseline,1
kie,wan/2-2-a14b-speech-to-video-turbo,wan/2-2-a14b-speech-to-video-turbo,https://docs.kie.ai/market/wan/2-2-a14b-speech-to-video-turbo.md,paths.post.input.resolution,RESOLUTION_TIER,K1,480p,fallback_baseline,1
kie,wan/2-2-a14b-speech-to-video-turbo,wan/2-2-a14b-speech-to-video-turbo,https://docs.kie.ai/market/wan/2-2-a14b-speech-to-video-turbo.md,paths.post.input.resolution,RESOLUTION_TIER,K2,480p,fallback_baseline,1
kie,wan/2-2-a14b-speech-to-video-turbo,wan/2-2-a14b-speech-to-video-turbo,https://docs.kie.ai/market/wan/2-2-a14b-speech-to-video-turbo.md,paths.post.input.resolution,RESOLUTION_TIER,K4,480p,fallback_baseline,1
kie,wan/2-2-a14b-speech-to-video-turbo,wan/2-2-a14b-speech-to-video-turbo,https://docs.kie.ai/market/wan/2-2-a14b-speech-to-video-turbo.md,paths.post.input.resolution,RESOLUTION_TIER,P1080,480p,fallback_baseline,1
kie,wan/2-2-a14b-speech-to-video-turbo,wan/2-2-a14b-speech-to-video-turbo,https://docs.kie.ai/market/wan/2-2-a14b-speech-to-video-turbo.md,paths.post.input.resolution,RESOLUTION_TIER,P480,480p,fallback_baseline,1
kie,wan/2-2-a14b-speech-to-video-turbo,wan/2-2-a14b-speech-to-video-turbo,https://docs.kie.ai/market/wan/2-2-a14b-speech-to-video-turbo.md,paths.post.input.resolution,RESOLUTION_TIER,P512,480p,fallback_baseline,1
kie,wan/2-2-a14b-speech-to-video-turbo,wan/2-2-a14b-speech-to-video-turbo,https://docs.kie.ai/market/wan/2-2-a14b-speech-to-video-turbo.md,paths.post.input.resolution,RESOLUTION_TIER,P580,480p,fallback_baseline,1
kie,wan/2-2-a14b-speech-to-video-turbo,wan/2-2-a14b-speech-to-video-turbo,https://docs.kie.ai/market/wan/2-2-a14b-speech-to-video-turbo.md,paths.post.input.resolution,RESOLUTION_TIER,P720,480p,fallback_baseline,1
kie,wan/2-2-a14b-speech-to-video-turbo,wan/2-2-a14b-speech-to-video-turbo,https://docs.kie.ai/market/wan/2-2-a14b-speech-to-video-turbo.md,paths.post.input.resolution,RESOLUTION_TIER,P768,480p,fallback_baseline,1
kie,wan/2-2-a14b-text-to-video-turbo,wan/2-2-a14b-text-to-video-turbo,https://docs.kie.ai/market/wan/2-2-a14b-text-to-video-turbo.md,paths.post.input.resolution,RESOLUTION_TIER,K1,480p,fallback_baseline,1
kie,wan/2-2-a14b-text-to-video-turbo,wan/2-2-a14b-text-to-video-turbo,https://docs.kie.ai/market/wan/2-2-a14b-text-to-video-turbo.md,paths.post.input.resolution,RESOLUTION_TIER,K2,480p,fallback_baseline,1
kie,wan/2-2-a14b-text-to-video-turbo,wan/2-2-a14b-text-to-video-turbo,https://docs.kie.ai/market/wan/2-2-a14b-text-to-video-turbo.md,paths.post.input.resolution,RESOLUTION_TIER,K4,480p,fallback_baseline,1
kie,wan/2-2-a14b-text-to-video-turbo,wan/2-2-a14b-text-to-video-turbo,https://docs.kie.ai/market/wan/2-2-a14b-text-to-video-turbo.md,paths.post.input.resolution,RESOLUTION_TIER,P1080,480p,fallback_baseline,1
kie,wan/2-2-a14b-text-to-video-turbo,wan/2-2-a14b-text-to-video-turbo,https://docs.kie.ai/market/wan/2-2-a14b-text-to-video-turbo.md,paths.post.input.resolution,RESOLUTION_TIER,P480,480p,fallback_baseline,1
kie,wan/2-2-a14b-text-to-video-turbo,wan/2-2-a14b-text-to-video-turbo,https://docs.kie.ai/market/wan/2-2-a14b-text-to-video-turbo.md,paths.post.input.resolution,RESOLUTION_TIER,P512,480p,fallback_baseline,1
kie,wan/2-2-a14b-text-to-video-turbo,wan/2-2-a14b-text-to-video-turbo,https://docs.kie.ai/market/wan/2-2-a14b-text-to-video-turbo.md,paths.post.input.resolution,RESOLUTION_TIER,P580,480p,fallback_baseline,1
kie,wan/2-2-a14b-text-to-video-turbo,wan/2-2-a14b-text-to-video-turbo,https://docs.kie.ai/market/wan/2-2-a14b-text-to-video-turbo.md,paths.post.input.resolution,RESOLUTION_TIER,P720,480p,fallback_baseline,1
kie,wan/2-2-a14b-text-to-video-turbo,wan/2-2-a14b-text-to-video-turbo,https://docs.kie.ai/market/wan/2-2-a14b-text-to-video-turbo.md,paths.post.input.resolution,RESOLUTION_TIER,P768,480p,fallback_baseline,1
kie,wan/2-2-animate-move,wan/2-2-animate-move,https://docs.kie.ai/market/wan/2-2-animate-move.md,paths.post.input.resolution,RESOLUTION_TIER,K1,480p,fallback_baseline,1
kie,wan/2-2-animate-move,wan/2-2-animate-move,https://docs.kie.ai/market/wan/2-2-animate-move.md,paths.post.input.resolution,RESOLUTION_TIER,K2,480p,fallback_baseline,1
kie,wan/2-2-animate-move,wan/2-2-animate-move,https://docs.kie.ai/market/wan/2-2-animate-move.md,paths.post.input.resolution,RESOLUTION_TIER,K4,480p,fallback_baseline,1
kie,wan/2-2-animate-move,wan/2-2-animate-move,https://docs.kie.ai/market/wan/2-2-animate-move.md,paths.post.input.resolution,RESOLUTION_TIER,P1080,480p,fallback_baseline,1
kie,wan/2-2-animate-move,wan/2-2-animate-move,https://docs.kie.ai/market/wan/2-2-animate-move.md,paths.post.input.resolution,RESOLUTION_TIER,P480,480p,fallback_baseline,1
kie,wan/2-2-animate-move,wan/2-2-animate-move,https://docs.kie.ai/market/wan/2-2-animate-move.md,paths.post.input.resolution,RESOLUTION_TIER,P512,480p,fallback_baseline,1
kie,wan/2-2-animate-move,wan/2-2-animate-move,https://docs.kie.ai/market/wan/2-2-animate-move.md,paths.post.input.resolution,RESOLUTION_TIER,P580,480p,fallback_baseline,1
kie,wan/2-2-animate-move,wan/2-2-animate-move,https://docs.kie.ai/market/wan/2-2-animate-move.md,paths.post.input.resolution,RESOLUTION_TIER,P720,480p,fallback_baseline,1
kie,wan/2-2-animate-move,wan/2-2-animate-move,https://docs.kie.ai/market/wan/2-2-animate-move.md,paths.post.input.resolution,RESOLUTION_TIER,P768,480p,fallback_baseline,1
kie,wan/2-2-animate-replace,wan/2-2-animate-replace,https://docs.kie.ai/market/wan/2-2-animate-replace.md,paths.post.input.resolution,RESOLUTION_TIER,K1,480p,fallback_baseline,1
kie,wan/2-2-animate-replace,wan/2-2-animate-replace,https://docs.kie.ai/market/wan/2-2-animate-replace.md,paths.post.input.resolution,RESOLUTION_TIER,K2,480p,fallback_baseline,1
kie,wan/2-2-animate-replace,wan/2-2-animate-replace,https://docs.kie.ai/market/wan/2-2-animate-replace.md,paths.post.input.resolution,RESOLUTION_TIER,K4,480p,fallback_baseline,1
kie,wan/2-2-animate-replace,wan/2-2-animate-replace,https://docs.kie.ai/market/wan/2-2-animate-replace.md,paths.post.input.resolution,RESOLUTION_TIER,P1080,480p,fallback_baseline,1
kie,wan/2-2-animate-replace,wan/2-2-animate-replace,https://docs.kie.ai/market/wan/2-2-animate-replace.md,paths.post.input.resolution,RESOLUTION_TIER,P480,480p,fallback_baseline,1
kie,wan/2-2-animate-replace,wan/2-2-animate-replace,https://docs.kie.ai/market/wan/2-2-animate-replace.md,paths.post.input.resolution,RESOLUTION_TIER,P512,480p,fallback_baseline,1
kie,wan/2-2-animate-replace,wan/2-2-animate-replace,https://docs.kie.ai/market/wan/2-2-animate-replace.md,paths.post.input.resolution,RESOLUTION_TIER,P580,480p,fallback_baseline,1
kie,wan/2-2-animate-replace,wan/2-2-animate-replace,https://docs.kie.ai/market/wan/2-2-animate-replace.md,paths.post.input.resolution,RESOLUTION_TIER,P720,480p,fallback_baseline,1
kie,wan/2-2-animate-replace,wan/2-2-animate-replace,https://docs.kie.ai/market/wan/2-2-animate-replace.md,paths.post.input.resolution,RESOLUTION_TIER,P768,480p,fallback_baseline,1
kie,wan/2-6,wan/2-6,https://docs.kie.ai/market/wan/2-6-image-to-video.md,paths.post.input.resolution,RESOLUTION_TIER,K1,720p,fallback_baseline,1
kie,wan/2-6,wan/2-6,https://docs.kie.ai/market/wan/2-6-image-to-video.md,paths.post.input.resolution,RESOLUTION_TIER,K2,720p,fallback_baseline,1
kie,wan/2-6,wan/2-6,https://docs.kie.ai/market/wan/2-6-image-to-video.md,paths.post.input.resolution,RESOLUTION_TIER,K4,720p,fallback_baseline,1
kie,wan/2-6,wan/2-6,https://docs.kie.ai/market/wan/2-6-image-to-video.md,paths.post.input.resolution,RESOLUTION_TIER,P1080,720p,fallback_baseline,1
kie,wan/2-6,wan/2-6,https://docs.kie.ai/market/wan/2-6-image-to-video.md,paths.post.input.resolution,RESOLUTION_TIER,P480,720p,fallback_baseline,1
kie,wan/2-6,wan/2-6,https://docs.kie.ai/market/wan/2-6-image-to-video.md,paths.post.input.resolution,RESOLUTION_TIER,P512,720p,fallback_baseline,1
kie,wan/2-6,wan/2-6,https://docs.kie.ai/market/wan/2-6-image-to-video.md,paths.post.input.resolution,RESOLUTION_TIER,P580,720p,fallback_baseline,1
kie,wan/2-6,wan/2-6,https://docs.kie.ai/market/wan/2-6-image-to-video.md,paths.post.input.resolution,RESOLUTION_TIER,P720,720p,fallback_baseline,1
kie,wan/2-6,wan/2-6,https://docs.kie.ai/market/wan/2-6-image-to-video.md,paths.post.input.resolution,RESOLUTION_TIER,P768,720p,fallback_baseline,1
kie,wan/2-6-flash,wan/2-6-flash,https://docs.kie.ai/market/wan/2-6-flash-image-to-video.md,paths.post.input.resolution,RESOLUTION_TIER,K1,720p,fallback_baseline,1
kie,wan/2-6-flash,wan/2-6-flash,https://docs.kie.ai/market/wan/2-6-flash-image-to-video.md,paths.post.input.resolution,RESOLUTION_TIER,K2,720p,fallback_baseline,1
kie,wan/2-6-flash,wan/2-6-flash,https://docs.kie.ai/market/wan/2-6-flash-image-to-video.md,paths.post.input.resolution,RESOLUTION_TIER,K4,720p,fallback_baseline,1
kie,wan/2-6-flash,wan/2-6-flash,https://docs.kie.ai/market/wan/2-6-flash-image-to-video.md,paths.post.input.resolution,RESOLUTION_TIER,P1080,720p,fallback_baseline,1
kie,wan/2-6-flash,wan/2-6-flash,https://docs.kie.ai/market/wan/2-6-flash-image-to-video.md,paths.post.input.resolution,RESOLUTION_TIER,P480,720p,fallback_baseline,1
kie,wan/2-6-flash,wan/2-6-flash,https://docs.kie.ai/market/wan/2-6-flash-image-to-video.md,paths.post.input.resolution,RESOLUTION_TIER,P512,720p,fallback_baseline,1
kie,wan/2-6-flash,wan/2-6-flash,https://docs.kie.ai/market/wan/2-6-flash-image-to-video.md,paths.post.input.resolution,RESOLUTION_TIER,P580,720p,fallback_baseline,1
kie,wan/2-6-flash,wan/2-6-flash,https://docs.kie.ai/market/wan/2-6-flash-image-to-video.md,paths.post.input.resolution,RESOLUTION_TIER,P720,720p,fallback_baseline,1
kie,wan/2-6-flash,wan/2-6-flash,https://docs.kie.ai/market/wan/2-6-flash-image-to-video.md,paths.post.input.resolution,RESOLUTION_TIER,P768,720p,fallback_baseline,1
kie,flux-kontext-api/generate-or-edit-image,flux-kontext-api/generate-or-edit-image,https://docs.kie.ai/flux-kontext-api/generate-or-edit-image.md,paths.post.input.safety_tolerance,SAFETY_TOLERANCE,0,0,nearest_lower,1
kie,flux-kontext-api/generate-or-edit-image,flux-kontext-api/generate-or-edit-image,https://docs.kie.ai/flux-kontext-api/generate-or-edit-image.md,paths.post.input.safety_tolerance,SAFETY_TOLERANCE,1,1,nearest_lower,1
kie,flux-kontext-api/generate-or-edit-image,flux-kontext-api/generate-or-edit-image,https://docs.kie.ai/flux-kontext-api/generate-or-edit-image.md,paths.post.input.safety_tolerance,SAFETY_TOLERANCE,2,2,nearest_lower,1
kie,flux-kontext-api/generate-or-edit-image,flux-kontext-api/generate-or-edit-image,https://docs.kie.ai/flux-kontext-api/generate-or-edit-image.md,paths.post.input.safety_tolerance,SAFETY_TOLERANCE,3,3,nearest_lower,1
kie,flux-kontext-api/generate-or-edit-image,flux-kontext-api/generate-or-edit-image,https://docs.kie.ai/flux-kontext-api/generate-or-edit-image.md,paths.post.input.safety_tolerance,SAFETY_TOLERANCE,4,4,nearest_lower,1
kie,flux-kontext-api/generate-or-edit-image,flux-kontext-api/generate-or-edit-image,https://docs.kie.ai/flux-kontext-api/generate-or-edit-image.md,paths.post.input.safety_tolerance,SAFETY_TOLERANCE,5,5,nearest_lower,1
kie,flux-kontext-api/generate-or-edit-image,flux-kontext-api/generate-or-edit-image,https://docs.kie.ai/flux-kontext-api/generate-or-edit-image.md,paths.post.input.safety_tolerance,SAFETY_TOLERANCE,6,6,nearest_lower,1
kie,ideogram/character,ideogram/character,https://docs.kie.ai/market/ideogram/character.md,paths.post.input.style,STYLE,AUTO,AUTO,exact,1
kie,ideogram/character,ideogram/character,https://docs.kie.ai/market/ideogram/character.md,paths.post.input.style,STYLE,DESIGN,AUTO,fallback_baseline,1
kie,ideogram/character,ideogram/character,https://docs.kie.ai/market/ideogram/character.md,paths.post.input.style,STYLE,FICTION,FICTION,exact,1
kie,ideogram/character,ideogram/character,https://docs.kie.ai/market/ideogram/character.md,paths.post.input.style,STYLE,GENERAL,AUTO,fallback_baseline,1
kie,ideogram/character,ideogram/character,https://docs.kie.ai/market/ideogram/character.md,paths.post.input.style,STYLE,REALISTIC,REALISTIC,exact,1
kie,ideogram/character-edit,ideogram/character-edit,https://docs.kie.ai/market/ideogram/character-edit.md,paths.post.input.style,STYLE,AUTO,AUTO,exact,1
kie,ideogram/character-edit,ideogram/character-edit,https://docs.kie.ai/market/ideogram/character-edit.md,paths.post.input.style,STYLE,DESIGN,AUTO,fallback_baseline,1
kie,ideogram/character-edit,ideogram/character-edit,https://docs.kie.ai/market/ideogram/character-edit.md,paths.post.input.style,STYLE,FICTION,FICTION,exact,1
kie,ideogram/character-edit,ideogram/character-edit,https://docs.kie.ai/market/ideogram/character-edit.md,paths.post.input.style,STYLE,GENERAL,AUTO,fallback_baseline,1
kie,ideogram/character-edit,ideogram/character-edit,https://docs.kie.ai/market/ideogram/character-edit.md,paths.post.input.style,STYLE,REALISTIC,REALISTIC,exact,1
kie,ideogram/character-remix,ideogram/character-remix,https://docs.kie.ai/market/ideogram/character-remix.md,paths.post.input.style,STYLE,AUTO,AUTO,exact,1
kie,ideogram/character-remix,ideogram/character-remix,https://docs.kie.ai/market/ideogram/character-remix.md,paths.post.input.style,STYLE,DESIGN,AUTO,fallback_baseline,1
kie,ideogram/character-remix,ideogram/character-remix,https://docs.kie.ai/market/ideogram/character-remix.md,paths.post.input.style,STYLE,FICTION,FICTION,exact,1
kie,ideogram/character-remix,ideogram/character-remix,https://docs.kie.ai/market/ideogram/character-remix.md,paths.post.input.style,STYLE,GENERAL,AUTO,fallback_baseline,1
kie,ideogram/character-remix,ideogram/character-remix,https://docs.kie.ai/market/ideogram/character-remix.md,paths.post.input.style,STYLE,REALISTIC,REALISTIC,exact,1
kie,ideogram/v3-reframe,ideogram/v3-reframe,https://docs.kie.ai/market/ideogram/v3-reframe.md,paths.post.input.style,STYLE,AUTO,AUTO,exact,1
kie,ideogram/v3-reframe,ideogram/v3-reframe,https://docs.kie.ai/market/ideogram/v3-reframe.md,paths.post.input.style,STYLE,DESIGN,DESIGN,exact,1
kie,ideogram/v3-reframe,ideogram/v3-reframe,https://docs.kie.ai/market/ideogram/v3-reframe.md,paths.post.input.style,STYLE,FICTION,AUTO,fallback_baseline,1
kie,ideogram/v3-reframe,ideogram/v3-reframe,https://docs.kie.ai/market/ideogram/v3-reframe.md,paths.post.input.style,STYLE,GENERAL,GENERAL,exact,1
kie,ideogram/v3-reframe,ideogram/v3-reframe,https://docs.kie.ai/market/ideogram/v3-reframe.md,paths.post.input.style,STYLE,REALISTIC,REALISTIC,exact,1
kie,topaz/image-upscale,topaz/image-upscale,https://docs.kie.ai/market/topaz/image-upscale.md,paths.post.input.upscale_factor,UPSCALE_FACTOR,1,1,nearest_lower,1
kie,topaz/image-upscale,topaz/image-upscale,https://docs.kie.ai/market/topaz/image-upscale.md,paths.post.input.upscale_factor,UPSCALE_FACTOR,2,2,nearest_lower,1
kie,topaz/image-upscale,topaz/image-upscale,https://docs.kie.ai/market/topaz/image-upscale.md,paths.post.input.upscale_factor,UPSCALE_FACTOR,4,4,nearest_lower,1
kie,topaz/image-upscale,topaz/image-upscale,https://docs.kie.ai/market/topaz/image-upscale.md,paths.post.input.upscale_factor,UPSCALE_FACTOR,8,8,nearest_lower,1
kie,topaz/video-upscale,topaz/video-upscale,https://docs.kie.ai/market/topaz/video-upscale.md,paths.post.input.upscale_factor,UPSCALE_FACTOR,1,1,nearest_lower,1
kie,topaz/video-upscale,topaz/video-upscale,https://docs.kie.ai/market/topaz/video-upscale.md,paths.post.input.upscale_factor,UPSCALE_FACTOR,2,2,nearest_lower,1
kie,topaz/video-upscale,topaz/video-upscale,https://docs.kie.ai/market/topaz/video-upscale.md,paths.post.input.upscale_factor,UPSCALE_FACTOR,4,4,nearest_lower,1
kie,topaz/video-upscale,topaz/video-upscale,https://docs.kie.ai/market/topaz/video-upscale.md,paths.post.input.upscale_factor,UPSCALE_FACTOR,8,4,nearest_lower,1
