provider,api_title,doc_url,category,source_field,enum_value,value_order,service_tier,detail_parse_status
runninghub,Vidu-首尾帧生视频-q2-turbo,https://www.runninghub.cn/runninghub-api-doc-cn/api-425766641.md,Video,duration,1,1,unknown,parsed_html
runninghub,Vidu-首尾帧生视频-q2-turbo,https://www.runninghub.cn/runninghub-api-doc-cn/api-425766641.md,Video,duration,2,2,unknown,parsed_html
runninghub,Vidu-首尾帧生视频-q2-turbo,https://www.runninghub.cn/runninghub-api-doc-cn/api-425766641.md,Video,duration,3,3,unknown,parsed_html
runninghub,Vidu-首尾帧生视频-q2-turbo,https://www.runninghub.cn/runninghub-api-doc-cn/api-425766641.md,Video,duration,4,4,unknown,parsed_html
runninghub,Vidu-首尾帧生视频-q2-turbo,https://www.runninghub.cn/runninghub-api-doc-cn/api-425766641.md,Video,duration,5,5,unknown,parsed_html
runninghub,Vidu-首尾帧生视频-q2-turbo,https://www.runninghub.cn/runninghub-api-doc-cn/api-425766641.md,Video,duration,6,6,unknown,parsed_html
runninghub,Vidu-首尾帧生视频-q2-turbo,https://www.runninghub.cn/runninghub-api-doc-cn/api-425766641.md,Video,duration,7,7,unknown,parsed_html
runninghub,Vidu-首尾帧生视频-q2-turbo,https://www.runninghub.cn/runninghub-api-doc-cn/api-425766641.md,Video,duration,8,8,unknown,parsed_html
runninghub,Vidu-首尾帧生视频-q2-turbo,https://www.runninghub.cn/runninghub-api-doc-cn/api-425766641.md,Video,resolution,540p,1,unknown,parsed_html
runninghub,Vidu-首尾帧生视频-q2-turbo,https://www.runninghub.cn/runninghub-api-doc-cn/api-425766641.md,Video,resolution,720p,2,unknown,parsed_html
runninghub,Vidu-首尾帧生视频-q2-turbo,https://www.runninghub.cn/runninghub-api-doc-cn/api-425766641.md,Video,resolution,1080p,3,unknown,parsed_html
runninghub,Vidu-首尾帧生视频-q2-turbo,https://www.runninghub.cn/runninghub-api-doc-cn/api-425766641.md,Video,movementAmplitude,auto,1,unknown,parsed_html
runninghub,Vidu-首尾帧生视频-q2-turbo,https://www.runninghub.cn/runninghub-api-doc-cn/api-425766641.md,Video,movementAmplitude,small,2,unknown,parsed_html
runninghub,Vidu-首尾帧生视频-q2-turbo,https://www.runninghub.cn/runninghub-api-doc-cn/api-425766641.md,Video,movementAmplitude,medium,3,unknown,parsed_html
runninghub,Vidu-首尾帧生视频-q2-turbo,https://www.runninghub.cn/runninghub-api-doc-cn/api-425766641.md,Video,movementAmplitude,large,4,unknown,parsed_html
runninghub,Vidu-首尾帧生视频-q2-turbo,https://www.runninghub.cn/runninghub-api-doc-cn/api-425766641.md,Video,__task_status,QUEUED,1,unknown,parsed_html
runninghub,Vidu-首尾帧生视频-q2-turbo,https://www.runninghub.cn/runninghub-api-doc-cn/api-425766641.md,Video,__task_status,RUNNING,2,unknown,parsed_html
runninghub,Vidu-首尾帧生视频-q2-turbo,https://www.runninghub.cn/runninghub-api-doc-cn/api-425766641.md,Video,__task_status,SUCCESS,3,unknown,parsed_html
runninghub,Vidu-首尾帧生视频-q2-turbo,https://www.runninghub.cn/runninghub-api-doc-cn/api-425766641.md,Video,__task_status,FAILED,4,unknown,parsed_html
runninghub,Vidu-首尾帧生视频-q2-pro,https://www.runninghub.cn/runninghub-api-doc-cn/api-425766642.md,Video,duration,1,1,unknown,parsed_html
runninghub,Vidu-首尾帧生视频-q2-pro,https://www.runninghub.cn/runninghub-api-doc-cn/api-425766642.md,Video,duration,2,2,unknown,parsed_html
runninghub,Vidu-首尾帧生视频-q2-pro,https://www.runninghub.cn/runninghub-api-doc-cn/api-425766642.md,Video,duration,3,3,unknown,parsed_html
runninghub,Vidu-首尾帧生视频-q2-pro,https://www.runninghub.cn/runninghub-api-doc-cn/api-425766642.md,Video,duration,4,4,unknown,parsed_html
runninghub,Vidu-首尾帧生视频-q2-pro,https://www.runninghub.cn/runninghub-api-doc-cn/api-425766642.md,Video,duration,5,5,unknown,parsed_html
runninghub,Vidu-首尾帧生视频-q2-pro,https://www.runninghub.cn/runninghub-api-doc-cn/api-425766642.md,Video,duration,6,6,unknown,parsed_html
runninghub,Vidu-首尾帧生视频-q2-pro,https://www.runninghub.cn/runninghub-api-doc-cn/api-425766642.md,Video,duration,7,7,unknown,parsed_html
runninghub,Vidu-首尾帧生视频-q2-pro,https://www.runninghub.cn/runninghub-api-doc-cn/api-425766642.md,Video,duration,8,8,unknown,parsed_html
runninghub,Vidu-首尾帧生视频-q2-pro,https://www.runninghub.cn/runninghub-api-doc-cn/api-425766642.md,Video,resolution,540p,1,unknown,parsed_html
runninghub,Vidu-首尾帧生视频-q2-pro,https://www.runninghub.cn/runninghub-api-doc-cn/api-425766642.md,Video,resolution,720p,2,unknown,parsed_html
runninghub,Vidu-首尾帧生视频-q2-pro,https://www.runninghub.cn/runninghub-api-doc-cn/api-425766642.md,Video,resolution,1080p,3,unknown,parsed_html
runninghub,Vidu-首尾帧生视频-q2-pro,https://www.runninghub.cn/runninghub-api-doc-cn/api-425766642.md,Video,movementAmplitude,auto,1,unknown,parsed_html
runninghub,Vidu-首尾帧生视频-q2-pro,https://www.runninghub.cn/runninghub-api-doc-cn/api-425766642.md,Video,movementAmplitude,small,2,unknown,parsed_html
runninghub,Vidu-首尾帧生视频-q2-pro,https://www.runninghub.cn/runninghub-api-doc-cn/api-425766642.md,Video,movementAmplitude,medium,3,unknown,parsed_html
runninghub,Vidu-首尾帧生视频-q2-pro,https://www.runninghub.cn/runninghub-api-doc-cn/api-425766642.md,Video,movementAmplitude,large,4,unknown,parsed_html
runninghub,Vidu-首尾帧生视频-q2-pro,https://www.runninghub.cn/runninghub-api-doc-cn/api-425766642.md,Video,__task_status,QUEUED,1,unknown,parsed_html
runninghub,Vidu-首尾帧生视频-q2-pro,https://www.runninghub.cn/runninghub-api-doc-cn/api-425766642.md,Video,__task_status,RUNNING,2,unknown,parsed_html
runninghub,Vidu-首尾帧生视频-q2-pro,https://www.runninghub.cn/runninghub-api-doc-cn/api-425766642.md,Video,__task_status,SUCCESS,3,unknown,parsed_html
runninghub,Vidu-首尾帧生视频-q2-pro,https://www.runninghub.cn/runninghub-api-doc-cn/api-425766642.md,Video,__task_status,FAILED,4,unknown,parsed_html
runninghub,Vidu-图生视频-q2-pro,https://www.runninghub.cn/runninghub-api-doc-cn/api-425766643.md,Video,duration,1,1,unknown,parsed_html
runninghub,Vidu-图生视频-q2-pro,https://www.runninghub.cn/runninghub-api-doc-cn/api-425766643.md,Video,duration,2,2,unknown,parsed_html
runninghub,Vidu-图生视频-q2-pro,https://www.runninghub.cn/runninghub-api-doc-cn/api-425766643.md,Video,duration,3,3,unknown,parsed_html
runninghub,Vidu-图生视频-q2-pro,https://www.runninghub.cn/runninghub-api-doc-cn/api-425766643.md,Video,duration,4,4,unknown,parsed_html
runninghub,Vidu-图生视频-q2-pro,https://www.runninghub.cn/runninghub-api-doc-cn/api-425766643.md,Video,duration,5,5,unknown,parsed_html
runninghub,Vidu-图生视频-q2-pro,https://www.runninghub.cn/runninghub-api-doc-cn/api-425766643.md,Video,duration,6,6,unknown,parsed_html
runninghub,Vidu-图生视频-q2-pro,https://www.runninghub.cn/runninghub-api-doc-cn/api-425766643.md,Video,duration,7,7,unknown,parsed_html
runninghub,Vidu-图生视频-q2-pro,https://www.runninghub.cn/runninghub-api-doc-cn/api-425766643.md,Video,duration,8,8,unknown,parsed_html
runninghub,Vidu-图生视频-q2-pro,https://www.runninghub.cn/runninghub-api-doc-cn/api-425766643.md,Video,duration,9,9,unknown,parsed_html
runninghub,Vidu-图生视频-q2-pro,https://www.runninghub.cn/runninghub-api-doc-cn/api-425766643.md,Video,duration,10,10,unknown,parsed_html
runninghub,Vidu-图生视频-q2-pro,https://www.runninghub.cn/runninghub-api-doc-cn/api-425766643.md,Video,resolution,540p,1,unknown,parsed_html
runninghub,Vidu-图生视频-q2-pro,https://www.runninghub.cn/runninghub-api-doc-cn/api-425766643.md,Video,resolution,720p,2,unknown,parsed_html
runninghub,Vidu-图生视频-q2-pro,https://www.runninghub.cn/runninghub-api-doc-cn/api-425766643.md,Video,resolution,1080p,3,unknown,parsed_html
runninghub,Vidu-图生视频-q2-pro,https://www.runninghub.cn/runninghub-api-doc-cn/api-425766643.md,Video,movementAmplitude,auto,1,unknown,parsed_html
runninghub,Vidu-图生视频-q2-pro,https://www.runninghub.cn/runninghub-api-doc-cn/api-425766643.md,Video,movementAmplitude,small,2,unknown,parsed_html
runninghub,Vidu-图生视频-q2-pro,https://www.runninghub.cn/runninghub-api-doc-cn/api-425766643.md,Video,movementAmplitude,medium,3,unknown,parsed_html
runninghub,Vidu-图生视频-q2-pro,https://www.runninghub.cn/runninghub-api-doc-cn/api-425766643.md,Video,movementAmplitude,large,4,unknown,parsed_html
runninghub,Vidu-图生视频-q2-pro,https://www.runninghub.cn/runninghub-api-doc-cn/api-425766643.md,Video,__task_status,QUEUED,1,unknown,parsed_html
runninghub,Vidu-图生视频-q2-pro,https://www.runninghub.cn/runninghub-api-doc-cn/api-425766643.md,Video,__task_status,RUNNING,2,unknown,parsed_html
runninghub,Vidu-图生视频-q2-pro,https://www.runninghub.cn/runninghub-api-doc-cn/api-425766643.md,Video,__task_status,SUCCESS,3,unknown,parsed_html
runninghub,Vidu-图生视频-q2-pro,https://www.runninghub.cn/runninghub-api-doc-cn/api-425766643.md,Video,__task_status,FAILED,4,unknown,parsed_html
runninghub,Vidu-图生视频-q2-turbo,https://www.runninghub.cn/runninghub-api-doc-cn/api-425766644.md,Video,duration,1,1,unknown,parsed_html
runninghub,Vidu-图生视频-q2-turbo,https://www.runninghub.cn/runninghub-api-doc-cn/api-425766644.md,Video,duration,2,2,unknown,parsed_html
runninghub,Vidu-图生视频-q2-turbo,https://www.runninghub.cn/runninghub-api-doc-cn/api-425766644.md,Video,duration,3,3,unknown,parsed_html
runninghub,Vidu-图生视频-q2-turbo,https://www.runninghub.cn/runninghub-api-doc-cn/api-425766644.md,Video,duration,4,4,unknown,parsed_html
runninghub,Vidu-图生视频-q2-turbo,https://www.runninghub.cn/runninghub-api-doc-cn/api-425766644.md,Video,duration,5,5,unknown,parsed_html
runninghub,Vidu-图生视频-q2-turbo,https://www.runninghub.cn/runninghub-api-doc-cn/api-425766644.md,Video,duration,6,6,unknown,parsed_html
runninghub,Vidu-图生视频-q2-turbo,https://www.runninghub.cn/runninghub-api-doc-cn/api-425766644.md,Video,duration,7,7,unknown,parsed_html
runninghub,Vidu-图生视频-q2-turbo,https://www.runninghub.cn/runninghub-api-doc-cn/api-425766644.md,Video,duration,8,8,unknown,parsed_html
runninghub,Vidu-图生视频-q2-turbo,https://www.runninghub.cn/runninghub-api-doc-cn/api-425766644.md,Video,duration,9,9,unknown,parsed_html
runninghub,Vidu-图生视频-q2-turbo,https://www.runninghub.cn/runninghub-api-doc-cn/api-425766644.md,Video,duration,10,10,unknown,parsed_html
runninghub,Vidu-图生视频-q2-turbo,https://www.runninghub.cn/runninghub-api-doc-cn/api-425766644.md,Video,resolution,540p,1,unknown,parsed_html
runninghub,Vidu-图生视频-q2-turbo,https://www.runninghub.cn/runninghub-api-doc-cn/api-425766644.md,Video,resolution,720p,2,unknown,parsed_html
runninghub,Vidu-图生视频-q2-turbo,https://www.runninghub.cn/runninghub-api-doc-cn/api-425766644.md,Video,resolution,1080p,3,unknown,parsed_html
runninghub,Vidu-图生视频-q2-turbo,https://www.runninghub.cn/runninghub-api-doc-cn/api-425766644.md,Video,movementAmplitude,auto,1,unknown,parsed_html
runninghub,Vidu-图生视频-q2-turbo,https://www.runninghub.cn/runninghub-api-doc-cn/api-425766644.md,Video,movementAmplitude,small,2,unknown,parsed_html
runninghub,Vidu-图生视频-q2-turbo,https://www.runninghub.cn/runninghub-api-doc-cn/api-425766644.md,Video,movementAmplitude,medium,3,unknown,parsed_html
runninghub,Vidu-图生视频-q2-turbo,https://www.runninghub.cn/runninghub-api-doc-cn/api-425766644.md,Video,movementAmplitude,large,4,unknown,parsed_html
runninghub,Vidu-图生视频-q2-turbo,https://www.runninghub.cn/runninghub-api-doc-cn/api-425766644.md,Video,__task_status,QUEUED,1,unknown,parsed_html
runninghub,Vidu-图生视频-q2-turbo,https://www.runninghub.cn/runninghub-api-doc-cn/api-425766644.md,Video,__task_status,RUNNING,2,unknown,parsed_html
runninghub,Vidu-图生视频-q2-turbo,https://www.runninghub.cn/runninghub-api-doc-cn/api-425766644.md,Video,__task_status,SUCCESS,3,unknown,parsed_html
runninghub,Vidu-图生视频-q2-turbo,https://www.runninghub.cn/runninghub-api-doc-cn/api-425766644.md,Video,__task_status,FAILED,4,unknown,parsed_html
runninghub,Vidu-图生视频-q3-pro,https://www.runninghub.cn/runninghub-api-doc-cn/api-425766645.md,Video,duration,1,1,unknown,parsed_html
runninghub,Vidu-图生视频-q3-pro,https://www.runninghub.cn/runninghub-api-doc-cn/api-425766645.md,Video,duration,2,2,unknown,parsed_html
runninghub,Vidu-图生视频-q3-pro,https://www.runninghub.cn/runninghub-api-doc-cn/api-425766645.md,Video,duration,3,3,unknown,parsed_html
runninghub,Vidu-图生视频-q3-pro,https://www.runninghub.cn/runninghub-api-doc-cn/api-425766645.md,Video,duration,4,4,unknown,parsed_html
runninghub,Vidu-图生视频-q3-pro,https://www.runninghub.cn/runninghub-api-doc-cn/api-425766645.md,Video,duration,5,5,unknown,parsed_html
runninghub,Vidu-图生视频-q3-pro,https://www.runninghub.cn/runninghub-api-doc-cn/api-425766645.md,Video,duration,6,6,unknown,parsed_html
runninghub,Vidu-图生视频-q3-pro,https://www.runninghub.cn/runninghub-api-doc-cn/api-425766645.md,Video,duration,7,7,unknown,parsed_html
runninghub,Vidu-图生视频-q3-pro,https://www.runninghub.cn/runninghub-api-doc-cn/api-425766645.md,Video,duration,8,8,unknown,parsed_html
runninghub,Vidu-图生视频-q3-pro,https://www.runninghub.cn/runninghub-api-doc-cn/api-425766645.md,Video,duration,9,9,unknown,parsed_html
runninghub,Vidu-图生视频-q3-pro,https://www.runninghub.cn/runninghub-api-doc-cn/api-425766645.md,Video,duration,10,10,unknown,parsed_html
runninghub,Vidu-图生视频-q3-pro,https://www.runninghub.cn/runninghub-api-doc-cn/api-425766645.md,Video,duration,11,11,unknown,parsed_html
runninghub,Vidu-图生视频-q3-pro,https://www.runninghub.cn/runninghub-api-doc-cn/api-425766645.md,Video,duration,12,12,unknown,parsed_html
runninghub,Vidu-图生视频-q3-pro,https://www.runninghub.cn/runninghub-api-doc-cn/api-425766645.md,Video,duration,13,13,unknown,parsed_html
runninghub,Vidu-图生视频-q3-pro,https://www.runninghub.cn/runninghub-api-doc-cn/api-425766645.md,Video,duration,14,14,unknown,parsed_html
runninghub,Vidu-图生视频-q3-pro,https://www.runninghub.cn/runninghub-api-doc-cn/api-425766645.md,Video,duration,15,15,unknown,parsed_html
runninghub,Vidu-图生视频-q3-pro,https://www.runninghub.cn/runninghub-api-doc-cn/api-425766645.md,Video,duration,16,16,unknown,parsed_html
runninghub,Vidu-图生视频-q3-pro,https://www.runninghub.cn/runninghub-api-doc-cn/api-425766645.md,Video,resolution,360p,1,unknown,parsed_html
runninghub,Vidu-图生视频-q3-pro,https://www.runninghub.cn/runninghub-api-doc-cn/api-425766645.md,Video,resolution,540p,2,unknown,parsed_html
runninghub,Vidu-图生视频-q3-pro,https://www.runninghub.cn/runninghub-api-doc-cn/api-425766645.md,Video,resolution,720p,3,unknown,parsed_html
runninghub,Vidu-图生视频-q3-pro,https://www.runninghub.cn/runninghub-api-doc-cn/api-425766645.md,Video,resolution,1080p,4,unknown,parsed_html
runninghub,Vidu-图生视频-q3-pro,https://www.runninghub.cn/runninghub-api-doc-cn/api-425766645.md,Video,resolution,2k,5,unknown,parsed_html
runninghub,Vidu-图生视频-q3-pro,https://www.runninghub.cn/runninghub-api-doc-cn/api-425766645.md,Video,__task_status,QUEUED,1,unknown,parsed_html
runninghub,Vidu-图生视频-q3-pro,https://www.runninghub.cn/runninghub-api-doc-cn/api-425766645.md,Video,__task_status,RUNNING,2,unknown,parsed_html
runninghub,Vidu-图生视频-q3-pro,https://www.runninghub.cn/runninghub-api-doc-cn/api-425766645.md,Video,__task_status,SUCCESS,3,unknown,parsed_html
runninghub,Vidu-图生视频-q3-pro,https://www.runninghub.cn/runninghub-api-doc-cn/api-425766645.md,Video,__task_status,FAILED,4,unknown,parsed_html
runninghub,Vidu-图生视频-q2-pro-fast,https://www.runninghub.cn/runninghub-api-doc-cn/api-425766646.md,Video,duration,1,1,unknown,parsed_html
runninghub,Vidu-图生视频-q2-pro-fast,https://www.runninghub.cn/runninghub-api-doc-cn/api-425766646.md,Video,duration,2,2,unknown,parsed_html
runninghub,Vidu-图生视频-q2-pro-fast,https://www.runninghub.cn/runninghub-api-doc-cn/api-425766646.md,Video,duration,3,3,unknown,parsed_html
runninghub,Vidu-图生视频-q2-pro-fast,https://www.runninghub.cn/runninghub-api-doc-cn/api-425766646.md,Video,duration,4,4,unknown,parsed_html
runninghub,Vidu-图生视频-q2-pro-fast,https://www.runninghub.cn/runninghub-api-doc-cn/api-425766646.md,Video,duration,5,5,unknown,parsed_html
runninghub,Vidu-图生视频-q2-pro-fast,https://www.runninghub.cn/runninghub-api-doc-cn/api-425766646.md,Video,duration,6,6,unknown,parsed_html
runninghub,Vidu-图生视频-q2-pro-fast,https://www.runninghub.cn/runninghub-api-doc-cn/api-425766646.md,Video,duration,7,7,unknown,parsed_html
runninghub,Vidu-图生视频-q2-pro-fast,https://www.runninghub.cn/runninghub-api-doc-cn/api-425766646.md,Video,duration,8,8,unknown,parsed_html
runninghub,Vidu-图生视频-q2-pro-fast,https://www.runninghub.cn/runninghub-api-doc-cn/api-425766646.md,Video,duration,9,9,unknown,parsed_html
runninghub,Vidu-图生视频-q2-pro-fast,https://www.runninghub.cn/runninghub-api-doc-cn/api-425766646.md,Video,duration,10,10,unknown,parsed_html
runninghub,Vidu-图生视频-q2-pro-fast,https://www.runninghub.cn/runninghub-api-doc-cn/api-425766646.md,Video,resolution,720p,1,unknown,parsed_html
runninghub,Vidu-图生视频-q2-pro-fast,https://www.runninghub.cn/runninghub-api-doc-cn/api-425766646.md,Video,resolution,1080p,2,unknown,parsed_html
runninghub,Vidu-图生视频-q2-pro-fast,https://www.runninghub.cn/runninghub-api-doc-cn/api-425766646.md,Video,movementAmplitude,auto,1,unknown,parsed_html
runninghub,Vidu-图生视频-q2-pro-fast,https://www.runninghub.cn/runninghub-api-doc-cn/api-425766646.md,Video,movementAmplitude,small,2,unknown,parsed_html
runninghub,Vidu-图生视频-q2-pro-fast,https://www.runninghub.cn/runninghub-api-doc-cn/api-425766646.md,Video,movementAmplitude,medium,3,unknown,parsed_html
runninghub,Vidu-图生视频-q2-pro-fast,https://www.runninghub.cn/runninghub-api-doc-cn/api-425766646.md,Video,movementAmplitude,large,4,unknown,parsed_html
runninghub,Vidu-图生视频-q2-pro-fast,https://www.runninghub.cn/runninghub-api-doc-cn/api-425766646.md,Video,__task_status,QUEUED,1,unknown,parsed_html
runninghub,Vidu-图生视频-q2-pro-fast,https://www.runninghub.cn/runninghub-api-doc-cn/api-425766646.md,Video,__task_status,RUNNING,2,unknown,parsed_html
runninghub,Vidu-图生视频-q2-pro-fast,https://www.runninghub.cn/runninghub-api-doc-cn/api-425766646.md,Video,__task_status,SUCCESS,3,unknown,parsed_html
runninghub,Vidu-图生视频-q2-pro-fast,https://www.runninghub.cn/runninghub-api-doc-cn/api-425766646.md,Video,__task_status,FAILED,4,unknown,parsed_html
runninghub,Vidu-首尾帧生视频-q2-pro-fast,https://www.runninghub.cn/runninghub-api-doc-cn/api-425766647.md,Video,duration,1,1,unknown,parsed_html
runninghub,Vidu-首尾帧生视频-q2-pro-fast,https://www.runninghub.cn/runninghub-api-doc-cn/api-425766647.md,Video,duration,2,2,unknown,parsed_html
runninghub,Vidu-首尾帧生视频-q2-pro-fast,https://www.runninghub.cn/runninghub-api-doc-cn/api-425766647.md,Video,duration,3,3,unknown,parsed_html
runninghub,Vidu-首尾帧生视频-q2-pro-fast,https://www.runninghub.cn/runninghub-api-doc-cn/api-425766647.md,Video,duration,4,4,unknown,parsed_html
runninghub,Vidu-首尾帧生视频-q2-pro-fast,https://www.runninghub.cn/runninghub-api-doc-cn/api-425766647.md,Video,duration,5,5,unknown,parsed_html
runninghub,Vidu-首尾帧生视频-q2-pro-fast,https://www.runninghub.cn/runninghub-api-doc-cn/api-425766647.md,Video,duration,6,6,unknown,parsed_html
runninghub,Vidu-首尾帧生视频-q2-pro-fast,https://www.runninghub.cn/runninghub-api-doc-cn/api-425766647.md,Video,duration,7,7,unknown,parsed_html
runninghub,Vidu-首尾帧生视频-q2-pro-fast,https://www.runninghub.cn/runninghub-api-doc-cn/api-425766647.md,Video,duration,8,8,unknown,parsed_html
runninghub,Vidu-首尾帧生视频-q2-pro-fast,https://www.runninghub.cn/runninghub-api-doc-cn/api-425766647.md,Video,resolution,720p,1,unknown,parsed_html
runninghub,Vidu-首尾帧生视频-q2-pro-fast,https://www.runninghub.cn/runninghub-api-doc-cn/api-425766647.md,Video,resolution,1080p,2,unknown,parsed_html
runninghub,Vidu-首尾帧生视频-q2-pro-fast,https://www.runninghub.cn/runninghub-api-doc-cn/api-425766647.md,Video,movementAmplitude,auto,1,unknown,parsed_html
runninghub,Vidu-首尾帧生视频-q2-pro-fast,https://www.runninghub.cn/runninghub-api-doc-cn/api-425766647.md,Video,movementAmplitude,small,2,unknown,parsed_html
runninghub,Vidu-首尾帧生视频-q2-pro-fast,https://www.runninghub.cn/runninghub-api-doc-cn/api-425766647.md,Video,movementAmplitude,medium,3,unknown,parsed_html
runninghub,Vidu-首尾帧生视频-q2-pro-fast,https://www.runninghub.cn/runninghub-api-doc-cn/api-425766647.md,Video,movementAmplitude,large,4,unknown,parsed_html
runninghub,Vidu-首尾帧生视频-q2-pro-fast,https://www.runninghub.cn/runninghub-api-doc-cn/api-425766647.md,Video,__task_status,QUEUED,1,unknown,parsed_html
runninghub,Vidu-首尾帧生视频-q2-pro-fast,https://www.runninghub.cn/runninghub-api-doc-cn/api-425766647.md,Video,__task_status,RUNNING,2,unknown,parsed_html
runninghub,Vidu-首尾帧生视频-q2-pro-fast,https://www.runninghub.cn/runninghub-api-doc-cn/api-425766647.md,Video,__task_status,SUCCESS,3,unknown,parsed_html
runninghub,Vidu-首尾帧生视频-q2-pro-fast,https://www.runninghub.cn/runninghub-api-doc-cn/api-425766647.md,Video,__task_status,FAILED,4,unknown,parsed_html
runninghub,Vidu-图生视频-q3-turbo,https://www.runninghub.cn/runninghub-api-doc-cn/api-425766648.md,Video,duration,1,1,unknown,parsed_html
runninghub,Vidu-图生视频-q3-turbo,https://www.runninghub.cn/runninghub-api-doc-cn/api-425766648.md,Video,duration,2,2,unknown,parsed_html
runninghub,Vidu-图生视频-q3-turbo,https://www.runninghub.cn/runninghub-api-doc-cn/api-425766648.md,Video,duration,3,3,unknown,parsed_html
runninghub,Vidu-图生视频-q3-turbo,https://www.runninghub.cn/runninghub-api-doc-cn/api-425766648.md,Video,duration,4,4,unknown,parsed_html
runninghub,Vidu-图生视频-q3-turbo,https://www.runninghub.cn/runninghub-api-doc-cn/api-425766648.md,Video,duration,5,5,unknown,parsed_html
runninghub,Vidu-图生视频-q3-turbo,https://www.runninghub.cn/runninghub-api-doc-cn/api-425766648.md,Video,duration,6,6,unknown,parsed_html
runninghub,Vidu-图生视频-q3-turbo,https://www.runninghub.cn/runninghub-api-doc-cn/api-425766648.md,Video,duration,7,7,unknown,parsed_html
runninghub,Vidu-图生视频-q3-turbo,https://www.runninghub.cn/runninghub-api-doc-cn/api-425766648.md,Video,duration,8,8,unknown,parsed_html
runninghub,Vidu-图生视频-q3-turbo,https://www.runninghub.cn/runninghub-api-doc-cn/api-425766648.md,Video,duration,9,9,unknown,parsed_html
runninghub,Vidu-图生视频-q3-turbo,https://www.runninghub.cn/runninghub-api-doc-cn/api-425766648.md,Video,duration,10,10,unknown,parsed_html
runninghub,Vidu-图生视频-q3-turbo,https://www.runninghub.cn/runninghub-api-doc-cn/api-425766648.md,Video,duration,11,11,unknown,parsed_html
runninghub,Vidu-图生视频-q3-turbo,https://www.runninghub.cn/runninghub-api-doc-cn/api-425766648.md,Video,duration,12,12,unknown,parsed_html
runninghub,Vidu-图生视频-q3-turbo,https://www.runninghub.cn/runninghub-api-doc-cn/api-425766648.md,Video,duration,13,13,unknown,parsed_html
runninghub,Vidu-图生视频-q3-turbo,https://www.runninghub.cn/runninghub-api-doc-cn/api-425766648.md,Video,duration,14,14,unknown,parsed_html
runninghub,Vidu-图生视频-q3-turbo,https://www.runninghub.cn/runninghub-api-doc-cn/api-425766648.md,Video,duration,15,15,unknown,parsed_html
runninghub,Vidu-图生视频-q3-turbo,https://www.runninghub.cn/runninghub-api-doc-cn/api-425766648.md,Video,duration,16,16,unknown,parsed_html
runninghub,Vidu-图生视频-q3-turbo,https://www.runninghub.cn/runninghub-api-doc-cn/api-425766648.md,Video,resolution,540p,1,unknown,parsed_html
runninghub,Vidu-图生视频-q3-turbo,https://www.runninghub.cn/runninghub-api-doc-cn/api-425766648.md,Video,resolution,720p,2,unknown,parsed_html
runninghub,Vidu-图生视频-q3-turbo,https://www.runninghub.cn/runninghub-api-doc-cn/api-425766648.md,Video,resolution,1080p,3,unknown,parsed_html
runninghub,Vidu-图生视频-q3-turbo,https://www.runninghub.cn/runninghub-api-doc-cn/api-425766648.md,Video,__task_status,QUEUED,1,unknown,parsed_html
runninghub,Vidu-图生视频-q3-turbo,https://www.runninghub.cn/runninghub-api-doc-cn/api-425766648.md,Video,__task_status,RUNNING,2,unknown,parsed_html
runninghub,Vidu-图生视频-q3-turbo,https://www.runninghub.cn/runninghub-api-doc-cn/api-425766648.md,Video,__task_status,SUCCESS,3,unknown,parsed_html
runninghub,Vidu-图生视频-q3-turbo,https://www.runninghub.cn/runninghub-api-doc-cn/api-425766648.md,Video,__task_status,FAILED,4,unknown,parsed_html
runninghub,Vidu-首尾帧生视频-q3-turbo,https://www.runninghub.cn/runninghub-api-doc-cn/api-425766649.md,Video,duration,1,1,unknown,parsed_html
runninghub,Vidu-首尾帧生视频-q3-turbo,https://www.runninghub.cn/runninghub-api-doc-cn/api-425766649.md,Video,duration,2,2,unknown,parsed_html
runninghub,Vidu-首尾帧生视频-q3-turbo,https://www.runninghub.cn/runninghub-api-doc-cn/api-425766649.md,Video,duration,3,3,unknown,parsed_html
runninghub,Vidu-首尾帧生视频-q3-turbo,https://www.runninghub.cn/runninghub-api-doc-cn/api-425766649.md,Video,duration,4,4,unknown,parsed_html
runninghub,Vidu-首尾帧生视频-q3-turbo,https://www.runninghub.cn/runninghub-api-doc-cn/api-425766649.md,Video,duration,5,5,unknown,parsed_html
runninghub,Vidu-首尾帧生视频-q3-turbo,https://www.runninghub.cn/runninghub-api-doc-cn/api-425766649.md,Video,duration,6,6,unknown,parsed_html
runninghub,Vidu-首尾帧生视频-q3-turbo,https://www.runninghub.cn/runninghub-api-doc-cn/api-425766649.md,Video,duration,7,7,unknown,parsed_html
runninghub,Vidu-首尾帧生视频-q3-turbo,https://www.runninghub.cn/runninghub-api-doc-cn/api-425766649.md,Video,duration,8,8,unknown,parsed_html
runninghub,Vidu-首尾帧生视频-q3-turbo,https://www.runninghub.cn/runninghub-api-doc-cn/api-425766649.md,Video,duration,9,9,unknown,parsed_html
runninghub,Vidu-首尾帧生视频-q3-turbo,https://www.runninghub.cn/runninghub-api-doc-cn/api-425766649.md,Video,duration,10,10,unknown,parsed_html
runninghub,Vidu-首尾帧生视频-q3-turbo,https://www.runninghub.cn/runninghub-api-doc-cn/api-425766649.md,Video,duration,11,11,unknown,parsed_html
runninghub,Vidu-首尾帧生视频-q3-turbo,https://www.runninghub.cn/runninghub-api-doc-cn/api-425766649.md,Video,duration,12,12,unknown,parsed_html
runninghub,Vidu-首尾帧生视频-q3-turbo,https://www.runninghub.cn/runninghub-api-doc-cn/api-425766649.md,Video,duration,13,13,unknown,parsed_html
runninghub,Vidu-首尾帧生视频-q3-turbo,https://www.runninghub.cn/runninghub-api-doc-cn/api-425766649.md,Video,duration,14,14,unknown,parsed_html
runninghub,Vidu-首尾帧生视频-q3-turbo,https://www.runninghub.cn/runninghub-api-doc-cn/api-425766649.md,Video,duration,15,15,unknown,parsed_html
runninghub,Vidu-首尾帧生视频-q3-turbo,https://www.runninghub.cn/runninghub-api-doc-cn/api-425766649.md,Video,duration,16,16,unknown,parsed_html
runninghub,Vidu-首尾帧生视频-q3-turbo,https://www.runninghub.cn/runninghub-api-doc-cn/api-425766649.md,Video,resolution,540p,1,unknown,parsed_html
runninghub,Vidu-首尾帧生视频-q3-turbo,https://www.runninghub.cn/runninghub-api-doc-cn/api-425766649.md,Video,resolution,720p,2,unknown,parsed_html
runninghub,Vidu-首尾帧生视频-q3-turbo,https://www.runninghub.cn/runninghub-api-doc-cn/api-425766649.md,Video,resolution,1080p,3,unknown,parsed_html
runninghub,Vidu-首尾帧生视频-q3-turbo,https://www.runninghub.cn/runninghub-api-doc-cn/api-425766649.md,Video,movementAmplitude,auto,1,unknown,parsed_html
runninghub,Vidu-首尾帧生视频-q3-turbo,https://www.runninghub.cn/runninghub-api-doc-cn/api-425766649.md,Video,movementAmplitude,small,2,unknown,parsed_html
runninghub,Vidu-首尾帧生视频-q3-turbo,https://www.runninghub.cn/runninghub-api-doc-cn/api-425766649.md,Video,movementAmplitude,medium,3,unknown,parsed_html
runninghub,Vidu-首尾帧生视频-q3-turbo,https://www.runninghub.cn/runninghub-api-doc-cn/api-425766649.md,Video,movementAmplitude,large,4,unknown,parsed_html
runninghub,Vidu-首尾帧生视频-q3-turbo,https://www.runninghub.cn/runninghub-api-doc-cn/api-425766649.md,Video,__task_status,QUEUED,1,unknown,parsed_html
runninghub,Vidu-首尾帧生视频-q3-turbo,https://www.runninghub.cn/runninghub-api-doc-cn/api-425766649.md,Video,__task_status,RUNNING,2,unknown,parsed_html
runninghub,Vidu-首尾帧生视频-q3-turbo,https://www.runninghub.cn/runninghub-api-doc-cn/api-425766649.md,Video,__task_status,SUCCESS,3,unknown,parsed_html
runninghub,Vidu-首尾帧生视频-q3-turbo,https://www.runninghub.cn/runninghub-api-doc-cn/api-425766649.md,Video,__task_status,FAILED,4,unknown,parsed_html
runninghub,Vidu-首尾帧生视频-q3-pro,https://www.runninghub.cn/runninghub-api-doc-cn/api-425766650.md,Video,duration,1,1,unknown,parsed_html
runninghub,Vidu-首尾帧生视频-q3-pro,https://www.runninghub.cn/runninghub-api-doc-cn/api-425766650.md,Video,duration,2,2,unknown,parsed_html
runninghub,Vidu-首尾帧生视频-q3-pro,https://www.runninghub.cn/runninghub-api-doc-cn/api-425766650.md,Video,duration,3,3,unknown,parsed_html
runninghub,Vidu-首尾帧生视频-q3-pro,https://www.runninghub.cn/runninghub-api-doc-cn/api-425766650.md,Video,duration,4,4,unknown,parsed_html
runninghub,Vidu-首尾帧生视频-q3-pro,https://www.runninghub.cn/runninghub-api-doc-cn/api-425766650.md,Video,duration,5,5,unknown,parsed_html
runninghub,Vidu-首尾帧生视频-q3-pro,https://www.runninghub.cn/runninghub-api-doc-cn/api-425766650.md,Video,duration,6,6,unknown,parsed_html
runninghub,Vidu-首尾帧生视频-q3-pro,https://www.runninghub.cn/runninghub-api-doc-cn/api-425766650.md,Video,duration,7,7,unknown,parsed_html
runninghub,Vidu-首尾帧生视频-q3-pro,https://www.runninghub.cn/runninghub-api-doc-cn/api-425766650.md,Video,duration,8,8,unknown,parsed_html
runninghub,Vidu-首尾帧生视频-q3-pro,https://www.runninghub.cn/runninghub-api-doc-cn/api-425766650.md,Video,duration,9,9,unknown,parsed_html
runninghub,Vidu-首尾帧生视频-q3-pro,https://www.runninghub.cn/runninghub-api-doc-cn/api-425766650.md,Video,duration,10,10,unknown,parsed_html
runninghub,Vidu-首尾帧生视频-q3-pro,https://www.runninghub.cn/runninghub-api-doc-cn/api-425766650.md,Video,duration,11,11,unknown,parsed_html
runninghub,Vidu-首尾帧生视频-q3-pro,https://www.runninghub.cn/runninghub-api-doc-cn/api-425766650.md,Video,duration,12,12,unknown,parsed_html
runninghub,Vidu-首尾帧生视频-q3-pro,https://www.runninghub.cn/runninghub-api-doc-cn/api-425766650.md,Video,duration,13,13,unknown,parsed_html
runninghub,Vidu-首尾帧生视频-q3-pro,https://www.runninghub.cn/runninghub-api-doc-cn/api-425766650.md,Video,duration,14,14,unknown,parsed_html
runninghub,Vidu-首尾帧生视频-q3-pro,https://www.runninghub.cn/runninghub-api-doc-cn/api-425766650.md,Video,duration,15,15,unknown,parsed_html
runninghub,Vidu-首尾帧生视频-q3-pro,https://www.runninghub.cn/runninghub-api-doc-cn/api-425766650.md,Video,duration,16,16,unknown,parsed_html
runninghub,Vidu-首尾帧生视频-q3-pro,https://www.runninghub.cn/runninghub-api-doc-cn/api-425766650.md,Video,resolution,540p,1,unknown,parsed_html
runninghub,Vidu-首尾帧生视频-q3-pro,https://www.runninghub.cn/runninghub-api-doc-cn/api-425766650.md,Video,resolution,720p,2,unknown,parsed_html
runninghub,Vidu-首尾帧生视频-q3-pro,https://www.runninghub.cn/runninghub-api-doc-cn/api-425766650.md,Video,resolution,1080p,3,unknown,parsed_html
runninghub,Vidu-首尾帧生视频-q3-pro,https://www.runninghub.cn/runninghub-api-doc-cn/api-425766650.md,Video,movementAmplitude,auto,1,unknown,parsed_html
runninghub,Vidu-首尾帧生视频-q3-pro,https://www.runninghub.cn/runninghub-api-doc-cn/api-425766650.md,Video,movementAmplitude,small,2,unknown,parsed_html
runninghub,Vidu-首尾帧生视频-q3-pro,https://www.runninghub.cn/runninghub-api-doc-cn/api-425766650.md,Video,movementAmplitude,medium,3,unknown,parsed_html
runninghub,Vidu-首尾帧生视频-q3-pro,https://www.runninghub.cn/runninghub-api-doc-cn/api-425766650.md,Video,movementAmplitude,large,4,unknown,parsed_html
runninghub,Vidu-首尾帧生视频-q3-pro,https://www.runninghub.cn/runninghub-api-doc-cn/api-425766650.md,Video,__task_status,QUEUED,1,unknown,parsed_html
runninghub,Vidu-首尾帧生视频-q3-pro,https://www.runninghub.cn/runninghub-api-doc-cn/api-425766650.md,Video,__task_status,RUNNING,2,unknown,parsed_html
runninghub,Vidu-首尾帧生视频-q3-pro,https://www.runninghub.cn/runninghub-api-doc-cn/api-425766650.md,Video,__task_status,SUCCESS,3,unknown,parsed_html
runninghub,Vidu-首尾帧生视频-q3-pro,https://www.runninghub.cn/runninghub-api-doc-cn/api-425766650.md,Video,__task_status,FAILED,4,unknown,parsed_html
runninghub,可灵图生视频o1,https://www.runninghub.cn/runninghub-api-doc-cn/api-425766651.md,Video,aspectRatio,1:1,1,unknown,parsed_html
runninghub,可灵图生视频o1,https://www.runninghub.cn/runninghub-api-doc-cn/api-425766651.md,Video,aspectRatio,9:16,2,unknown,parsed_html
runninghub,可灵图生视频o1,https://www.runninghub.cn/runninghub-api-doc-cn/api-425766651.md,Video,aspectRatio,16:9,3,unknown,parsed_html
runninghub,可灵图生视频o1,https://www.runninghub.cn/runninghub-api-doc-cn/api-425766651.md,Video,duration,5,1,unknown,parsed_html
runninghub,可灵图生视频o1,https://www.runninghub.cn/runninghub-api-doc-cn/api-425766651.md,Video,duration,10,2,unknown,parsed_html
runninghub,可灵图生视频o1,https://www.runninghub.cn/runninghub-api-doc-cn/api-425766651.md,Video,mode,std,1,unknown,parsed_html
runninghub,可灵图生视频o1,https://www.runninghub.cn/runninghub-api-doc-cn/api-425766651.md,Video,mode,pro,2,unknown,parsed_html
runninghub,可灵图生视频o1,https://www.runninghub.cn/runninghub-api-doc-cn/api-425766651.md,Video,__task_status,QUEUED,1,unknown,parsed_html
runninghub,可灵图生视频o1,https://www.runninghub.cn/runninghub-api-doc-cn/api-425766651.md,Video,__task_status,RUNNING,2,unknown,parsed_html
runninghub,可灵图生视频o1,https://www.runninghub.cn/runninghub-api-doc-cn/api-425766651.md,Video,__task_status,SUCCESS,3,unknown,parsed_html
runninghub,可灵图生视频o1,https://www.runninghub.cn/runninghub-api-doc-cn/api-425766651.md,Video,__task_status,FAILED,4,unknown,parsed_html
runninghub,可灵首尾帧生视频o1,https://www.runninghub.cn/runninghub-api-doc-cn/api-425766652.md,Video,aspectRatio,1:1,1,unknown,parsed_html
runninghub,可灵首尾帧生视频o1,https://www.runninghub.cn/runninghub-api-doc-cn/api-425766652.md,Video,aspectRatio,9:16,2,unknown,parsed_html
runninghub,可灵首尾帧生视频o1,https://www.runninghub.cn/runninghub-api-doc-cn/api-425766652.md,Video,aspectRatio,16:9,3,unknown,parsed_html
runninghub,可灵首尾帧生视频o1,https://www.runninghub.cn/runninghub-api-doc-cn/api-425766652.md,Video,duration,5,1,unknown,parsed_html
runninghub,可灵首尾帧生视频o1,https://www.runninghub.cn/runninghub-api-doc-cn/api-425766652.md,Video,duration,10,2,unknown,parsed_html
runninghub,可灵首尾帧生视频o1,https://www.runninghub.cn/runninghub-api-doc-cn/api-425766652.md,Video,mode,std,1,unknown,parsed_html
runninghub,可灵首尾帧生视频o1,https://www.runninghub.cn/runninghub-api-doc-cn/api-425766652.md,Video,mode,pro,2,unknown,parsed_html
runninghub,可灵首尾帧生视频o1,https://www.runninghub.cn/runninghub-api-doc-cn/api-425766652.md,Video,__task_status,QUEUED,1,unknown,parsed_html
runninghub,可灵首尾帧生视频o1,https://www.runninghub.cn/runninghub-api-doc-cn/api-425766652.md,Video,__task_status,RUNNING,2,unknown,parsed_html
runninghub,可灵首尾帧生视频o1,https://www.runninghub.cn/runninghub-api-doc-cn/api-425766652.md,Video,__task_status,SUCCESS,3,unknown,parsed_html
runninghub,可灵首尾帧生视频o1,https://www.runninghub.cn/runninghub-api-doc-cn/api-425766652.md,Video,__task_status,FAILED,4,unknown,parsed_html
runninghub,万相2.6-图生视频Flash,https://www.runninghub.cn/runninghub-api-doc-cn/api-425766653.md,Video,resolution,720p,1,unknown,parsed_html
runninghub,万相2.6-图生视频Flash,https://www.runninghub.cn/runninghub-api-doc-cn/api-425766653.md,Video,resolution,1080p,2,unknown,parsed_html
runninghub,万相2.6-图生视频Flash,https://www.runninghub.cn/runninghub-api-doc-cn/api-425766653.md,Video,duration,2,1,unknown,parsed_html
runninghub,万相2.6-图生视频Flash,https://www.runninghub.cn/runninghub-api-doc-cn/api-425766653.md,Video,duration,3,2,unknown,parsed_html
runninghub,万相2.6-图生视频Flash,https://www.runninghub.cn/runninghub-api-doc-cn/api-425766653.md,Video,duration,4,3,unknown,parsed_html
runninghub,万相2.6-图生视频Flash,https://www.runninghub.cn/runninghub-api-doc-cn/api-425766653.md,Video,duration,5,4,unknown,parsed_html
runninghub,万相2.6-图生视频Flash,https://www.runninghub.cn/runninghub-api-doc-cn/api-425766653.md,Video,duration,6,5,unknown,parsed_html
runninghub,万相2.6-图生视频Flash,https://www.runninghub.cn/runninghub-api-doc-cn/api-425766653.md,Video,duration,7,6,unknown,parsed_html
runninghub,万相2.6-图生视频Flash,https://www.runninghub.cn/runninghub-api-doc-cn/api-425766653.md,Video,duration,8,7,unknown,parsed_html
runninghub,万相2.6-图生视频Flash,https://www.runninghub.cn/runninghub-api-doc-cn/api-425766653.md,Video,duration,9,8,unknown,parsed_html
runninghub,万相2.6-图生视频Flash,https://www.runninghub.cn/runninghub-api-doc-cn/api-425766653.md,Video,duration,10,9,unknown,parsed_html
runninghub,万相2.6-图生视频Flash,https://www.runninghub.cn/runninghub-api-doc-cn/api-425766653.md,Video,duration,11,10,unknown,parsed_html
runninghub,万相2.6-图生视频Flash,https://www.runninghub.cn/runninghub-api-doc-cn/api-425766653.md,Video,duration,12,11,unknown,parsed_html
runninghub,万相2.6-图生视频Flash,https://www.runninghub.cn/runninghub-api-doc-cn/api-425766653.md,Video,duration,13,12,unknown,parsed_html
runninghub,万相2.6-图生视频Flash,https://www.runninghub.cn/runninghub-api-doc-cn/api-425766653.md,Video,duration,14,13,unknown,parsed_html
runninghub,万相2.6-图生视频Flash,https://www.runninghub.cn/runninghub-api-doc-cn/api-425766653.md,Video,duration,15,14,unknown,parsed_html
runninghub,万相2.6-图生视频Flash,https://www.runninghub.cn/runninghub-api-doc-cn/api-425766653.md,Video,shotType,single,1,unknown,parsed_html
runninghub,万相2.6-图生视频Flash,https://www.runninghub.cn/runninghub-api-doc-cn/api-425766653.md,Video,shotType,multi,2,unknown,parsed_html
runninghub,万相2.6-图生视频Flash,https://www.runninghub.cn/runninghub-api-doc-cn/api-425766653.md,Video,__task_status,QUEUED,1,unknown,parsed_html
runninghub,万相2.6-图生视频Flash,https://www.runninghub.cn/runninghub-api-doc-cn/api-425766653.md,Video,__task_status,RUNNING,2,unknown,parsed_html
runninghub,万相2.6-图生视频Flash,https://www.runninghub.cn/runninghub-api-doc-cn/api-425766653.md,Video,__task_status,SUCCESS,3,unknown,parsed_html
runninghub,万相2.6-图生视频Flash,https://www.runninghub.cn/runninghub-api-doc-cn/api-425766653.md,Video,__task_status,FAILED,4,unknown,parsed_html
runninghub,万相2.6-图生视频,https://www.runninghub.cn/runninghub-api-doc-cn/api-425766654.md,Video,resolution,720p,1,unknown,parsed_html
runninghub,万相2.6-图生视频,https://www.runninghub.cn/runninghub-api-doc-cn/api-425766654.md,Video,resolution,1080p,2,unknown,parsed_html
runninghub,万相2.6-图生视频,https://www.runninghub.cn/runninghub-api-doc-cn/api-425766654.md,Video,duration,5,1,unknown,parsed_html
runninghub,万相2.6-图生视频,https://www.runninghub.cn/runninghub-api-doc-cn/api-425766654.md,Video,duration,10,2,unknown,parsed_html
runninghub,万相2.6-图生视频,https://www.runninghub.cn/runninghub-api-doc-cn/api-425766654.md,Video,duration,15,3,unknown,parsed_html
runninghub,万相2.6-图生视频,https://www.runninghub.cn/runninghub-api-doc-cn/api-425766654.md,Video,shotType,single,1,unknown,parsed_html
runninghub,万相2.6-图生视频,https://www.runninghub.cn/runninghub-api-doc-cn/api-425766654.md,Video,shotType,multi,2,unknown,parsed_html
runninghub,万相2.6-图生视频,https://www.runninghub.cn/runninghub-api-doc-cn/api-425766654.md,Video,__task_status,QUEUED,1,unknown,parsed_html
runninghub,万相2.6-图生视频,https://www.runninghub.cn/runninghub-api-doc-cn/api-425766654.md,Video,__task_status,RUNNING,2,unknown,parsed_html
runninghub,万相2.6-图生视频,https://www.runninghub.cn/runninghub-api-doc-cn/api-425766654.md,Video,__task_status,SUCCESS,3,unknown,parsed_html
runninghub,万相2.6-图生视频,https://www.runninghub.cn/runninghub-api-doc-cn/api-425766654.md,Video,__task_status,FAILED,4,unknown,parsed_html
runninghub,万相2.6-参考生视频,https://www.runninghub.cn/runninghub-api-doc-cn/api-425766655.md,Video,size,1280*720,1,unknown,parsed_html
runninghub,万相2.6-参考生视频,https://www.runninghub.cn/runninghub-api-doc-cn/api-425766655.md,Video,size,720*1280,2,unknown,parsed_html
runninghub,万相2.6-参考生视频,https://www.runninghub.cn/runninghub-api-doc-cn/api-425766655.md,Video,size,960*960,3,unknown,parsed_html
runninghub,万相2.6-参考生视频,https://www.runninghub.cn/runninghub-api-doc-cn/api-425766655.md,Video,size,1088*832,4,unknown,parsed_html
runninghub,万相2.6-参考生视频,https://www.runninghub.cn/runninghub-api-doc-cn/api-425766655.md,Video,size,832*1088,5,unknown,parsed_html
runninghub,万相2.6-参考生视频,https://www.runninghub.cn/runninghub-api-doc-cn/api-425766655.md,Video,size,1920*1080,6,unknown,parsed_html
runninghub,万相2.6-参考生视频,https://www.runninghub.cn/runninghub-api-doc-cn/api-425766655.md,Video,size,1080*1920,7,unknown,parsed_html
runninghub,万相2.6-参考生视频,https://www.runninghub.cn/runninghub-api-doc-cn/api-425766655.md,Video,size,1440*1440,8,unknown,parsed_html
runninghub,万相2.6-参考生视频,https://www.runninghub.cn/runninghub-api-doc-cn/api-425766655.md,Video,size,1632*1248,9,unknown,parsed_html
runninghub,万相2.6-参考生视频,https://www.runninghub.cn/runninghub-api-doc-cn/api-425766655.md,Video,size,1248*1632,10,unknown,parsed_html
runninghub,万相2.6-参考生视频,https://www.runninghub.cn/runninghub-api-doc-cn/api-425766655.md,Video,duration,2,1,unknown,parsed_html
runninghub,万相2.6-参考生视频,https://www.runninghub.cn/runninghub-api-doc-cn/api-425766655.md,Video,duration,3,2,unknown,parsed_html
runninghub,万相2.6-参考生视频,https://www.runninghub.cn/runninghub-api-doc-cn/api-425766655.md,Video,duration,4,3,unknown,parsed_html
runninghub,万相2.6-参考生视频,https://www.runninghub.cn/runninghub-api-doc-cn/api-425766655.md,Video,duration,5,4,unknown,parsed_html
runninghub,万相2.6-参考生视频,https://www.runninghub.cn/runninghub-api-doc-cn/api-425766655.md,Video,duration,6,5,unknown,parsed_html
runninghub,万相2.6-参考生视频,https://www.runninghub.cn/runninghub-api-doc-cn/api-425766655.md,Video,duration,7,6,unknown,parsed_html
runninghub,万相2.6-参考生视频,https://www.runninghub.cn/runninghub-api-doc-cn/api-425766655.md,Video,duration,8,7,unknown,parsed_html
runninghub,万相2.6-参考生视频,https://www.runninghub.cn/runninghub-api-doc-cn/api-425766655.md,Video,duration,9,8,unknown,parsed_html
runninghub,万相2.6-参考生视频,https://www.runninghub.cn/runninghub-api-doc-cn/api-425766655.md,Video,duration,10,9,unknown,parsed_html
runninghub,万相2.6-参考生视频,https://www.runninghub.cn/runninghub-api-doc-cn/api-425766655.md,Video,shotType,single,1,unknown,parsed_html
runninghub,万相2.6-参考生视频,https://www.runninghub.cn/runninghub-api-doc-cn/api-425766655.md,Video,shotType,multi,2,unknown,parsed_html
runninghub,万相2.6-参考生视频,https://www.runninghub.cn/runninghub-api-doc-cn/api-425766655.md,Video,__task_status,QUEUED,1,unknown,parsed_html
runninghub,万相2.6-参考生视频,https://www.runninghub.cn/runninghub-api-doc-cn/api-425766655.md,Video,__task_status,RUNNING,2,unknown,parsed_html
runninghub,万相2.6-参考生视频,https://www.runninghub.cn/runninghub-api-doc-cn/api-425766655.md,Video,__task_status,SUCCESS,3,unknown,parsed_html
runninghub,万相2.6-参考生视频,https://www.runninghub.cn/runninghub-api-doc-cn/api-425766655.md,Video,__task_status,FAILED,4,unknown,parsed_html
runninghub,万相2.6-参考生视频Flash,https://www.runninghub.cn/runninghub-api-doc-cn/api-425766656.md,Video,size,1280*720,1,unknown,parsed_html
runninghub,万相2.6-参考生视频Flash,https://www.runninghub.cn/runninghub-api-doc-cn/api-425766656.md,Video,size,720*1280,2,unknown,parsed_html
runninghub,万相2.6-参考生视频Flash,https://www.runninghub.cn/runninghub-api-doc-cn/api-425766656.md,Video,size,960*960,3,unknown,parsed_html
runninghub,万相2.6-参考生视频Flash,https://www.runninghub.cn/runninghub-api-doc-cn/api-425766656.md,Video,size,1088*832,4,unknown,parsed_html
runninghub,万相2.6-参考生视频Flash,https://www.runninghub.cn/runninghub-api-doc-cn/api-425766656.md,Video,size,832*1088,5,unknown,parsed_html
runninghub,万相2.6-参考生视频Flash,https://www.runninghub.cn/runninghub-api-doc-cn/api-425766656.md,Video,size,1920*1080,6,unknown,parsed_html
runninghub,万相2.6-参考生视频Flash,https://www.runninghub.cn/runninghub-api-doc-cn/api-425766656.md,Video,size,1080*1920,7,unknown,parsed_html
runninghub,万相2.6-参考生视频Flash,https://www.runninghub.cn/runninghub-api-doc-cn/api-425766656.md,Video,size,1440*1440,8,unknown,parsed_html
runninghub,万相2.6-参考生视频Flash,https://www.runninghub.cn/runninghub-api-doc-cn/api-425766656.md,Video,size,1632*1248,9,unknown,parsed_html
runninghub,万相2.6-参考生视频Flash,https://www.runninghub.cn/runninghub-api-doc-cn/api-425766656.md,Video,size,1248*1632,10,unknown,parsed_html
runninghub,万相2.6-参考生视频Flash,https://www.runninghub.cn/runninghub-api-doc-cn/api-425766656.md,Video,duration,2,1,unknown,parsed_html
runninghub,万相2.6-参考生视频Flash,https://www.runninghub.cn/runninghub-api-doc-cn/api-425766656.md,Video,duration,3,2,unknown,parsed_html
runninghub,万相2.6-参考生视频Flash,https://www.runninghub.cn/runninghub-api-doc-cn/api-425766656.md,Video,duration,4,3,unknown,parsed_html
runninghub,万相2.6-参考生视频Flash,https://www.runninghub.cn/runninghub-api-doc-cn/api-425766656.md,Video,duration,5,4,unknown,parsed_html
runninghub,万相2.6-参考生视频Flash,https://www.runninghub.cn/runninghub-api-doc-cn/api-425766656.md,Video,duration,6,5,unknown,parsed_html
runninghub,万相2.6-参考生视频Flash,https://www.runninghub.cn/runninghub-api-doc-cn/api-425766656.md,Video,duration,7,6,unknown,parsed_html
runninghub,万相2.6-参考生视频Flash,https://www.runninghub.cn/runninghub-api-doc-cn/api-425766656.md,Video,duration,8,7,unknown,parsed_html
runninghub,万相2.6-参考生视频Flash,https://www.runninghub.cn/runninghub-api-doc-cn/api-425766656.md,Video,duration,9,8,unknown,parsed_html
runninghub,万相2.6-参考生视频Flash,https://www.runninghub.cn/runninghub-api-doc-cn/api-425766656.md,Video,duration,10,9,unknown,parsed_html
runninghub,万相2.6-参考生视频Flash,https://www.runninghub.cn/runninghub-api-doc-cn/api-425766656.md,Video,shotType,single,1,unknown,parsed_html
runninghub,万相2.6-参考生视频Flash,https://www.runninghub.cn/runninghub-api-doc-cn/api-425766656.md,Video,shotType,multi,2,unknown,parsed_html
runninghub,万相2.6-参考生视频Flash,https://www.runninghub.cn/runninghub-api-doc-cn/api-425766656.md,Video,__task_status,QUEUED,1,unknown,parsed_html
runninghub,万相2.6-参考生视频Flash,https://www.runninghub.cn/runninghub-api-doc-cn/api-425766656.md,Video,__task_status,RUNNING,2,unknown,parsed_html
runninghub,万相2.6-参考生视频Flash,https://www.runninghub.cn/runninghub-api-doc-cn/api-425766656.md,Video,__task_status,SUCCESS,3,unknown,parsed_html
runninghub,万相2.6-参考生视频Flash,https://www.runninghub.cn/runninghub-api-doc-cn/api-425766656.md,Video,__task_status,FAILED,4,unknown,parsed_html
runninghub,可灵图生视频2.5-turbo-pro,https://www.runninghub.cn/runninghub-api-doc-cn/api-425766657.md,Video,duration,5,1,unknown,parsed_html
runninghub,可灵图生视频2.5-turbo-pro,https://www.runninghub.cn/runninghub-api-doc-cn/api-425766657.md,Video,duration,10,2,unknown,parsed_html
runninghub,可灵图生视频2.5-turbo-pro,https://www.runninghub.cn/runninghub-api-doc-cn/api-425766657.md,Video,__task_status,QUEUED,1,unknown,parsed_html
runninghub,可灵图生视频2.5-turbo-pro,https://www.runninghub.cn/runninghub-api-doc-cn/api-425766657.md,Video,__task_status,RUNNING,2,unknown,parsed_html
runninghub,可灵图生视频2.5-turbo-pro,https://www.runninghub.cn/runninghub-api-doc-cn/api-425766657.md,Video,__task_status,SUCCESS,3,unknown,parsed_html
runninghub,可灵图生视频2.5-turbo-pro,https://www.runninghub.cn/runninghub-api-doc-cn/api-425766657.md,Video,__task_status,FAILED,4,unknown,parsed_html
runninghub,可灵图生视频2.5-turbo-std,https://www.runninghub.cn/runninghub-api-doc-cn/api-425766658.md,Video,duration,5,1,unknown,parsed_html
runninghub,可灵图生视频2.5-turbo-std,https://www.runninghub.cn/runninghub-api-doc-cn/api-425766658.md,Video,duration,10,2,unknown,parsed_html
runninghub,可灵图生视频2.5-turbo-std,https://www.runninghub.cn/runninghub-api-doc-cn/api-425766658.md,Video,__task_status,QUEUED,1,unknown,parsed_html
runninghub,可灵图生视频2.5-turbo-std,https://www.runninghub.cn/runninghub-api-doc-cn/api-425766658.md,Video,__task_status,RUNNING,2,unknown,parsed_html
runninghub,可灵图生视频2.5-turbo-std,https://www.runninghub.cn/runninghub-api-doc-cn/api-425766658.md,Video,__task_status,SUCCESS,3,unknown,parsed_html
runninghub,可灵图生视频2.5-turbo-std,https://www.runninghub.cn/runninghub-api-doc-cn/api-425766658.md,Video,__task_status,FAILED,4,unknown,parsed_html
runninghub,可灵图生视频2.6-pro,https://www.runninghub.cn/runninghub-api-doc-cn/api-425766659.md,Video,sound,true,1,unknown,parsed_html
runninghub,可灵图生视频2.6-pro,https://www.runninghub.cn/runninghub-api-doc-cn/api-425766659.md,Video,sound,false,2,unknown,parsed_html
runninghub,可灵图生视频2.6-pro,https://www.runninghub.cn/runninghub-api-doc-cn/api-425766659.md,Video,duration,5,1,unknown,parsed_html
runninghub,可灵图生视频2.6-pro,https://www.runninghub.cn/runninghub-api-doc-cn/api-425766659.md,Video,duration,10,2,unknown,parsed_html
runninghub,可灵图生视频2.6-pro,https://www.runninghub.cn/runninghub-api-doc-cn/api-425766659.md,Video,__task_status,QUEUED,1,unknown,parsed_html
runninghub,可灵图生视频2.6-pro,https://www.runninghub.cn/runninghub-api-doc-cn/api-425766659.md,Video,__task_status,RUNNING,2,unknown,parsed_html
runninghub,可灵图生视频2.6-pro,https://www.runninghub.cn/runninghub-api-doc-cn/api-425766659.md,Video,__task_status,SUCCESS,3,unknown,parsed_html
runninghub,可灵图生视频2.6-pro,https://www.runninghub.cn/runninghub-api-doc-cn/api-425766659.md,Video,__task_status,FAILED,4,unknown,parsed_html
runninghub,seedance-v1.5-pro-image-to-video-fast,https://www.runninghub.cn/runninghub-api-doc-cn/api-425766660.md,Video,aspectRatio,16:9,1,unknown,parsed_html
runninghub,seedance-v1.5-pro-image-to-video-fast,https://www.runninghub.cn/runninghub-api-doc-cn/api-425766660.md,Video,aspectRatio,9:16,2,unknown,parsed_html
runninghub,seedance-v1.5-pro-image-to-video-fast,https://www.runninghub.cn/runninghub-api-doc-cn/api-425766660.md,Video,aspectRatio,1:1,3,unknown,parsed_html
runninghub,seedance-v1.5-pro-image-to-video-fast,https://www.runninghub.cn/runninghub-api-doc-cn/api-425766660.md,Video,aspectRatio,4:3,4,unknown,parsed_html
runninghub,seedance-v1.5-pro-image-to-video-fast,https://www.runninghub.cn/runninghub-api-doc-cn/api-425766660.md,Video,aspectRatio,3:4,5,unknown,parsed_html
runninghub,seedance-v1.5-pro-image-to-video-fast,https://www.runninghub.cn/runninghub-api-doc-cn/api-425766660.md,Video,aspectRatio,21:9,6,unknown,parsed_html
runninghub,seedance-v1.5-pro-image-to-video-fast,https://www.runninghub.cn/runninghub-api-doc-cn/api-425766660.md,Video,aspectRatio,adaptive,7,unknown,parsed_html
runninghub,seedance-v1.5-pro-image-to-video-fast,https://www.runninghub.cn/runninghub-api-doc-cn/api-425766660.md,Video,duration,4,1,unknown,parsed_html
runninghub,seedance-v1.5-pro-image-to-video-fast,https://www.runninghub.cn/runninghub-api-doc-cn/api-425766660.md,Video,duration,5,2,unknown,parsed_html
runninghub,seedance-v1.5-pro-image-to-video-fast,https://www.runninghub.cn/runninghub-api-doc-cn/api-425766660.md,Video,duration,6,3,unknown,parsed_html
runninghub,seedance-v1.5-pro-image-to-video-fast,https://www.runninghub.cn/runninghub-api-doc-cn/api-425766660.md,Video,duration,7,4,unknown,parsed_html
runninghub,seedance-v1.5-pro-image-to-video-fast,https://www.runninghub.cn/runninghub-api-doc-cn/api-425766660.md,Video,duration,8,5,unknown,parsed_html
runninghub,seedance-v1.5-pro-image-to-video-fast,https://www.runninghub.cn/runninghub-api-doc-cn/api-425766660.md,Video,duration,9,6,unknown,parsed_html
runninghub,seedance-v1.5-pro-image-to-video-fast,https://www.runninghub.cn/runninghub-api-doc-cn/api-425766660.md,Video,duration,10,7,unknown,parsed_html
runninghub,seedance-v1.5-pro-image-to-video-fast,https://www.runninghub.cn/runninghub-api-doc-cn/api-425766660.md,Video,duration,11,8,unknown,parsed_html
runninghub,seedance-v1.5-pro-image-to-video-fast,https://www.runninghub.cn/runninghub-api-doc-cn/api-425766660.md,Video,duration,12,9,unknown,parsed_html
runninghub,seedance-v1.5-pro-image-to-video-fast,https://www.runninghub.cn/runninghub-api-doc-cn/api-425766660.md,Video,resolution,720p,1,unknown,parsed_html
runninghub,seedance-v1.5-pro-image-to-video-fast,https://www.runninghub.cn/runninghub-api-doc-cn/api-425766660.md,Video,resolution,1080p,2,unknown,parsed_html
runninghub,seedance-v1.5-pro-image-to-video-fast,https://www.runninghub.cn/runninghub-api-doc-cn/api-425766660.md,Video,generateAudio,true,1,unknown,parsed_html
runninghub,seedance-v1.5-pro-image-to-video-fast,https://www.runninghub.cn/runninghub-api-doc-cn/api-425766660.md,Video,generateAudio,false,2,unknown,parsed_html
runninghub,seedance-v1.5-pro-image-to-video-fast,https://www.runninghub.cn/runninghub-api-doc-cn/api-425766660.md,Video,cameraFixed,false,1,unknown,parsed_html
runninghub,seedance-v1.5-pro-image-to-video-fast,https://www.runninghub.cn/runninghub-api-doc-cn/api-425766660.md,Video,cameraFixed,true,2,unknown,parsed_html
runninghub,seedance-v1.5-pro-image-to-video-fast,https://www.runninghub.cn/runninghub-api-doc-cn/api-425766660.md,Video,__task_status,QUEUED,1,unknown,parsed_html
runninghub,seedance-v1.5-pro-image-to-video-fast,https://www.runninghub.cn/runninghub-api-doc-cn/api-425766660.md,Video,__task_status,RUNNING,2,unknown,parsed_html
runninghub,seedance-v1.5-pro-image-to-video-fast,https://www.runninghub.cn/runninghub-api-doc-cn/api-425766660.md,Video,__task_status,SUCCESS,3,unknown,parsed_html
runninghub,seedance-v1.5-pro-image-to-video-fast,https://www.runninghub.cn/runninghub-api-doc-cn/api-425766660.md,Video,__task_status,FAILED,4,unknown,parsed_html
runninghub,seedance-v1.5-pro-image-to-video,https://www.runninghub.cn/runninghub-api-doc-cn/api-425766661.md,Video,aspectRatio,16:9,1,unknown,parsed_html
runninghub,seedance-v1.5-pro-image-to-video,https://www.runninghub.cn/runninghub-api-doc-cn/api-425766661.md,Video,aspectRatio,9:16,2,unknown,parsed_html
runninghub,seedance-v1.5-pro-image-to-video,https://www.runninghub.cn/runninghub-api-doc-cn/api-425766661.md,Video,aspectRatio,1:1,3,unknown,parsed_html
runninghub,seedance-v1.5-pro-image-to-video,https://www.runninghub.cn/runninghub-api-doc-cn/api-425766661.md,Video,aspectRatio,4:3,4,unknown,parsed_html
runninghub,seedance-v1.5-pro-image-to-video,https://www.runninghub.cn/runninghub-api-doc-cn/api-425766661.md,Video,aspectRatio,3:4,5,unknown,parsed_html
runninghub,seedance-v1.5-pro-image-to-video,https://www.runninghub.cn/runninghub-api-doc-cn/api-425766661.md,Video,aspectRatio,21:9,6,unknown,parsed_html
runninghub,seedance-v1.5-pro-image-to-video,https://www.runninghub.cn/runninghub-api-doc-cn/api-425766661.md,Video,aspectRatio,adaptive,7,unknown,parsed_html
runninghub,seedance-v1.5-pro-image-to-video,https://www.runninghub.cn/runninghub-api-doc-cn/api-425766661.md,Video,duration,4,1,unknown,parsed_html
runninghub,seedance-v1.5-pro-image-to-video,https://www.runninghub.cn/runninghub-api-doc-cn/api-425766661.md,Video,duration,5,2,unknown,parsed_html
runninghub,seedance-v1.5-pro-image-to-video,https://www.runninghub.cn/runninghub-api-doc-cn/api-425766661.md,Video,duration,6,3,unknown,parsed_html
runninghub,seedance-v1.5-pro-image-to-video,https://www.runninghub.cn/runninghub-api-doc-cn/api-425766661.md,Video,duration,7,4,unknown,parsed_html
runninghub,seedance-v1.5-pro-image-to-video,https://www.runninghub.cn/runninghub-api-doc-cn/api-425766661.md,Video,duration,8,5,unknown,parsed_html
runninghub,seedance-v1.5-pro-image-to-video,https://www.runninghub.cn/runninghub-api-doc-cn/api-425766661.md,Video,duration,9,6,unknown,parsed_html
runninghub,seedance-v1.5-pro-image-to-video,https://www.runninghub.cn/runninghub-api-doc-cn/api-425766661.md,Video,duration,10,7,unknown,parsed_html
runninghub,seedance-v1.5-pro-image-to-video,https://www.runninghub.cn/runninghub-api-doc-cn/api-425766661.md,Video,duration,11,8,unknown,parsed_html
runninghub,seedance-v1.5-pro-image-to-video,https://www.runninghub.cn/runninghub-api-doc-cn/api-425766661.md,Video,duration,12,9,unknown,parsed_html
runninghub,seedance-v1.5-pro-image-to-video,https://www.runninghub.cn/runninghub-api-doc-cn/api-425766661.md,Video,resolution,480p,1,unknown,parsed_html
runninghub,seedance-v1.5-pro-image-to-video,https://www.runninghub.cn/runninghub-api-doc-cn/api-425766661.md,Video,resolution,720p,2,unknown,parsed_html
runninghub,seedance-v1.5-pro-image-to-video,https://www.runninghub.cn/runninghub-api-doc-cn/api-425766661.md,Video,resolution,1080p,3,unknown,parsed_html
runninghub,seedance-v1.5-pro-image-to-video,https://www.runninghub.cn/runninghub-api-doc-cn/api-425766661.md,Video,generateAudio,true,1,unknown,parsed_html
runninghub,seedance-v1.5-pro-image-to-video,https://www.runninghub.cn/runninghub-api-doc-cn/api-425766661.md,Video,generateAudio,false,2,unknown,parsed_html
runninghub,seedance-v1.5-pro-image-to-video,https://www.runninghub.cn/runninghub-api-doc-cn/api-425766661.md,Video,cameraFixed,false,1,unknown,parsed_html
runninghub,seedance-v1.5-pro-image-to-video,https://www.runninghub.cn/runninghub-api-doc-cn/api-425766661.md,Video,cameraFixed,true,2,unknown,parsed_html
runninghub,seedance-v1.5-pro-image-to-video,https://www.runninghub.cn/runninghub-api-doc-cn/api-425766661.md,Video,__task_status,QUEUED,1,unknown,parsed_html
runninghub,seedance-v1.5-pro-image-to-video,https://www.runninghub.cn/runninghub-api-doc-cn/api-425766661.md,Video,__task_status,RUNNING,2,unknown,parsed_html
runninghub,seedance-v1.5-pro-image-to-video,https://www.runninghub.cn/runninghub-api-doc-cn/api-425766661.md,Video,__task_status,SUCCESS,3,unknown,parsed_html
runninghub,seedance-v1.5-pro-image-to-video,https://www.runninghub.cn/runninghub-api-doc-cn/api-425766661.md,Video,__task_status,FAILED,4,unknown,parsed_html
runninghub,海螺-02-图生视频-标准,https://www.runninghub.cn/runninghub-api-doc-cn/api-425766667.md,Video,duration,6,1,unknown,parsed_html
runninghub,海螺-02-图生视频-标准,https://www.runninghub.cn/runninghub-api-doc-cn/api-425766667.md,Video,duration,10,2,unknown,parsed_html
runninghub,海螺-02-图生视频-标准,https://www.runninghub.cn/runninghub-api-doc-cn/api-425766667.md,Video,__task_status,QUEUED,1,unknown,parsed_html
runninghub,海螺-02-图生视频-标准,https://www.runninghub.cn/runninghub-api-doc-cn/api-425766667.md,Video,__task_status,RUNNING,2,unknown,parsed_html
runninghub,海螺-02-图生视频-标准,https://www.runninghub.cn/runninghub-api-doc-cn/api-425766667.md,Video,__task_status,SUCCESS,3,unknown,parsed_html
runninghub,海螺-02-图生视频-标准,https://www.runninghub.cn/runninghub-api-doc-cn/api-425766667.md,Video,__task_status,FAILED,4,unknown,parsed_html
runninghub,海螺-02-标准,https://www.runninghub.cn/runninghub-api-doc-cn/api-425766662.md,Video,duration,6,1,unknown,parsed_html
runninghub,海螺-02-标准,https://www.runninghub.cn/runninghub-api-doc-cn/api-425766662.md,Video,duration,10,2,unknown,parsed_html
runninghub,海螺-02-标准,https://www.runninghub.cn/runninghub-api-doc-cn/api-425766662.md,Video,__task_status,QUEUED,1,unknown,parsed_html
runninghub,海螺-02-标准,https://www.runninghub.cn/runninghub-api-doc-cn/api-425766662.md,Video,__task_status,RUNNING,2,unknown,parsed_html
runninghub,海螺-02-标准,https://www.runninghub.cn/runninghub-api-doc-cn/api-425766662.md,Video,__task_status,SUCCESS,3,unknown,parsed_html
runninghub,海螺-02-标准,https://www.runninghub.cn/runninghub-api-doc-cn/api-425766662.md,Video,__task_status,FAILED,4,unknown,parsed_html
runninghub,海螺-2.3-图生视频-标准,https://www.runninghub.cn/runninghub-api-doc-cn/api-425766663.md,Video,duration,6,1,unknown,parsed_html
runninghub,海螺-2.3-图生视频-标准,https://www.runninghub.cn/runninghub-api-doc-cn/api-425766663.md,Video,duration,10,2,unknown,parsed_html
runninghub,海螺-2.3-图生视频-标准,https://www.runninghub.cn/runninghub-api-doc-cn/api-425766663.md,Video,__task_status,QUEUED,1,unknown,parsed_html
runninghub,海螺-2.3-图生视频-标准,https://www.runninghub.cn/runninghub-api-doc-cn/api-425766663.md,Video,__task_status,RUNNING,2,unknown,parsed_html
runninghub,海螺-2.3-图生视频-标准,https://www.runninghub.cn/runninghub-api-doc-cn/api-425766663.md,Video,__task_status,SUCCESS,3,unknown,parsed_html
runninghub,海螺-2.3-图生视频-标准,https://www.runninghub.cn/runninghub-api-doc-cn/api-425766663.md,Video,__task_status,FAILED,4,unknown,parsed_html
runninghub,海螺-2.3-fast-图生视频,https://www.runninghub.cn/runninghub-api-doc-cn/api-425766665.md,Video,duration,6,1,unknown,parsed_html
runninghub,海螺-2.3-fast-图生视频,https://www.runninghub.cn/runninghub-api-doc-cn/api-425766665.md,Video,duration,10,2,unknown,parsed_html
runninghub,海螺-2.3-fast-图生视频,https://www.runninghub.cn/runninghub-api-doc-cn/api-425766665.md,Video,__task_status,QUEUED,1,unknown,parsed_html
runninghub,海螺-2.3-fast-图生视频,https://www.runninghub.cn/runninghub-api-doc-cn/api-425766665.md,Video,__task_status,RUNNING,2,unknown,parsed_html
runninghub,海螺-2.3-fast-图生视频,https://www.runninghub.cn/runninghub-api-doc-cn/api-425766665.md,Video,__task_status,SUCCESS,3,unknown,parsed_html
runninghub,海螺-2.3-fast-图生视频,https://www.runninghub.cn/runninghub-api-doc-cn/api-425766665.md,Video,__task_status,FAILED,4,unknown,parsed_html
runninghub,海螺-2.3-fast-pro-图生视频,https://www.runninghub.cn/runninghub-api-doc-cn/api-425766666.md,Video,__task_status,QUEUED,1,unknown,parsed_html
runninghub,海螺-2.3-fast-pro-图生视频,https://www.runninghub.cn/runninghub-api-doc-cn/api-425766666.md,Video,__task_status,RUNNING,2,unknown,parsed_html
runninghub,海螺-2.3-fast-pro-图生视频,https://www.runninghub.cn/runninghub-api-doc-cn/api-425766666.md,Video,__task_status,SUCCESS,3,unknown,parsed_html
runninghub,海螺-2.3-fast-pro-图生视频,https://www.runninghub.cn/runninghub-api-doc-cn/api-425766666.md,Video,__task_status,FAILED,4,unknown,parsed_html
runninghub,海螺-2.3-图生视频-pro,https://www.runninghub.cn/runninghub-api-doc-cn/api-425766664.md,Video,__task_status,QUEUED,1,unknown,parsed_html
runninghub,海螺-2.3-图生视频-pro,https://www.runninghub.cn/runninghub-api-doc-cn/api-425766664.md,Video,__task_status,RUNNING,2,unknown,parsed_html
runninghub,海螺-2.3-图生视频-pro,https://www.runninghub.cn/runninghub-api-doc-cn/api-425766664.md,Video,__task_status,SUCCESS,3,unknown,parsed_html
runninghub,海螺-2.3-图生视频-pro,https://www.runninghub.cn/runninghub-api-doc-cn/api-425766664.md,Video,__task_status,FAILED,4,unknown,parsed_html
runninghub,海螺-02-图生视频-pro,https://www.runninghub.cn/runninghub-api-doc-cn/api-425766668.md,Video,__task_status,QUEUED,1,unknown,parsed_html
runninghub,海螺-02-图生视频-pro,https://www.runninghub.cn/runninghub-api-doc-cn/api-425766668.md,Video,__task_status,RUNNING,2,unknown,parsed_html
runninghub,海螺-02-图生视频-pro,https://www.runninghub.cn/runninghub-api-doc-cn/api-425766668.md,Video,__task_status,SUCCESS,3,unknown,parsed_html
runninghub,海螺-02-图生视频-pro,https://www.runninghub.cn/runninghub-api-doc-cn/api-425766668.md,Video,__task_status,FAILED,4,unknown,parsed_html
runninghub,海螺-02-fast,https://www.runninghub.cn/runninghub-api-doc-cn/api-425766669.md,Video,duration,6,1,unknown,parsed_html
runninghub,海螺-02-fast,https://www.runninghub.cn/runninghub-api-doc-cn/api-425766669.md,Video,duration,10,2,unknown,parsed_html
runninghub,海螺-02-fast,https://www.runninghub.cn/runninghub-api-doc-cn/api-425766669.md,Video,__task_status,QUEUED,1,unknown,parsed_html
runninghub,海螺-02-fast,https://www.runninghub.cn/runninghub-api-doc-cn/api-425766669.md,Video,__task_status,RUNNING,2,unknown,parsed_html
runninghub,海螺-02-fast,https://www.runninghub.cn/runninghub-api-doc-cn/api-425766669.md,Video,__task_status,SUCCESS,3,unknown,parsed_html
runninghub,海螺-02-fast,https://www.runninghub.cn/runninghub-api-doc-cn/api-425766669.md,Video,__task_status,FAILED,4,unknown,parsed_html
runninghub,悠船图生视频,https://www.runninghub.cn/runninghub-api-doc-cn/api-425766670.md,Video,resolution,480p,1,unknown,parsed_html
runninghub,悠船图生视频,https://www.runninghub.cn/runninghub-api-doc-cn/api-425766670.md,Video,resolution,720p,2,unknown,parsed_html
runninghub,悠船图生视频,https://www.runninghub.cn/runninghub-api-doc-cn/api-425766670.md,Video,motion,low,1,unknown,parsed_html
runninghub,悠船图生视频,https://www.runninghub.cn/runninghub-api-doc-cn/api-425766670.md,Video,motion,high,2,unknown,parsed_html
runninghub,悠船图生视频,https://www.runninghub.cn/runninghub-api-doc-cn/api-425766670.md,Video,__task_status,QUEUED,1,unknown,parsed_html
runninghub,悠船图生视频,https://www.runninghub.cn/runninghub-api-doc-cn/api-425766670.md,Video,__task_status,RUNNING,2,unknown,parsed_html
runninghub,悠船图生视频,https://www.runninghub.cn/runninghub-api-doc-cn/api-425766670.md,Video,__task_status,SUCCESS,3,unknown,parsed_html
runninghub,悠船图生视频,https://www.runninghub.cn/runninghub-api-doc-cn/api-425766670.md,Video,__task_status,FAILED,4,unknown,parsed_html
runninghub,可灵图生视频o3-std,https://www.runninghub.cn/runninghub-api-doc-cn/api-425766671.md,Video,__task_status,QUEUED,1,unknown,parsed_html
runninghub,可灵图生视频o3-std,https://www.runninghub.cn/runninghub-api-doc-cn/api-425766671.md,Video,__task_status,RUNNING,2,unknown,parsed_html
runninghub,可灵图生视频o3-std,https://www.runninghub.cn/runninghub-api-doc-cn/api-425766671.md,Video,__task_status,SUCCESS,3,unknown,parsed_html
runninghub,可灵图生视频o3-std,https://www.runninghub.cn/runninghub-api-doc-cn/api-425766671.md,Video,__task_status,FAILED,4,unknown,parsed_html
runninghub,可灵图生视频o3-pro,https://www.runninghub.cn/runninghub-api-doc-cn/api-425766672.md,Video,__task_status,QUEUED,1,unknown,parsed_html
runninghub,可灵图生视频o3-pro,https://www.runninghub.cn/runninghub-api-doc-cn/api-425766672.md,Video,__task_status,RUNNING,2,unknown,parsed_html
runninghub,可灵图生视频o3-pro,https://www.runninghub.cn/runninghub-api-doc-cn/api-425766672.md,Video,__task_status,SUCCESS,3,unknown,parsed_html
runninghub,可灵图生视频o3-pro,https://www.runninghub.cn/runninghub-api-doc-cn/api-425766672.md,Video,__task_status,FAILED,4,unknown,parsed_html
runninghub,可灵图生视频3.0-std,https://www.runninghub.cn/runninghub-api-doc-cn/api-425766674.md,Video,duration,3,1,unknown,parsed_html
runninghub,可灵图生视频3.0-std,https://www.runninghub.cn/runninghub-api-doc-cn/api-425766674.md,Video,duration,4,2,unknown,parsed_html
runninghub,可灵图生视频3.0-std,https://www.runninghub.cn/runninghub-api-doc-cn/api-425766674.md,Video,duration,5,3,unknown,parsed_html
runninghub,可灵图生视频3.0-std,https://www.runninghub.cn/runninghub-api-doc-cn/api-425766674.md,Video,duration,6,4,unknown,parsed_html
runninghub,可灵图生视频3.0-std,https://www.runninghub.cn/runninghub-api-doc-cn/api-425766674.md,Video,duration,7,5,unknown,parsed_html
runninghub,可灵图生视频3.0-std,https://www.runninghub.cn/runninghub-api-doc-cn/api-425766674.md,Video,duration,8,6,unknown,parsed_html
runninghub,可灵图生视频3.0-std,https://www.runninghub.cn/runninghub-api-doc-cn/api-425766674.md,Video,duration,9,7,unknown,parsed_html
runninghub,可灵图生视频3.0-std,https://www.runninghub.cn/runninghub-api-doc-cn/api-425766674.md,Video,duration,10,8,unknown,parsed_html
runninghub,可灵图生视频3.0-std,https://www.runninghub.cn/runninghub-api-doc-cn/api-425766674.md,Video,duration,11,9,unknown,parsed_html
runninghub,可灵图生视频3.0-std,https://www.runninghub.cn/runninghub-api-doc-cn/api-425766674.md,Video,duration,12,10,unknown,parsed_html
runninghub,可灵图生视频3.0-std,https://www.runninghub.cn/runninghub-api-doc-cn/api-425766674.md,Video,duration,13,11,unknown,parsed_html
runninghub,可灵图生视频3.0-std,https://www.runninghub.cn/runninghub-api-doc-cn/api-425766674.md,Video,duration,14,12,unknown,parsed_html
runninghub,可灵图生视频3.0-std,https://www.runninghub.cn/runninghub-api-doc-cn/api-425766674.md,Video,duration,15,13,unknown,parsed_html
runninghub,可灵图生视频3.0-std,https://www.runninghub.cn/runninghub-api-doc-cn/api-425766674.md,Video,__task_status,QUEUED,1,unknown,parsed_html
runninghub,可灵图生视频3.0-std,https://www.runninghub.cn/runninghub-api-doc-cn/api-425766674.md,Video,__task_status,RUNNING,2,unknown,parsed_html
runninghub,可灵图生视频3.0-std,https://www.runninghub.cn/runninghub-api-doc-cn/api-425766674.md,Video,__task_status,SUCCESS,3,unknown,parsed_html
runninghub,可灵图生视频3.0-std,https://www.runninghub.cn/runninghub-api-doc-cn/api-425766674.md,Video,__task_status,FAILED,4,unknown,parsed_html
runninghub,可灵图生视频3.0-pro,https://www.runninghub.cn/runninghub-api-doc-cn/api-425766673.md,Video,duration,3,1,unknown,parsed_html
runninghub,可灵图生视频3.0-pro,https://www.runninghub.cn/runninghub-api-doc-cn/api-425766673.md,Video,duration,4,2,unknown,parsed_html
runninghub,可灵图生视频3.0-pro,https://www.runninghub.cn/runninghub-api-doc-cn/api-425766673.md,Video,duration,5,3,unknown,parsed_html
runninghub,可灵图生视频3.0-pro,https://www.runninghub.cn/runninghub-api-doc-cn/api-425766673.md,Video,duration,6,4,unknown,parsed_html
runninghub,可灵图生视频3.0-pro,https://www.runninghub.cn/runninghub-api-doc-cn/api-425766673.md,Video,duration,7,5,unknown,parsed_html
runninghub,可灵图生视频3.0-pro,https://www.runninghub.cn/runninghub-api-doc-cn/api-425766673.md,Video,duration,8,6,unknown,parsed_html
runninghub,可灵图生视频3.0-pro,https://www.runninghub.cn/runninghub-api-doc-cn/api-425766673.md,Video,duration,9,7,unknown,parsed_html
runninghub,可灵图生视频3.0-pro,https://www.runninghub.cn/runninghub-api-doc-cn/api-425766673.md,Video,duration,10,8,unknown,parsed_html
runninghub,可灵图生视频3.0-pro,https://www.runninghub.cn/runninghub-api-doc-cn/api-425766673.md,Video,duration,11,9,unknown,parsed_html
runninghub,可灵图生视频3.0-pro,https://www.runninghub.cn/runninghub-api-doc-cn/api-425766673.md,Video,duration,12,10,unknown,parsed_html
runninghub,可灵图生视频3.0-pro,https://www.runninghub.cn/runninghub-api-doc-cn/api-425766673.md,Video,duration,13,11,unknown,parsed_html
runninghub,可灵图生视频3.0-pro,https://www.runninghub.cn/runninghub-api-doc-cn/api-425766673.md,Video,duration,14,12,unknown,parsed_html
runninghub,可灵图生视频3.0-pro,https://www.runninghub.cn/runninghub-api-doc-cn/api-425766673.md,Video,duration,15,13,unknown,parsed_html
runninghub,可灵图生视频3.0-pro,https://www.runninghub.cn/runninghub-api-doc-cn/api-425766673.md,Video,__task_status,QUEUED,1,unknown,parsed_html
runninghub,可灵图生视频3.0-pro,https://www.runninghub.cn/runninghub-api-doc-cn/api-425766673.md,Video,__task_status,RUNNING,2,unknown,parsed_html
runninghub,可灵图生视频3.0-pro,https://www.runninghub.cn/runninghub-api-doc-cn/api-425766673.md,Video,__task_status,SUCCESS,3,unknown,parsed_html
runninghub,可灵图生视频3.0-pro,https://www.runninghub.cn/runninghub-api-doc-cn/api-425766673.md,Video,__task_status,FAILED,4,unknown,parsed_html
runninghub,全能视频S-图生视频-低价渠道版,https://www.runninghub.cn/runninghub-api-doc-cn/api-425766675.md,Video,duration,10,1,low_cost_channel,parsed_html
runninghub,全能视频S-图生视频-低价渠道版,https://www.runninghub.cn/runninghub-api-doc-cn/api-425766675.md,Video,duration,15,2,low_cost_channel,parsed_html
runninghub,全能视频S-图生视频-低价渠道版,https://www.runninghub.cn/runninghub-api-doc-cn/api-425766675.md,Video,aspectRatio,9:16,1,low_cost_channel,parsed_html
runninghub,全能视频S-图生视频-低价渠道版,https://www.runninghub.cn/runninghub-api-doc-cn/api-425766675.md,Video,aspectRatio,16:9,2,low_cost_channel,parsed_html
runninghub,全能视频S-图生视频-低价渠道版,https://www.runninghub.cn/runninghub-api-doc-cn/api-425766675.md,Video,__task_status,QUEUED,1,low_cost_channel,parsed_html
runninghub,全能视频S-图生视频-低价渠道版,https://www.runninghub.cn/runninghub-api-doc-cn/api-425766675.md,Video,__task_status,RUNNING,2,low_cost_channel,parsed_html
runninghub,全能视频S-图生视频-低价渠道版,https://www.runninghub.cn/runninghub-api-doc-cn/api-425766675.md,Video,__task_status,SUCCESS,3,low_cost_channel,parsed_html
runninghub,全能视频S-图生视频-低价渠道版,https://www.runninghub.cn/runninghub-api-doc-cn/api-425766675.md,Video,__task_status,FAILED,4,low_cost_channel,parsed_html
runninghub,全能视频S-图生视频-pro-低价渠道版,https://www.runninghub.cn/runninghub-api-doc-cn/api-425766676.md,Video,duration,15,1,low_cost_channel,parsed_html
runninghub,全能视频S-图生视频-pro-低价渠道版,https://www.runninghub.cn/runninghub-api-doc-cn/api-425766676.md,Video,duration,25,2,low_cost_channel,parsed_html
runninghub,全能视频S-图生视频-pro-低价渠道版,https://www.runninghub.cn/runninghub-api-doc-cn/api-425766676.md,Video,aspectRatio,9:16,1,low_cost_channel,parsed_html
runninghub,全能视频S-图生视频-pro-低价渠道版,https://www.runninghub.cn/runninghub-api-doc-cn/api-425766676.md,Video,aspectRatio,16:9,2,low_cost_channel,parsed_html
runninghub,全能视频S-图生视频-pro-低价渠道版,https://www.runninghub.cn/runninghub-api-doc-cn/api-425766676.md,Video,__task_status,QUEUED,1,low_cost_channel,parsed_html
runninghub,全能视频S-图生视频-pro-低价渠道版,https://www.runninghub.cn/runninghub-api-doc-cn/api-425766676.md,Video,__task_status,RUNNING,2,low_cost_channel,parsed_html
runninghub,全能视频S-图生视频-pro-低价渠道版,https://www.runninghub.cn/runninghub-api-doc-cn/api-425766676.md,Video,__task_status,SUCCESS,3,low_cost_channel,parsed_html
runninghub,全能视频S-图生视频-pro-低价渠道版,https://www.runninghub.cn/runninghub-api-doc-cn/api-425766676.md,Video,__task_status,FAILED,4,low_cost_channel,parsed_html
runninghub,全能视频S-图生视频-支持真人-官方稳定版,https://www.runninghub.cn/runninghub-api-doc-cn/api-425766677.md,Video,duration,4,1,official_stable,parsed_html
runninghub,全能视频S-图生视频-支持真人-官方稳定版,https://www.runninghub.cn/runninghub-api-doc-cn/api-425766677.md,Video,duration,8,2,official_stable,parsed_html
runninghub,全能视频S-图生视频-支持真人-官方稳定版,https://www.runninghub.cn/runninghub-api-doc-cn/api-425766677.md,Video,duration,12,3,official_stable,parsed_html
runninghub,全能视频S-图生视频-支持真人-官方稳定版,https://www.runninghub.cn/runninghub-api-doc-cn/api-425766677.md,Video,__task_status,QUEUED,1,official_stable,parsed_html
runninghub,全能视频S-图生视频-支持真人-官方稳定版,https://www.runninghub.cn/runninghub-api-doc-cn/api-425766677.md,Video,__task_status,RUNNING,2,official_stable,parsed_html
runninghub,全能视频S-图生视频-支持真人-官方稳定版,https://www.runninghub.cn/runninghub-api-doc-cn/api-425766677.md,Video,__task_status,SUCCESS,3,official_stable,parsed_html
runninghub,全能视频S-图生视频-支持真人-官方稳定版,https://www.runninghub.cn/runninghub-api-doc-cn/api-425766677.md,Video,__task_status,FAILED,4,official_stable,parsed_html
runninghub,全能视频S-图生视频-官方稳定版,https://www.runninghub.cn/runninghub-api-doc-cn/api-425766678.md,Video,duration,4,1,official_stable,parsed_html
runninghub,全能视频S-图生视频-官方稳定版,https://www.runninghub.cn/runninghub-api-doc-cn/api-425766678.md,Video,duration,8,2,official_stable,parsed_html
runninghub,全能视频S-图生视频-官方稳定版,https://www.runninghub.cn/runninghub-api-doc-cn/api-425766678.md,Video,duration,12,3,official_stable,parsed_html
runninghub,全能视频S-图生视频-官方稳定版,https://www.runninghub.cn/runninghub-api-doc-cn/api-425766678.md,Video,__task_status,QUEUED,1,official_stable,parsed_html
runninghub,全能视频S-图生视频-官方稳定版,https://www.runninghub.cn/runninghub-api-doc-cn/api-425766678.md,Video,__task_status,RUNNING,2,official_stable,parsed_html
runninghub,全能视频S-图生视频-官方稳定版,https://www.runninghub.cn/runninghub-api-doc-cn/api-425766678.md,Video,__task_status,SUCCESS,3,official_stable,parsed_html
runninghub,全能视频S-图生视频-官方稳定版,https://www.runninghub.cn/runninghub-api-doc-cn/api-425766678.md,Video,__task_status,FAILED,4,official_stable,parsed_html
runninghub,全能视频S-文生视频-pro-官方稳定版,https://www.runninghub.cn/runninghub-api-doc-cn/api-425766679.md,Video,size,720x1280,1,official_stable,parsed_html
runninghub,全能视频S-文生视频-pro-官方稳定版,https://www.runninghub.cn/runninghub-api-doc-cn/api-425766679.md,Video,size,1280x720,2,official_stable,parsed_html
runninghub,全能视频S-文生视频-pro-官方稳定版,https://www.runninghub.cn/runninghub-api-doc-cn/api-425766679.md,Video,size,1024x1792,3,official_stable,parsed_html
runninghub,全能视频S-文生视频-pro-官方稳定版,https://www.runninghub.cn/runninghub-api-doc-cn/api-425766679.md,Video,size,1792x1024,4,official_stable,parsed_html
runninghub,全能视频S-文生视频-pro-官方稳定版,https://www.runninghub.cn/runninghub-api-doc-cn/api-425766679.md,Video,duration,4,1,official_stable,parsed_html
runninghub,全能视频S-文生视频-pro-官方稳定版,https://www.runninghub.cn/runninghub-api-doc-cn/api-425766679.md,Video,duration,8,2,official_stable,parsed_html
runninghub,全能视频S-文生视频-pro-官方稳定版,https://www.runninghub.cn/runninghub-api-doc-cn/api-425766679.md,Video,duration,12,3,official_stable,parsed_html
runninghub,全能视频S-文生视频-pro-官方稳定版,https://www.runninghub.cn/runninghub-api-doc-cn/api-425766679.md,Video,__task_status,QUEUED,1,official_stable,parsed_html
runninghub,全能视频S-文生视频-pro-官方稳定版,https://www.runninghub.cn/runninghub-api-doc-cn/api-425766679.md,Video,__task_status,RUNNING,2,official_stable,parsed_html
runninghub,全能视频S-文生视频-pro-官方稳定版,https://www.runninghub.cn/runninghub-api-doc-cn/api-425766679.md,Video,__task_status,SUCCESS,3,official_stable,parsed_html
runninghub,全能视频S-文生视频-pro-官方稳定版,https://www.runninghub.cn/runninghub-api-doc-cn/api-425766679.md,Video,__task_status,FAILED,4,official_stable,parsed_html
runninghub,全能视频S-图生视频-pro-官方稳定版,https://www.runninghub.cn/runninghub-api-doc-cn/api-425766680.md,Video,resolution,720p,1,official_stable,parsed_html
runninghub,全能视频S-图生视频-pro-官方稳定版,https://www.runninghub.cn/runninghub-api-doc-cn/api-425766680.md,Video,resolution,1080p,2,official_stable,parsed_html
runninghub,全能视频S-图生视频-pro-官方稳定版,https://www.runninghub.cn/runninghub-api-doc-cn/api-425766680.md,Video,duration,4,1,official_stable,parsed_html
runninghub,全能视频S-图生视频-pro-官方稳定版,https://www.runninghub.cn/runninghub-api-doc-cn/api-425766680.md,Video,duration,8,2,official_stable,parsed_html
runninghub,全能视频S-图生视频-pro-官方稳定版,https://www.runninghub.cn/runninghub-api-doc-cn/api-425766680.md,Video,duration,12,3,official_stable,parsed_html
runninghub,全能视频S-图生视频-pro-官方稳定版,https://www.runninghub.cn/runninghub-api-doc-cn/api-425766680.md,Video,__task_status,QUEUED,1,official_stable,parsed_html
runninghub,全能视频S-图生视频-pro-官方稳定版,https://www.runninghub.cn/runninghub-api-doc-cn/api-425766680.md,Video,__task_status,RUNNING,2,official_stable,parsed_html
runninghub,全能视频S-图生视频-pro-官方稳定版,https://www.runninghub.cn/runninghub-api-doc-cn/api-425766680.md,Video,__task_status,SUCCESS,3,official_stable,parsed_html
runninghub,全能视频S-图生视频-pro-官方稳定版,https://www.runninghub.cn/runninghub-api-doc-cn/api-425766680.md,Video,__task_status,FAILED,4,official_stable,parsed_html
runninghub,全能视频X-图生视频-低价渠道版,https://www.runninghub.cn/runninghub-api-doc-cn/api-425766681.md,Video,aspectRatio,2:3,1,low_cost_channel,parsed_html
runninghub,全能视频X-图生视频-低价渠道版,https://www.runninghub.cn/runninghub-api-doc-cn/api-425766681.md,Video,aspectRatio,3:2,2,low_cost_channel,parsed_html
runninghub,全能视频X-图生视频-低价渠道版,https://www.runninghub.cn/runninghub-api-doc-cn/api-425766681.md,Video,aspectRatio,1:1,3,low_cost_channel,parsed_html
runninghub,全能视频X-图生视频-低价渠道版,https://www.runninghub.cn/runninghub-api-doc-cn/api-425766681.md,Video,resolution,720P,1,low_cost_channel,parsed_html
runninghub,全能视频X-图生视频-低价渠道版,https://www.runninghub.cn/runninghub-api-doc-cn/api-425766681.md,Video,resolution,1080P,2,low_cost_channel,parsed_html
runninghub,全能视频X-图生视频-低价渠道版,https://www.runninghub.cn/runninghub-api-doc-cn/api-425766681.md,Video,duration,6s,1,low_cost_channel,parsed_html
runninghub,全能视频X-图生视频-低价渠道版,https://www.runninghub.cn/runninghub-api-doc-cn/api-425766681.md,Video,duration,10s,2,low_cost_channel,parsed_html
runninghub,全能视频X-图生视频-低价渠道版,https://www.runninghub.cn/runninghub-api-doc-cn/api-425766681.md,Video,duration,15s,3,low_cost_channel,parsed_html
runninghub,全能视频X-图生视频-低价渠道版,https://www.runninghub.cn/runninghub-api-doc-cn/api-425766681.md,Video,__task_status,QUEUED,1,low_cost_channel,parsed_html
runninghub,全能视频X-图生视频-低价渠道版,https://www.runninghub.cn/runninghub-api-doc-cn/api-425766681.md,Video,__task_status,RUNNING,2,low_cost_channel,parsed_html
runninghub,全能视频X-图生视频-低价渠道版,https://www.runninghub.cn/runninghub-api-doc-cn/api-425766681.md,Video,__task_status,SUCCESS,3,low_cost_channel,parsed_html
runninghub,全能视频X-图生视频-低价渠道版,https://www.runninghub.cn/runninghub-api-doc-cn/api-425766681.md,Video,__task_status,FAILED,4,low_cost_channel,parsed_html
runninghub,全能视频X-图生视频-官方稳定版,https://www.runninghub.cn/runninghub-api-doc-cn/api-425766682.md,Video,resolution,720p,1,official_stable,parsed_html
runninghub,全能视频X-图生视频-官方稳定版,https://www.runninghub.cn/runninghub-api-doc-cn/api-425766682.md,Video,resolution,480p,2,official_stable,parsed_html
runninghub,全能视频X-图生视频-官方稳定版,https://www.runninghub.cn/runninghub-api-doc-cn/api-425766682.md,Video,duration,6,1,official_stable,parsed_html
runninghub,全能视频X-图生视频-官方稳定版,https://www.runninghub.cn/runninghub-api-doc-cn/api-425766682.md,Video,duration,10,2,official_stable,parsed_html
runninghub,全能视频X-图生视频-官方稳定版,https://www.runninghub.cn/runninghub-api-doc-cn/api-425766682.md,Video,__task_status,QUEUED,1,official_stable,parsed_html
runninghub,全能视频X-图生视频-官方稳定版,https://www.runninghub.cn/runninghub-api-doc-cn/api-425766682.md,Video,__task_status,RUNNING,2,official_stable,parsed_html
runninghub,全能视频X-图生视频-官方稳定版,https://www.runninghub.cn/runninghub-api-doc-cn/api-425766682.md,Video,__task_status,SUCCESS,3,official_stable,parsed_html
runninghub,全能视频X-图生视频-官方稳定版,https://www.runninghub.cn/runninghub-api-doc-cn/api-425766682.md,Video,__task_status,FAILED,4,official_stable,parsed_html
runninghub,全能视频V3.1-fast-图生视频-官方稳定版,https://www.runninghub.cn/runninghub-api-doc-cn/api-425766688.md,Video,aspectRatio,16:9,1,official_stable,parsed_html
runninghub,全能视频V3.1-fast-图生视频-官方稳定版,https://www.runninghub.cn/runninghub-api-doc-cn/api-425766688.md,Video,aspectRatio,9:16,2,official_stable,parsed_html
runninghub,全能视频V3.1-fast-图生视频-官方稳定版,https://www.runninghub.cn/runninghub-api-doc-cn/api-425766688.md,Video,resolution,720p,1,official_stable,parsed_html
runninghub,全能视频V3.1-fast-图生视频-官方稳定版,https://www.runninghub.cn/runninghub-api-doc-cn/api-425766688.md,Video,resolution,1080p,2,official_stable,parsed_html
runninghub,全能视频V3.1-fast-图生视频-官方稳定版,https://www.runninghub.cn/runninghub-api-doc-cn/api-425766688.md,Video,resolution,4k,3,official_stable,parsed_html
runninghub,全能视频V3.1-fast-图生视频-官方稳定版,https://www.runninghub.cn/runninghub-api-doc-cn/api-425766688.md,Video,duration,4,1,official_stable,parsed_html
runninghub,全能视频V3.1-fast-图生视频-官方稳定版,https://www.runninghub.cn/runninghub-api-doc-cn/api-425766688.md,Video,duration,6,2,official_stable,parsed_html
runninghub,全能视频V3.1-fast-图生视频-官方稳定版,https://www.runninghub.cn/runninghub-api-doc-cn/api-425766688.md,Video,duration,8,3,official_stable,parsed_html
runninghub,全能视频V3.1-fast-图生视频-官方稳定版,https://www.runninghub.cn/runninghub-api-doc-cn/api-425766688.md,Video,__task_status,QUEUED,1,official_stable,parsed_html
runninghub,全能视频V3.1-fast-图生视频-官方稳定版,https://www.runninghub.cn/runninghub-api-doc-cn/api-425766688.md,Video,__task_status,RUNNING,2,official_stable,parsed_html
runninghub,全能视频V3.1-fast-图生视频-官方稳定版,https://www.runninghub.cn/runninghub-api-doc-cn/api-425766688.md,Video,__task_status,SUCCESS,3,official_stable,parsed_html
runninghub,全能视频V3.1-fast-图生视频-官方稳定版,https://www.runninghub.cn/runninghub-api-doc-cn/api-425766688.md,Video,__task_status,FAILED,4,official_stable,parsed_html
runninghub,全能视频V3.1-pro-首尾帧生视频-低价渠道版,https://www.runninghub.cn/runninghub-api-doc-cn/api-425766683.md,Video,aspectRatio,16:9,1,low_cost_channel,parsed_html
runninghub,全能视频V3.1-pro-首尾帧生视频-低价渠道版,https://www.runninghub.cn/runninghub-api-doc-cn/api-425766683.md,Video,aspectRatio,9:16,2,low_cost_channel,parsed_html
runninghub,全能视频V3.1-pro-首尾帧生视频-低价渠道版,https://www.runninghub.cn/runninghub-api-doc-cn/api-425766683.md,Video,resolution,720p,1,low_cost_channel,parsed_html
runninghub,全能视频V3.1-pro-首尾帧生视频-低价渠道版,https://www.runninghub.cn/runninghub-api-doc-cn/api-425766683.md,Video,resolution,1080p,2,low_cost_channel,parsed_html
runninghub,全能视频V3.1-pro-首尾帧生视频-低价渠道版,https://www.runninghub.cn/runninghub-api-doc-cn/api-425766683.md,Video,resolution,4k,3,low_cost_channel,parsed_html
runninghub,全能视频V3.1-pro-首尾帧生视频-低价渠道版,https://www.runninghub.cn/runninghub-api-doc-cn/api-425766683.md,Video,__task_status,QUEUED,1,low_cost_channel,parsed_html
runninghub,全能视频V3.1-pro-首尾帧生视频-低价渠道版,https://www.runninghub.cn/runninghub-api-doc-cn/api-425766683.md,Video,__task_status,RUNNING,2,low_cost_channel,parsed_html
runninghub,全能视频V3.1-pro-首尾帧生视频-低价渠道版,https://www.runninghub.cn/runninghub-api-doc-cn/api-425766683.md,Video,__task_status,SUCCESS,3,low_cost_channel,parsed_html
runninghub,全能视频V3.1-pro-首尾帧生视频-低价渠道版,https://www.runninghub.cn/runninghub-api-doc-cn/api-425766683.md,Video,__task_status,FAILED,4,low_cost_channel,parsed_html
runninghub,全能视频V3.1-pro-图生视频-官方稳定版,https://www.runninghub.cn/runninghub-api-doc-cn/api-425766684.md,Video,aspectRatio,16:9,1,official_stable,parsed_html
runninghub,全能视频V3.1-pro-图生视频-官方稳定版,https://www.runninghub.cn/runninghub-api-doc-cn/api-425766684.md,Video,aspectRatio,9:16,2,official_stable,parsed_html
runninghub,全能视频V3.1-pro-图生视频-官方稳定版,https://www.runninghub.cn/runninghub-api-doc-cn/api-425766684.md,Video,resolution,720p,1,official_stable,parsed_html
runninghub,全能视频V3.1-pro-图生视频-官方稳定版,https://www.runninghub.cn/runninghub-api-doc-cn/api-425766684.md,Video,resolution,1080p,2,official_stable,parsed_html
runninghub,全能视频V3.1-pro-图生视频-官方稳定版,https://www.runninghub.cn/runninghub-api-doc-cn/api-425766684.md,Video,resolution,4k,3,official_stable,parsed_html
runninghub,全能视频V3.1-pro-图生视频-官方稳定版,https://www.runninghub.cn/runninghub-api-doc-cn/api-425766684.md,Video,duration,4,1,official_stable,parsed_html
runninghub,全能视频V3.1-pro-图生视频-官方稳定版,https://www.runninghub.cn/runninghub-api-doc-cn/api-425766684.md,Video,duration,6,2,official_stable,parsed_html
runninghub,全能视频V3.1-pro-图生视频-官方稳定版,https://www.runninghub.cn/runninghub-api-doc-cn/api-425766684.md,Video,duration,8,3,official_stable,parsed_html
runninghub,全能视频V3.1-pro-图生视频-官方稳定版,https://www.runninghub.cn/runninghub-api-doc-cn/api-425766684.md,Video,__task_status,QUEUED,1,official_stable,parsed_html
runninghub,全能视频V3.1-pro-图生视频-官方稳定版,https://www.runninghub.cn/runninghub-api-doc-cn/api-425766684.md,Video,__task_status,RUNNING,2,official_stable,parsed_html
runninghub,全能视频V3.1-pro-图生视频-官方稳定版,https://www.runninghub.cn/runninghub-api-doc-cn/api-425766684.md,Video,__task_status,SUCCESS,3,official_stable,parsed_html
runninghub,全能视频V3.1-pro-图生视频-官方稳定版,https://www.runninghub.cn/runninghub-api-doc-cn/api-425766684.md,Video,__task_status,FAILED,4,official_stable,parsed_html
runninghub,全能视频V3.1-pro-参考生视频-官方稳定版,https://www.runninghub.cn/runninghub-api-doc-cn/api-425766685.md,Video,resolution,720p,1,official_stable,parsed_html
runninghub,全能视频V3.1-pro-参考生视频-官方稳定版,https://www.runninghub.cn/runninghub-api-doc-cn/api-425766685.md,Video,resolution,1080p,2,official_stable,parsed_html
runninghub,全能视频V3.1-pro-参考生视频-官方稳定版,https://www.runninghub.cn/runninghub-api-doc-cn/api-425766685.md,Video,resolution,4k,3,official_stable,parsed_html
runninghub,全能视频V3.1-pro-参考生视频-官方稳定版,https://www.runninghub.cn/runninghub-api-doc-cn/api-425766685.md,Video,__task_status,QUEUED,1,official_stable,parsed_html
runninghub,全能视频V3.1-pro-参考生视频-官方稳定版,https://www.runninghub.cn/runninghub-api-doc-cn/api-425766685.md,Video,__task_status,RUNNING,2,official_stable,parsed_html
runninghub,全能视频V3.1-pro-参考生视频-官方稳定版,https://www.runninghub.cn/runninghub-api-doc-cn/api-425766685.md,Video,__task_status,SUCCESS,3,official_stable,parsed_html
runninghub,全能视频V3.1-pro-参考生视频-官方稳定版,https://www.runninghub.cn/runninghub-api-doc-cn/api-425766685.md,Video,__task_status,FAILED,4,official_stable,parsed_html
runninghub,全能视频V3.1-fast-图生视频-低价渠道版,https://www.runninghub.cn/runninghub-api-doc-cn/api-425766686.md,Video,aspectRatio,16:9,1,low_cost_channel,parsed_html
runninghub,全能视频V3.1-fast-图生视频-低价渠道版,https://www.runninghub.cn/runninghub-api-doc-cn/api-425766686.md,Video,aspectRatio,9:16,2,low_cost_channel,parsed_html
runninghub,全能视频V3.1-fast-图生视频-低价渠道版,https://www.runninghub.cn/runninghub-api-doc-cn/api-425766686.md,Video,resolution,720p,1,low_cost_channel,parsed_html
runninghub,全能视频V3.1-fast-图生视频-低价渠道版,https://www.runninghub.cn/runninghub-api-doc-cn/api-425766686.md,Video,resolution,1080p,2,low_cost_channel,parsed_html
runninghub,全能视频V3.1-fast-图生视频-低价渠道版,https://www.runninghub.cn/runninghub-api-doc-cn/api-425766686.md,Video,resolution,4k,3,low_cost_channel,parsed_html
runninghub,全能视频V3.1-fast-图生视频-低价渠道版,https://www.runninghub.cn/runninghub-api-doc-cn/api-425766686.md,Video,__task_status,QUEUED,1,low_cost_channel,parsed_html
runninghub,全能视频V3.1-fast-图生视频-低价渠道版,https://www.runninghub.cn/runninghub-api-doc-cn/api-425766686.md,Video,__task_status,RUNNING,2,low_cost_channel,parsed_html
runninghub,全能视频V3.1-fast-图生视频-低价渠道版,https://www.runninghub.cn/runninghub-api-doc-cn/api-425766686.md,Video,__task_status,SUCCESS,3,low_cost_channel,parsed_html
runninghub,全能视频V3.1-fast-图生视频-低价渠道版,https://www.runninghub.cn/runninghub-api-doc-cn/api-425766686.md,Video,__task_status,FAILED,4,low_cost_channel,parsed_html
runninghub,全能视频V3.1-fast-首尾帧生视频-低价渠道版,https://www.runninghub.cn/runninghub-api-doc-cn/api-425766687.md,Video,aspectRatio,16:9,1,low_cost_channel,parsed_html
runninghub,全能视频V3.1-fast-首尾帧生视频-低价渠道版,https://www.runninghub.cn/runninghub-api-doc-cn/api-425766687.md,Video,aspectRatio,9:16,2,low_cost_channel,parsed_html
runninghub,全能视频V3.1-fast-首尾帧生视频-低价渠道版,https://www.runninghub.cn/runninghub-api-doc-cn/api-425766687.md,Video,resolution,720p,1,low_cost_channel,parsed_html
runninghub,全能视频V3.1-fast-首尾帧生视频-低价渠道版,https://www.runninghub.cn/runninghub-api-doc-cn/api-425766687.md,Video,resolution,1080p,2,low_cost_channel,parsed_html
runninghub,全能视频V3.1-fast-首尾帧生视频-低价渠道版,https://www.runninghub.cn/runninghub-api-doc-cn/api-425766687.md,Video,resolution,4k,3,low_cost_channel,parsed_html
runninghub,全能视频V3.1-fast-首尾帧生视频-低价渠道版,https://www.runninghub.cn/runninghub-api-doc-cn/api-425766687.md,Video,__task_status,QUEUED,1,low_cost_channel,parsed_html
runninghub,全能视频V3.1-fast-首尾帧生视频-低价渠道版,https://www.runninghub.cn/runninghub-api-doc-cn/api-425766687.md,Video,__task_status,RUNNING,2,low_cost_channel,parsed_html
runninghub,全能视频V3.1-fast-首尾帧生视频-低价渠道版,https://www.runninghub.cn/runninghub-api-doc-cn/api-425766687.md,Video,__task_status,SUCCESS,3,low_cost_channel,parsed_html
runninghub,全能视频V3.1-fast-首尾帧生视频-低价渠道版,https://www.runninghub.cn/runninghub-api-doc-cn/api-425766687.md,Video,__task_status,FAILED,4,low_cost_channel,parsed_html
runninghub,kling-elements,https://www.runninghub.cn/runninghub-api-doc-cn/api-427096744.md,Video,__task_status,QUEUED,1,unknown,parsed_html
runninghub,kling-elements,https://www.runninghub.cn/runninghub-api-doc-cn/api-427096744.md,Video,__task_status,RUNNING,2,unknown,parsed_html
runninghub,kling-elements,https://www.runninghub.cn/runninghub-api-doc-cn/api-427096744.md,Video,__task_status,SUCCESS,3,unknown,parsed_html
runninghub,kling-elements,https://www.runninghub.cn/runninghub-api-doc-cn/api-427096744.md,Video,__task_status,FAILED,4,unknown,parsed_html
runninghub,kling-video-o3-std/reference-to-video,https://www.runninghub.cn/runninghub-api-doc-cn/api-427096745.md,Video,aspectRatio,16:9,1,unknown,parsed_html
runninghub,kling-video-o3-std/reference-to-video,https://www.runninghub.cn/runninghub-api-doc-cn/api-427096745.md,Video,aspectRatio,9:16,2,unknown,parsed_html
runninghub,kling-video-o3-std/reference-to-video,https://www.runninghub.cn/runninghub-api-doc-cn/api-427096745.md,Video,aspectRatio,1:1,3,unknown,parsed_html
runninghub,kling-video-o3-std/reference-to-video,https://www.runninghub.cn/runninghub-api-doc-cn/api-427096745.md,Video,__task_status,QUEUED,1,unknown,parsed_html
runninghub,kling-video-o3-std/reference-to-video,https://www.runninghub.cn/runninghub-api-doc-cn/api-427096745.md,Video,__task_status,RUNNING,2,unknown,parsed_html
runninghub,kling-video-o3-std/reference-to-video,https://www.runninghub.cn/runninghub-api-doc-cn/api-427096745.md,Video,__task_status,SUCCESS,3,unknown,parsed_html
runninghub,kling-video-o3-std/reference-to-video,https://www.runninghub.cn/runninghub-api-doc-cn/api-427096745.md,Video,__task_status,FAILED,4,unknown,parsed_html
runninghub,kling-video-o3-pro/reference-to-video,https://www.runninghub.cn/runninghub-api-doc-cn/api-427096746.md,Video,aspectRatio,16:9,1,unknown,parsed_html
runninghub,kling-video-o3-pro/reference-to-video,https://www.runninghub.cn/runninghub-api-doc-cn/api-427096746.md,Video,aspectRatio,9:16,2,unknown,parsed_html
runninghub,kling-video-o3-pro/reference-to-video,https://www.runninghub.cn/runninghub-api-doc-cn/api-427096746.md,Video,aspectRatio,1:1,3,unknown,parsed_html
runninghub,kling-video-o3-pro/reference-to-video,https://www.runninghub.cn/runninghub-api-doc-cn/api-427096746.md,Video,__task_status,QUEUED,1,unknown,parsed_html
runninghub,kling-video-o3-pro/reference-to-video,https://www.runninghub.cn/runninghub-api-doc-cn/api-427096746.md,Video,__task_status,RUNNING,2,unknown,parsed_html
runninghub,kling-video-o3-pro/reference-to-video,https://www.runninghub.cn/runninghub-api-doc-cn/api-427096746.md,Video,__task_status,SUCCESS,3,unknown,parsed_html
runninghub,kling-video-o3-pro/reference-to-video,https://www.runninghub.cn/runninghub-api-doc-cn/api-427096746.md,Video,__task_status,FAILED,4,unknown,parsed_html
runninghub,Vidu-参考生视频-q2,https://www.runninghub.cn/runninghub-api-doc-cn/api-425766689.md,Video,aspectRatio,16:9,1,unknown,parsed_html
runninghub,Vidu-参考生视频-q2,https://www.runninghub.cn/runninghub-api-doc-cn/api-425766689.md,Video,aspectRatio,9:16,2,unknown,parsed_html
runninghub,Vidu-参考生视频-q2,https://www.runninghub.cn/runninghub-api-doc-cn/api-425766689.md,Video,aspectRatio,4:3,3,unknown,parsed_html
runninghub,Vidu-参考生视频-q2,https://www.runninghub.cn/runninghub-api-doc-cn/api-425766689.md,Video,aspectRatio,3:4,4,unknown,parsed_html
runninghub,Vidu-参考生视频-q2,https://www.runninghub.cn/runninghub-api-doc-cn/api-425766689.md,Video,aspectRatio,1:1,5,unknown,parsed_html
runninghub,Vidu-参考生视频-q2,https://www.runninghub.cn/runninghub-api-doc-cn/api-425766689.md,Video,resolution,540p,1,unknown,parsed_html
runninghub,Vidu-参考生视频-q2,https://www.runninghub.cn/runninghub-api-doc-cn/api-425766689.md,Video,resolution,720p,2,unknown,parsed_html
runninghub,Vidu-参考生视频-q2,https://www.runninghub.cn/runninghub-api-doc-cn/api-425766689.md,Video,resolution,1080p,3,unknown,parsed_html
runninghub,Vidu-参考生视频-q2,https://www.runninghub.cn/runninghub-api-doc-cn/api-425766689.md,Video,duration,1,1,unknown,parsed_html
runninghub,Vidu-参考生视频-q2,https://www.runninghub.cn/runninghub-api-doc-cn/api-425766689.md,Video,duration,2,2,unknown,parsed_html
runninghub,Vidu-参考生视频-q2,https://www.runninghub.cn/runninghub-api-doc-cn/api-425766689.md,Video,duration,3,3,unknown,parsed_html
runninghub,Vidu-参考生视频-q2,https://www.runninghub.cn/runninghub-api-doc-cn/api-425766689.md,Video,duration,4,4,unknown,parsed_html
runninghub,Vidu-参考生视频-q2,https://www.runninghub.cn/runninghub-api-doc-cn/api-425766689.md,Video,duration,5,5,unknown,parsed_html
runninghub,Vidu-参考生视频-q2,https://www.runninghub.cn/runninghub-api-doc-cn/api-425766689.md,Video,duration,6,6,unknown,parsed_html
runninghub,Vidu-参考生视频-q2,https://www.runninghub.cn/runninghub-api-doc-cn/api-425766689.md,Video,duration,7,7,unknown,parsed_html
runninghub,Vidu-参考生视频-q2,https://www.runninghub.cn/runninghub-api-doc-cn/api-425766689.md,Video,duration,8,8,unknown,parsed_html
runninghub,Vidu-参考生视频-q2,https://www.runninghub.cn/runninghub-api-doc-cn/api-425766689.md,Video,duration,9,9,unknown,parsed_html
runninghub,Vidu-参考生视频-q2,https://www.runninghub.cn/runninghub-api-doc-cn/api-425766689.md,Video,duration,10,10,unknown,parsed_html
runninghub,Vidu-参考生视频-q2,https://www.runninghub.cn/runninghub-api-doc-cn/api-425766689.md,Video,movementAmplitude,auto,1,unknown,parsed_html
runninghub,Vidu-参考生视频-q2,https://www.runninghub.cn/runninghub-api-doc-cn/api-425766689.md,Video,movementAmplitude,small,2,unknown,parsed_html
runninghub,Vidu-参考生视频-q2,https://www.runninghub.cn/runninghub-api-doc-cn/api-425766689.md,Video,movementAmplitude,medium,3,unknown,parsed_html
runninghub,Vidu-参考生视频-q2,https://www.runninghub.cn/runninghub-api-doc-cn/api-425766689.md,Video,movementAmplitude,large,4,unknown,parsed_html
runninghub,Vidu-参考生视频-q2,https://www.runninghub.cn/runninghub-api-doc-cn/api-425766689.md,Video,__task_status,QUEUED,1,unknown,parsed_html
runninghub,Vidu-参考生视频-q2,https://www.runninghub.cn/runninghub-api-doc-cn/api-425766689.md,Video,__task_status,RUNNING,2,unknown,parsed_html
runninghub,Vidu-参考生视频-q2,https://www.runninghub.cn/runninghub-api-doc-cn/api-425766689.md,Video,__task_status,SUCCESS,3,unknown,parsed_html
runninghub,Vidu-参考生视频-q2,https://www.runninghub.cn/runninghub-api-doc-cn/api-425766689.md,Video,__task_status,FAILED,4,unknown,parsed_html
runninghub,可灵参考生视频o1,https://www.runninghub.cn/runninghub-api-doc-cn/api-425766690.md,Video,mode,std,1,unknown,parsed_html
runninghub,可灵参考生视频o1,https://www.runninghub.cn/runninghub-api-doc-cn/api-425766690.md,Video,mode,pro,2,unknown,parsed_html
runninghub,可灵参考生视频o1,https://www.runninghub.cn/runninghub-api-doc-cn/api-425766690.md,Video,aspectRatio,1:1,1,unknown,parsed_html
runninghub,可灵参考生视频o1,https://www.runninghub.cn/runninghub-api-doc-cn/api-425766690.md,Video,aspectRatio,9:16,2,unknown,parsed_html
runninghub,可灵参考生视频o1,https://www.runninghub.cn/runninghub-api-doc-cn/api-425766690.md,Video,aspectRatio,16:9,3,unknown,parsed_html
runninghub,可灵参考生视频o1,https://www.runninghub.cn/runninghub-api-doc-cn/api-425766690.md,Video,duration,5,1,unknown,parsed_html
runninghub,可灵参考生视频o1,https://www.runninghub.cn/runninghub-api-doc-cn/api-425766690.md,Video,duration,10,2,unknown,parsed_html
runninghub,可灵参考生视频o1,https://www.runninghub.cn/runninghub-api-doc-cn/api-425766690.md,Video,__task_status,QUEUED,1,unknown,parsed_html
runninghub,可灵参考生视频o1,https://www.runninghub.cn/runninghub-api-doc-cn/api-425766690.md,Video,__task_status,RUNNING,2,unknown,parsed_html
runninghub,可灵参考生视频o1,https://www.runninghub.cn/runninghub-api-doc-cn/api-425766690.md,Video,__task_status,SUCCESS,3,unknown,parsed_html
runninghub,可灵参考生视频o1,https://www.runninghub.cn/runninghub-api-doc-cn/api-425766690.md,Video,__task_status,FAILED,4,unknown,parsed_html
runninghub,seedance-v1-lite-reference-to-video,https://www.runninghub.cn/runninghub-api-doc-cn/api-425766691.md,Video,duration,2,1,unknown,parsed_html
runninghub,seedance-v1-lite-reference-to-video,https://www.runninghub.cn/runninghub-api-doc-cn/api-425766691.md,Video,duration,3,2,unknown,parsed_html
runninghub,seedance-v1-lite-reference-to-video,https://www.runninghub.cn/runninghub-api-doc-cn/api-425766691.md,Video,duration,4,3,unknown,parsed_html
runninghub,seedance-v1-lite-reference-to-video,https://www.runninghub.cn/runninghub-api-doc-cn/api-425766691.md,Video,duration,5,4,unknown,parsed_html
runninghub,seedance-v1-lite-reference-to-video,https://www.runninghub.cn/runninghub-api-doc-cn/api-425766691.md,Video,duration,6,5,unknown,parsed_html
runninghub,seedance-v1-lite-reference-to-video,https://www.runninghub.cn/runninghub-api-doc-cn/api-425766691.md,Video,duration,7,6,unknown,parsed_html
runninghub,seedance-v1-lite-reference-to-video,https://www.runninghub.cn/runninghub-api-doc-cn/api-425766691.md,Video,duration,8,7,unknown,parsed_html
runninghub,seedance-v1-lite-reference-to-video,https://www.runninghub.cn/runninghub-api-doc-cn/api-425766691.md,Video,duration,9,8,unknown,parsed_html
runninghub,seedance-v1-lite-reference-to-video,https://www.runninghub.cn/runninghub-api-doc-cn/api-425766691.md,Video,duration,10,9,unknown,parsed_html
runninghub,seedance-v1-lite-reference-to-video,https://www.runninghub.cn/runninghub-api-doc-cn/api-425766691.md,Video,duration,11,10,unknown,parsed_html
runninghub,seedance-v1-lite-reference-to-video,https://www.runninghub.cn/runninghub-api-doc-cn/api-425766691.md,Video,duration,12,11,unknown,parsed_html
runninghub,seedance-v1-lite-reference-to-video,https://www.runninghub.cn/runninghub-api-doc-cn/api-425766691.md,Video,cameraFixed,false,1,unknown,parsed_html
runninghub,seedance-v1-lite-reference-to-video,https://www.runninghub.cn/runninghub-api-doc-cn/api-425766691.md,Video,cameraFixed,true,2,unknown,parsed_html
runninghub,seedance-v1-lite-reference-to-video,https://www.runninghub.cn/runninghub-api-doc-cn/api-425766691.md,Video,resolution,720p,1,unknown,parsed_html
runninghub,seedance-v1-lite-reference-to-video,https://www.runninghub.cn/runninghub-api-doc-cn/api-425766691.md,Video,resolution,480p,2,unknown,parsed_html
runninghub,seedance-v1-lite-reference-to-video,https://www.runninghub.cn/runninghub-api-doc-cn/api-425766691.md,Video,aspectRatio,16:9,1,unknown,parsed_html
runninghub,seedance-v1-lite-reference-to-video,https://www.runninghub.cn/runninghub-api-doc-cn/api-425766691.md,Video,aspectRatio,9:16,2,unknown,parsed_html
runninghub,seedance-v1-lite-reference-to-video,https://www.runninghub.cn/runninghub-api-doc-cn/api-425766691.md,Video,aspectRatio,4:3,3,unknown,parsed_html
runninghub,seedance-v1-lite-reference-to-video,https://www.runninghub.cn/runninghub-api-doc-cn/api-425766691.md,Video,aspectRatio,3:4,4,unknown,parsed_html
runninghub,seedance-v1-lite-reference-to-video,https://www.runninghub.cn/runninghub-api-doc-cn/api-425766691.md,Video,aspectRatio,21:9,5,unknown,parsed_html
runninghub,seedance-v1-lite-reference-to-video,https://www.runninghub.cn/runninghub-api-doc-cn/api-425766691.md,Video,aspectRatio,1:1,6,unknown,parsed_html
runninghub,seedance-v1-lite-reference-to-video,https://www.runninghub.cn/runninghub-api-doc-cn/api-425766691.md,Video,__task_status,QUEUED,1,unknown,parsed_html
runninghub,seedance-v1-lite-reference-to-video,https://www.runninghub.cn/runninghub-api-doc-cn/api-425766691.md,Video,__task_status,RUNNING,2,unknown,parsed_html
runninghub,seedance-v1-lite-reference-to-video,https://www.runninghub.cn/runninghub-api-doc-cn/api-425766691.md,Video,__task_status,SUCCESS,3,unknown,parsed_html
runninghub,seedance-v1-lite-reference-to-video,https://www.runninghub.cn/runninghub-api-doc-cn/api-425766691.md,Video,__task_status,FAILED,4,unknown,parsed_html
runninghub,Vidu-文生视频-q2,https://www.runninghub.cn/runninghub-api-doc-cn/api-425766692.md,Video,style,general,1,unknown,parsed_html
runninghub,Vidu-文生视频-q2,https://www.runninghub.cn/runninghub-api-doc-cn/api-425766692.md,Video,style,anime,2,unknown,parsed_html
runninghub,Vidu-文生视频-q2,https://www.runninghub.cn/runninghub-api-doc-cn/api-425766692.md,Video,aspectRatio,4:3,1,unknown,parsed_html
runninghub,Vidu-文生视频-q2,https://www.runninghub.cn/runninghub-api-doc-cn/api-425766692.md,Video,aspectRatio,3:4,2,unknown,parsed_html
runninghub,Vidu-文生视频-q2,https://www.runninghub.cn/runninghub-api-doc-cn/api-425766692.md,Video,aspectRatio,16:9,3,unknown,parsed_html
runninghub,Vidu-文生视频-q2,https://www.runninghub.cn/runninghub-api-doc-cn/api-425766692.md,Video,aspectRatio,9:16,4,unknown,parsed_html
runninghub,Vidu-文生视频-q2,https://www.runninghub.cn/runninghub-api-doc-cn/api-425766692.md,Video,aspectRatio,1:1,5,unknown,parsed_html
runninghub,Vidu-文生视频-q2,https://www.runninghub.cn/runninghub-api-doc-cn/api-425766692.md,Video,resolution,540p,1,unknown,parsed_html
runninghub,Vidu-文生视频-q2,https://www.runninghub.cn/runninghub-api-doc-cn/api-425766692.md,Video,resolution,720p,2,unknown,parsed_html
runninghub,Vidu-文生视频-q2,https://www.runninghub.cn/runninghub-api-doc-cn/api-425766692.md,Video,resolution,1080p,3,unknown,parsed_html
runninghub,Vidu-文生视频-q2,https://www.runninghub.cn/runninghub-api-doc-cn/api-425766692.md,Video,movementAmplitude,auto,1,unknown,parsed_html
runninghub,Vidu-文生视频-q2,https://www.runninghub.cn/runninghub-api-doc-cn/api-425766692.md,Video,movementAmplitude,small,2,unknown,parsed_html
runninghub,Vidu-文生视频-q2,https://www.runninghub.cn/runninghub-api-doc-cn/api-425766692.md,Video,movementAmplitude,medium,3,unknown,parsed_html
runninghub,Vidu-文生视频-q2,https://www.runninghub.cn/runninghub-api-doc-cn/api-425766692.md,Video,movementAmplitude,large,4,unknown,parsed_html
runninghub,Vidu-文生视频-q2,https://www.runninghub.cn/runninghub-api-doc-cn/api-425766692.md,Video,duration,1,1,unknown,parsed_html
runninghub,Vidu-文生视频-q2,https://www.runninghub.cn/runninghub-api-doc-cn/api-425766692.md,Video,duration,2,2,unknown,parsed_html
runninghub,Vidu-文生视频-q2,https://www.runninghub.cn/runninghub-api-doc-cn/api-425766692.md,Video,duration,3,3,unknown,parsed_html
runninghub,Vidu-文生视频-q2,https://www.runninghub.cn/runninghub-api-doc-cn/api-425766692.md,Video,duration,4,4,unknown,parsed_html
runninghub,Vidu-文生视频-q2,https://www.runninghub.cn/runninghub-api-doc-cn/api-425766692.md,Video,duration,5,5,unknown,parsed_html
runninghub,Vidu-文生视频-q2,https://www.runninghub.cn/runninghub-api-doc-cn/api-425766692.md,Video,duration,6,6,unknown,parsed_html
runninghub,Vidu-文生视频-q2,https://www.runninghub.cn/runninghub-api-doc-cn/api-425766692.md,Video,duration,7,7,unknown,parsed_html
runninghub,Vidu-文生视频-q2,https://www.runninghub.cn/runninghub-api-doc-cn/api-425766692.md,Video,duration,8,8,unknown,parsed_html
runninghub,Vidu-文生视频-q2,https://www.runninghub.cn/runninghub-api-doc-cn/api-425766692.md,Video,duration,9,9,unknown,parsed_html
runninghub,Vidu-文生视频-q2,https://www.runninghub.cn/runninghub-api-doc-cn/api-425766692.md,Video,duration,10,10,unknown,parsed_html
runninghub,Vidu-文生视频-q2,https://www.runninghub.cn/runninghub-api-doc-cn/api-425766692.md,Video,__task_status,QUEUED,1,unknown,parsed_html
runninghub,Vidu-文生视频-q2,https://www.runninghub.cn/runninghub-api-doc-cn/api-425766692.md,Video,__task_status,RUNNING,2,unknown,parsed_html
runninghub,Vidu-文生视频-q2,https://www.runninghub.cn/runninghub-api-doc-cn/api-425766692.md,Video,__task_status,SUCCESS,3,unknown,parsed_html
runninghub,Vidu-文生视频-q2,https://www.runninghub.cn/runninghub-api-doc-cn/api-425766692.md,Video,__task_status,FAILED,4,unknown,parsed_html
runninghub,Vidu-文生视频-q3-pro,https://www.runninghub.cn/runninghub-api-doc-cn/api-425766693.md,Video,style,general,1,unknown,parsed_html
runninghub,Vidu-文生视频-q3-pro,https://www.runninghub.cn/runninghub-api-doc-cn/api-425766693.md,Video,style,anime,2,unknown,parsed_html
runninghub,Vidu-文生视频-q3-pro,https://www.runninghub.cn/runninghub-api-doc-cn/api-425766693.md,Video,aspectRatio,4:3,1,unknown,parsed_html
runninghub,Vidu-文生视频-q3-pro,https://www.runninghub.cn/runninghub-api-doc-cn/api-425766693.md,Video,aspectRatio,3:4,2,unknown,parsed_html
runninghub,Vidu-文生视频-q3-pro,https://www.runninghub.cn/runninghub-api-doc-cn/api-425766693.md,Video,aspectRatio,16:9,3,unknown,parsed_html
runninghub,Vidu-文生视频-q3-pro,https://www.runninghub.cn/runninghub-api-doc-cn/api-425766693.md,Video,aspectRatio,9:16,4,unknown,parsed_html
runninghub,Vidu-文生视频-q3-pro,https://www.runninghub.cn/runninghub-api-doc-cn/api-425766693.md,Video,aspectRatio,1:1,5,unknown,parsed_html
runninghub,Vidu-文生视频-q3-pro,https://www.runninghub.cn/runninghub-api-doc-cn/api-425766693.md,Video,resolution,360p,1,unknown,parsed_html
runninghub,Vidu-文生视频-q3-pro,https://www.runninghub.cn/runninghub-api-doc-cn/api-425766693.md,Video,resolution,540p,2,unknown,parsed_html
runninghub,Vidu-文生视频-q3-pro,https://www.runninghub.cn/runninghub-api-doc-cn/api-425766693.md,Video,resolution,720p,3,unknown,parsed_html
runninghub,Vidu-文生视频-q3-pro,https://www.runninghub.cn/runninghub-api-doc-cn/api-425766693.md,Video,resolution,1080p,4,unknown,parsed_html
runninghub,Vidu-文生视频-q3-pro,https://www.runninghub.cn/runninghub-api-doc-cn/api-425766693.md,Video,duration,1,1,unknown,parsed_html
runninghub,Vidu-文生视频-q3-pro,https://www.runninghub.cn/runninghub-api-doc-cn/api-425766693.md,Video,duration,2,2,unknown,parsed_html
runninghub,Vidu-文生视频-q3-pro,https://www.runninghub.cn/runninghub-api-doc-cn/api-425766693.md,Video,duration,3,3,unknown,parsed_html
runninghub,Vidu-文生视频-q3-pro,https://www.runninghub.cn/runninghub-api-doc-cn/api-425766693.md,Video,duration,4,4,unknown,parsed_html
runninghub,Vidu-文生视频-q3-pro,https://www.runninghub.cn/runninghub-api-doc-cn/api-425766693.md,Video,duration,5,5,unknown,parsed_html
runninghub,Vidu-文生视频-q3-pro,https://www.runninghub.cn/runninghub-api-doc-cn/api-425766693.md,Video,duration,6,6,unknown,parsed_html
runninghub,Vidu-文生视频-q3-pro,https://www.runninghub.cn/runninghub-api-doc-cn/api-425766693.md,Video,duration,7,7,unknown,parsed_html
runninghub,Vidu-文生视频-q3-pro,https://www.runninghub.cn/runninghub-api-doc-cn/api-425766693.md,Video,duration,8,8,unknown,parsed_html
runninghub,Vidu-文生视频-q3-pro,https://www.runninghub.cn/runninghub-api-doc-cn/api-425766693.md,Video,duration,9,9,unknown,parsed_html
runninghub,Vidu-文生视频-q3-pro,https://www.runninghub.cn/runninghub-api-doc-cn/api-425766693.md,Video,duration,10,10,unknown,parsed_html
runninghub,Vidu-文生视频-q3-pro,https://www.runninghub.cn/runninghub-api-doc-cn/api-425766693.md,Video,duration,11,11,unknown,parsed_html
runninghub,Vidu-文生视频-q3-pro,https://www.runninghub.cn/runninghub-api-doc-cn/api-425766693.md,Video,duration,12,12,unknown,parsed_html
runninghub,Vidu-文生视频-q3-pro,https://www.runninghub.cn/runninghub-api-doc-cn/api-425766693.md,Video,duration,13,13,unknown,parsed_html
runninghub,Vidu-文生视频-q3-pro,https://www.runninghub.cn/runninghub-api-doc-cn/api-425766693.md,Video,duration,14,14,unknown,parsed_html
runninghub,Vidu-文生视频-q3-pro,https://www.runninghub.cn/runninghub-api-doc-cn/api-425766693.md,Video,duration,15,15,unknown,parsed_html
runninghub,Vidu-文生视频-q3-pro,https://www.runninghub.cn/runninghub-api-doc-cn/api-425766693.md,Video,duration,16,16,unknown,parsed_html
runninghub,Vidu-文生视频-q3-pro,https://www.runninghub.cn/runninghub-api-doc-cn/api-425766693.md,Video,__task_status,QUEUED,1,unknown,parsed_html
runninghub,Vidu-文生视频-q3-pro,https://www.runninghub.cn/runninghub-api-doc-cn/api-425766693.md,Video,__task_status,RUNNING,2,unknown,parsed_html
runninghub,Vidu-文生视频-q3-pro,https://www.runninghub.cn/runninghub-api-doc-cn/api-425766693.md,Video,__task_status,SUCCESS,3,unknown,parsed_html
runninghub,Vidu-文生视频-q3-pro,https://www.runninghub.cn/runninghub-api-doc-cn/api-425766693.md,Video,__task_status,FAILED,4,unknown,parsed_html
runninghub,Vidu-文生视频-q3-turbo,https://www.runninghub.cn/runninghub-api-doc-cn/api-425766694.md,Video,style,general,1,unknown,parsed_html
runninghub,Vidu-文生视频-q3-turbo,https://www.runninghub.cn/runninghub-api-doc-cn/api-425766694.md,Video,style,anime,2,unknown,parsed_html
runninghub,Vidu-文生视频-q3-turbo,https://www.runninghub.cn/runninghub-api-doc-cn/api-425766694.md,Video,aspectRatio,4:3,1,unknown,parsed_html
runninghub,Vidu-文生视频-q3-turbo,https://www.runninghub.cn/runninghub-api-doc-cn/api-425766694.md,Video,aspectRatio,3:4,2,unknown,parsed_html
runninghub,Vidu-文生视频-q3-turbo,https://www.runninghub.cn/runninghub-api-doc-cn/api-425766694.md,Video,aspectRatio,16:9,3,unknown,parsed_html
runninghub,Vidu-文生视频-q3-turbo,https://www.runninghub.cn/runninghub-api-doc-cn/api-425766694.md,Video,aspectRatio,9:16,4,unknown,parsed_html
runninghub,Vidu-文生视频-q3-turbo,https://www.runninghub.cn/runninghub-api-doc-cn/api-425766694.md,Video,aspectRatio,1:1,5,unknown,parsed_html
runninghub,Vidu-文生视频-q3-turbo,https://www.runninghub.cn/runninghub-api-doc-cn/api-425766694.md,Video,resolution,540p,1,unknown,parsed_html
runninghub,Vidu-文生视频-q3-turbo,https://www.runninghub.cn/runninghub-api-doc-cn/api-425766694.md,Video,resolution,720p,2,unknown,parsed_html
runninghub,Vidu-文生视频-q3-turbo,https://www.runninghub.cn/runninghub-api-doc-cn/api-425766694.md,Video,resolution,1080p,3,unknown,parsed_html
runninghub,Vidu-文生视频-q3-turbo,https://www.runninghub.cn/runninghub-api-doc-cn/api-425766694.md,Video,duration,1,1,unknown,parsed_html
runninghub,Vidu-文生视频-q3-turbo,https://www.runninghub.cn/runninghub-api-doc-cn/api-425766694.md,Video,duration,2,2,unknown,parsed_html
runninghub,Vidu-文生视频-q3-turbo,https://www.runninghub.cn/runninghub-api-doc-cn/api-425766694.md,Video,duration,3,3,unknown,parsed_html
runninghub,Vidu-文生视频-q3-turbo,https://www.runninghub.cn/runninghub-api-doc-cn/api-425766694.md,Video,duration,4,4,unknown,parsed_html
runninghub,Vidu-文生视频-q3-turbo,https://www.runninghub.cn/runninghub-api-doc-cn/api-425766694.md,Video,duration,5,5,unknown,parsed_html
runninghub,Vidu-文生视频-q3-turbo,https://www.runninghub.cn/runninghub-api-doc-cn/api-425766694.md,Video,duration,6,6,unknown,parsed_html
runninghub,Vidu-文生视频-q3-turbo,https://www.runninghub.cn/runninghub-api-doc-cn/api-425766694.md,Video,duration,7,7,unknown,parsed_html
runninghub,Vidu-文生视频-q3-turbo,https://www.runninghub.cn/runninghub-api-doc-cn/api-425766694.md,Video,duration,8,8,unknown,parsed_html
runninghub,Vidu-文生视频-q3-turbo,https://www.runninghub.cn/runninghub-api-doc-cn/api-425766694.md,Video,duration,9,9,unknown,parsed_html
runninghub,Vidu-文生视频-q3-turbo,https://www.runninghub.cn/runninghub-api-doc-cn/api-425766694.md,Video,duration,10,10,unknown,parsed_html
runninghub,Vidu-文生视频-q3-turbo,https://www.runninghub.cn/runninghub-api-doc-cn/api-425766694.md,Video,duration,11,11,unknown,parsed_html
runninghub,Vidu-文生视频-q3-turbo,https://www.runninghub.cn/runninghub-api-doc-cn/api-425766694.md,Video,duration,12,12,unknown,parsed_html
runninghub,Vidu-文生视频-q3-turbo,https://www.runninghub.cn/runninghub-api-doc-cn/api-425766694.md,Video,duration,13,13,unknown,parsed_html
runninghub,Vidu-文生视频-q3-turbo,https://www.runninghub.cn/runninghub-api-doc-cn/api-425766694.md,Video,duration,14,14,unknown,parsed_html
runninghub,Vidu-文生视频-q3-turbo,https://www.runninghub.cn/runninghub-api-doc-cn/api-425766694.md,Video,duration,15,15,unknown,parsed_html
runninghub,Vidu-文生视频-q3-turbo,https://www.runninghub.cn/runninghub-api-doc-cn/api-425766694.md,Video,duration,16,16,unknown,parsed_html
runninghub,Vidu-文生视频-q3-turbo,https://www.runninghub.cn/runninghub-api-doc-cn/api-425766694.md,Video,__task_status,QUEUED,1,unknown,parsed_html
runninghub,Vidu-文生视频-q3-turbo,https://www.runninghub.cn/runninghub-api-doc-cn/api-425766694.md,Video,__task_status,RUNNING,2,unknown,parsed_html
runninghub,Vidu-文生视频-q3-turbo,https://www.runninghub.cn/runninghub-api-doc-cn/api-425766694.md,Video,__task_status,SUCCESS,3,unknown,parsed_html
runninghub,Vidu-文生视频-q3-turbo,https://www.runninghub.cn/runninghub-api-doc-cn/api-425766694.md,Video,__task_status,FAILED,4,unknown,parsed_html
runninghub,可灵文生视频o1,https://www.runninghub.cn/runninghub-api-doc-cn/api-425766695.md,Video,aspectRatio,1:1,1,unknown,parsed_html
runninghub,可灵文生视频o1,https://www.runninghub.cn/runninghub-api-doc-cn/api-425766695.md,Video,aspectRatio,9:16,2,unknown,parsed_html
runninghub,可灵文生视频o1,https://www.runninghub.cn/runninghub-api-doc-cn/api-425766695.md,Video,aspectRatio,16:9,3,unknown,parsed_html
runninghub,可灵文生视频o1,https://www.runninghub.cn/runninghub-api-doc-cn/api-425766695.md,Video,duration,5,1,unknown,parsed_html
runninghub,可灵文生视频o1,https://www.runninghub.cn/runninghub-api-doc-cn/api-425766695.md,Video,duration,10,2,unknown,parsed_html
runninghub,可灵文生视频o1,https://www.runninghub.cn/runninghub-api-doc-cn/api-425766695.md,Video,mode,std,1,unknown,parsed_html
runninghub,可灵文生视频o1,https://www.runninghub.cn/runninghub-api-doc-cn/api-425766695.md,Video,mode,pro,2,unknown,parsed_html
runninghub,可灵文生视频o1,https://www.runninghub.cn/runninghub-api-doc-cn/api-425766695.md,Video,__task_status,QUEUED,1,unknown,parsed_html
runninghub,可灵文生视频o1,https://www.runninghub.cn/runninghub-api-doc-cn/api-425766695.md,Video,__task_status,RUNNING,2,unknown,parsed_html
runninghub,可灵文生视频o1,https://www.runninghub.cn/runninghub-api-doc-cn/api-425766695.md,Video,__task_status,SUCCESS,3,unknown,parsed_html
runninghub,可灵文生视频o1,https://www.runninghub.cn/runninghub-api-doc-cn/api-425766695.md,Video,__task_status,FAILED,4,unknown,parsed_html
runninghub,万相2.6-文生视频,https://www.runninghub.cn/runninghub-api-doc-cn/api-425766696.md,Video,duration,5,1,unknown,parsed_html
runninghub,万相2.6-文生视频,https://www.runninghub.cn/runninghub-api-doc-cn/api-425766696.md,Video,duration,10,2,unknown,parsed_html
runninghub,万相2.6-文生视频,https://www.runninghub.cn/runninghub-api-doc-cn/api-425766696.md,Video,duration,15,3,unknown,parsed_html
runninghub,万相2.6-文生视频,https://www.runninghub.cn/runninghub-api-doc-cn/api-425766696.md,Video,resolution,1280*720,1,unknown,parsed_html
runninghub,万相2.6-文生视频,https://www.runninghub.cn/runninghub-api-doc-cn/api-425766696.md,Video,resolution,720*1280,2,unknown,parsed_html
runninghub,万相2.6-文生视频,https://www.runninghub.cn/runninghub-api-doc-cn/api-425766696.md,Video,resolution,1920*1080,3,unknown,parsed_html
runninghub,万相2.6-文生视频,https://www.runninghub.cn/runninghub-api-doc-cn/api-425766696.md,Video,resolution,1080*1920,4,unknown,parsed_html
runninghub,万相2.6-文生视频,https://www.runninghub.cn/runninghub-api-doc-cn/api-425766696.md,Video,shotType,single,1,unknown,parsed_html
runninghub,万相2.6-文生视频,https://www.runninghub.cn/runninghub-api-doc-cn/api-425766696.md,Video,shotType,multi,2,unknown,parsed_html
runninghub,万相2.6-文生视频,https://www.runninghub.cn/runninghub-api-doc-cn/api-425766696.md,Video,__task_status,QUEUED,1,unknown,parsed_html
runninghub,万相2.6-文生视频,https://www.runninghub.cn/runninghub-api-doc-cn/api-425766696.md,Video,__task_status,RUNNING,2,unknown,parsed_html
runninghub,万相2.6-文生视频,https://www.runninghub.cn/runninghub-api-doc-cn/api-425766696.md,Video,__task_status,SUCCESS,3,unknown,parsed_html
runninghub,万相2.6-文生视频,https://www.runninghub.cn/runninghub-api-doc-cn/api-425766696.md,Video,__task_status,FAILED,4,unknown,parsed_html
runninghub,可灵文生视频2.5-turbo-pro,https://www.runninghub.cn/runninghub-api-doc-cn/api-425766697.md,Video,duration,5,1,unknown,parsed_html
runninghub,可灵文生视频2.5-turbo-pro,https://www.runninghub.cn/runninghub-api-doc-cn/api-425766697.md,Video,duration,10,2,unknown,parsed_html
runninghub,可灵文生视频2.5-turbo-pro,https://www.runninghub.cn/runninghub-api-doc-cn/api-425766697.md,Video,aspectRatio,1:1,1,unknown,parsed_html
runninghub,可灵文生视频2.5-turbo-pro,https://www.runninghub.cn/runninghub-api-doc-cn/api-425766697.md,Video,aspectRatio,16:9,2,unknown,parsed_html
runninghub,可灵文生视频2.5-turbo-pro,https://www.runninghub.cn/runninghub-api-doc-cn/api-425766697.md,Video,aspectRatio,9:16,3,unknown,parsed_html
runninghub,可灵文生视频2.5-turbo-pro,https://www.runninghub.cn/runninghub-api-doc-cn/api-425766697.md,Video,__task_status,QUEUED,1,unknown,parsed_html
runninghub,可灵文生视频2.5-turbo-pro,https://www.runninghub.cn/runninghub-api-doc-cn/api-425766697.md,Video,__task_status,RUNNING,2,unknown,parsed_html
runninghub,可灵文生视频2.5-turbo-pro,https://www.runninghub.cn/runninghub-api-doc-cn/api-425766697.md,Video,__task_status,SUCCESS,3,unknown,parsed_html
runninghub,可灵文生视频2.5-turbo-pro,https://www.runninghub.cn/runninghub-api-doc-cn/api-425766697.md,Video,__task_status,FAILED,4,unknown,parsed_html
runninghub,可灵文生视频2.6-pro,https://www.runninghub.cn/runninghub-api-doc-cn/api-425766698.md,Video,sound,true,1,unknown,parsed_html
runninghub,可灵文生视频2.6-pro,https://www.runninghub.cn/runninghub-api-doc-cn/api-425766698.md,Video,sound,false,2,unknown,parsed_html
runninghub,可灵文生视频2.6-pro,https://www.runninghub.cn/runninghub-api-doc-cn/api-425766698.md,Video,aspectRatio,1:1,1,unknown,parsed_html
runninghub,可灵文生视频2.6-pro,https://www.runninghub.cn/runninghub-api-doc-cn/api-425766698.md,Video,aspectRatio,16:9,2,unknown,parsed_html
runninghub,可灵文生视频2.6-pro,https://www.runninghub.cn/runninghub-api-doc-cn/api-425766698.md,Video,aspectRatio,9:16,3,unknown,parsed_html
runninghub,可灵文生视频2.6-pro,https://www.runninghub.cn/runninghub-api-doc-cn/api-425766698.md,Video,duration,5,1,unknown,parsed_html
runninghub,可灵文生视频2.6-pro,https://www.runninghub.cn/runninghub-api-doc-cn/api-425766698.md,Video,duration,10,2,unknown,parsed_html
runninghub,可灵文生视频2.6-pro,https://www.runninghub.cn/runninghub-api-doc-cn/api-425766698.md,Video,__task_status,QUEUED,1,unknown,parsed_html
runninghub,可灵文生视频2.6-pro,https://www.runninghub.cn/runninghub-api-doc-cn/api-425766698.md,Video,__task_status,RUNNING,2,unknown,parsed_html
runninghub,可灵文生视频2.6-pro,https://www.runninghub.cn/runninghub-api-doc-cn/api-425766698.md,Video,__task_status,SUCCESS,3,unknown,parsed_html
runninghub,可灵文生视频2.6-pro,https://www.runninghub.cn/runninghub-api-doc-cn/api-425766698.md,Video,__task_status,FAILED,4,unknown,parsed_html
runninghub,seedance-v1.5-pro-text-to-video-fast,https://www.runninghub.cn/runninghub-api-doc-cn/api-425766699.md,Video,aspectRatio,16:9,1,unknown,parsed_html
runninghub,seedance-v1.5-pro-text-to-video-fast,https://www.runninghub.cn/runninghub-api-doc-cn/api-425766699.md,Video,aspectRatio,9:16,2,unknown,parsed_html
runninghub,seedance-v1.5-pro-text-to-video-fast,https://www.runninghub.cn/runninghub-api-doc-cn/api-425766699.md,Video,aspectRatio,4:3,3,unknown,parsed_html
runninghub,seedance-v1.5-pro-text-to-video-fast,https://www.runninghub.cn/runninghub-api-doc-cn/api-425766699.md,Video,aspectRatio,3:4,4,unknown,parsed_html
runninghub,seedance-v1.5-pro-text-to-video-fast,https://www.runninghub.cn/runninghub-api-doc-cn/api-425766699.md,Video,aspectRatio,1:1,5,unknown,parsed_html
runninghub,seedance-v1.5-pro-text-to-video-fast,https://www.runninghub.cn/runninghub-api-doc-cn/api-425766699.md,Video,aspectRatio,21:9,6,unknown,parsed_html
runninghub,seedance-v1.5-pro-text-to-video-fast,https://www.runninghub.cn/runninghub-api-doc-cn/api-425766699.md,Video,duration,4,1,unknown,parsed_html
runninghub,seedance-v1.5-pro-text-to-video-fast,https://www.runninghub.cn/runninghub-api-doc-cn/api-425766699.md,Video,duration,5,2,unknown,parsed_html
runninghub,seedance-v1.5-pro-text-to-video-fast,https://www.runninghub.cn/runninghub-api-doc-cn/api-425766699.md,Video,duration,6,3,unknown,parsed_html
runninghub,seedance-v1.5-pro-text-to-video-fast,https://www.runninghub.cn/runninghub-api-doc-cn/api-425766699.md,Video,duration,7,4,unknown,parsed_html
runninghub,seedance-v1.5-pro-text-to-video-fast,https://www.runninghub.cn/runninghub-api-doc-cn/api-425766699.md,Video,duration,8,5,unknown,parsed_html
runninghub,seedance-v1.5-pro-text-to-video-fast,https://www.runninghub.cn/runninghub-api-doc-cn/api-425766699.md,Video,duration,9,6,unknown,parsed_html
runninghub,seedance-v1.5-pro-text-to-video-fast,https://www.runninghub.cn/runninghub-api-doc-cn/api-425766699.md,Video,duration,10,7,unknown,parsed_html
runninghub,seedance-v1.5-pro-text-to-video-fast,https://www.runninghub.cn/runninghub-api-doc-cn/api-425766699.md,Video,duration,11,8,unknown,parsed_html
runninghub,seedance-v1.5-pro-text-to-video-fast,https://www.runninghub.cn/runninghub-api-doc-cn/api-425766699.md,Video,duration,12,9,unknown,parsed_html
runninghub,seedance-v1.5-pro-text-to-video-fast,https://www.runninghub.cn/runninghub-api-doc-cn/api-425766699.md,Video,resolution,720p,1,unknown,parsed_html
runninghub,seedance-v1.5-pro-text-to-video-fast,https://www.runninghub.cn/runninghub-api-doc-cn/api-425766699.md,Video,resolution,1080p,2,unknown,parsed_html
runninghub,seedance-v1.5-pro-text-to-video-fast,https://www.runninghub.cn/runninghub-api-doc-cn/api-425766699.md,Video,generateAudio,true,1,unknown,parsed_html
runninghub,seedance-v1.5-pro-text-to-video-fast,https://www.runninghub.cn/runninghub-api-doc-cn/api-425766699.md,Video,generateAudio,false,2,unknown,parsed_html
runninghub,seedance-v1.5-pro-text-to-video-fast,https://www.runninghub.cn/runninghub-api-doc-cn/api-425766699.md,Video,cameraFixed,false,1,unknown,parsed_html
runninghub,seedance-v1.5-pro-text-to-video-fast,https://www.runninghub.cn/runninghub-api-doc-cn/api-425766699.md,Video,cameraFixed,true,2,unknown,parsed_html
runninghub,seedance-v1.5-pro-text-to-video-fast,https://www.runninghub.cn/runninghub-api-doc-cn/api-425766699.md,Video,__task_status,QUEUED,1,unknown,parsed_html
runninghub,seedance-v1.5-pro-text-to-video-fast,https://www.runninghub.cn/runninghub-api-doc-cn/api-425766699.md,Video,__task_status,RUNNING,2,unknown,parsed_html
runninghub,seedance-v1.5-pro-text-to-video-fast,https://www.runninghub.cn/runninghub-api-doc-cn/api-425766699.md,Video,__task_status,SUCCESS,3,unknown,parsed_html
runninghub,seedance-v1.5-pro-text-to-video-fast,https://www.runninghub.cn/runninghub-api-doc-cn/api-425766699.md,Video,__task_status,FAILED,4,unknown,parsed_html
runninghub,seedance-v1.5-pro-text-to-video,https://www.runninghub.cn/runninghub-api-doc-cn/api-425766700.md,Video,aspectRatio,16:9,1,unknown,parsed_html
runninghub,seedance-v1.5-pro-text-to-video,https://www.runninghub.cn/runninghub-api-doc-cn/api-425766700.md,Video,aspectRatio,9:16,2,unknown,parsed_html
runninghub,seedance-v1.5-pro-text-to-video,https://www.runninghub.cn/runninghub-api-doc-cn/api-425766700.md,Video,aspectRatio,4:3,3,unknown,parsed_html
runninghub,seedance-v1.5-pro-text-to-video,https://www.runninghub.cn/runninghub-api-doc-cn/api-425766700.md,Video,aspectRatio,3:4,4,unknown,parsed_html
runninghub,seedance-v1.5-pro-text-to-video,https://www.runninghub.cn/runninghub-api-doc-cn/api-425766700.md,Video,aspectRatio,1:1,5,unknown,parsed_html
runninghub,seedance-v1.5-pro-text-to-video,https://www.runninghub.cn/runninghub-api-doc-cn/api-425766700.md,Video,aspectRatio,21:9,6,unknown,parsed_html
runninghub,seedance-v1.5-pro-text-to-video,https://www.runninghub.cn/runninghub-api-doc-cn/api-425766700.md,Video,duration,4,1,unknown,parsed_html
runninghub,seedance-v1.5-pro-text-to-video,https://www.runninghub.cn/runninghub-api-doc-cn/api-425766700.md,Video,duration,5,2,unknown,parsed_html
runninghub,seedance-v1.5-pro-text-to-video,https://www.runninghub.cn/runninghub-api-doc-cn/api-425766700.md,Video,duration,6,3,unknown,parsed_html
runninghub,seedance-v1.5-pro-text-to-video,https://www.runninghub.cn/runninghub-api-doc-cn/api-425766700.md,Video,duration,7,4,unknown,parsed_html
runninghub,seedance-v1.5-pro-text-to-video,https://www.runninghub.cn/runninghub-api-doc-cn/api-425766700.md,Video,duration,8,5,unknown,parsed_html
runninghub,seedance-v1.5-pro-text-to-video,https://www.runninghub.cn/runninghub-api-doc-cn/api-425766700.md,Video,duration,9,6,unknown,parsed_html
runninghub,seedance-v1.5-pro-text-to-video,https://www.runninghub.cn/runninghub-api-doc-cn/api-425766700.md,Video,duration,10,7,unknown,parsed_html
runninghub,seedance-v1.5-pro-text-to-video,https://www.runninghub.cn/runninghub-api-doc-cn/api-425766700.md,Video,duration,11,8,unknown,parsed_html
runninghub,seedance-v1.5-pro-text-to-video,https://www.runninghub.cn/runninghub-api-doc-cn/api-425766700.md,Video,duration,12,9,unknown,parsed_html
runninghub,seedance-v1.5-pro-text-to-video,https://www.runninghub.cn/runninghub-api-doc-cn/api-425766700.md,Video,resolution,480p,1,unknown,parsed_html
runninghub,seedance-v1.5-pro-text-to-video,https://www.runninghub.cn/runninghub-api-doc-cn/api-425766700.md,Video,resolution,720p,2,unknown,parsed_html
runninghub,seedance-v1.5-pro-text-to-video,https://www.runninghub.cn/runninghub-api-doc-cn/api-425766700.md,Video,resolution,1080p,3,unknown,parsed_html
runninghub,seedance-v1.5-pro-text-to-video,https://www.runninghub.cn/runninghub-api-doc-cn/api-425766700.md,Video,generateAudio,true,1,unknown,parsed_html
runninghub,seedance-v1.5-pro-text-to-video,https://www.runninghub.cn/runninghub-api-doc-cn/api-425766700.md,Video,generateAudio,false,2,unknown,parsed_html
runninghub,seedance-v1.5-pro-text-to-video,https://www.runninghub.cn/runninghub-api-doc-cn/api-425766700.md,Video,cameraFixed,false,1,unknown,parsed_html
runninghub,seedance-v1.5-pro-text-to-video,https://www.runninghub.cn/runninghub-api-doc-cn/api-425766700.md,Video,cameraFixed,true,2,unknown,parsed_html
runninghub,seedance-v1.5-pro-text-to-video,https://www.runninghub.cn/runninghub-api-doc-cn/api-425766700.md,Video,__task_status,QUEUED,1,unknown,parsed_html
runninghub,seedance-v1.5-pro-text-to-video,https://www.runninghub.cn/runninghub-api-doc-cn/api-425766700.md,Video,__task_status,RUNNING,2,unknown,parsed_html
runninghub,seedance-v1.5-pro-text-to-video,https://www.runninghub.cn/runninghub-api-doc-cn/api-425766700.md,Video,__task_status,SUCCESS,3,unknown,parsed_html
runninghub,seedance-v1.5-pro-text-to-video,https://www.runninghub.cn/runninghub-api-doc-cn/api-425766700.md,Video,__task_status,FAILED,4,unknown,parsed_html
runninghub,海螺-02-文生视频-标准,https://www.runninghub.cn/runninghub-api-doc-cn/api-425766704.md,Video,duration,6,1,unknown,parsed_html
runninghub,海螺-02-文生视频-标准,https://www.runninghub.cn/runninghub-api-doc-cn/api-425766704.md,Video,duration,10,2,unknown,parsed_html
runninghub,海螺-02-文生视频-标准,https://www.runninghub.cn/runninghub-api-doc-cn/api-425766704.md,Video,__task_status,QUEUED,1,unknown,parsed_html
runninghub,海螺-02-文生视频-标准,https://www.runninghub.cn/runninghub-api-doc-cn/api-425766704.md,Video,__task_status,RUNNING,2,unknown,parsed_html
runninghub,海螺-02-文生视频-标准,https://www.runninghub.cn/runninghub-api-doc-cn/api-425766704.md,Video,__task_status,SUCCESS,3,unknown,parsed_html
runninghub,海螺-02-文生视频-标准,https://www.runninghub.cn/runninghub-api-doc-cn/api-425766704.md,Video,__task_status,FAILED,4,unknown,parsed_html
runninghub,海螺-02-pro,https://www.runninghub.cn/runninghub-api-doc-cn/api-425766701.md,Video,__task_status,QUEUED,1,unknown,parsed_html
runninghub,海螺-02-pro,https://www.runninghub.cn/runninghub-api-doc-cn/api-425766701.md,Video,__task_status,RUNNING,2,unknown,parsed_html
runninghub,海螺-02-pro,https://www.runninghub.cn/runninghub-api-doc-cn/api-425766701.md,Video,__task_status,SUCCESS,3,unknown,parsed_html
runninghub,海螺-02-pro,https://www.runninghub.cn/runninghub-api-doc-cn/api-425766701.md,Video,__task_status,FAILED,4,unknown,parsed_html
runninghub,海螺-2.3-文生视频-标准,https://www.runninghub.cn/runninghub-api-doc-cn/api-425766702.md,Video,duration,6,1,unknown,parsed_html
runninghub,海螺-2.3-文生视频-标准,https://www.runninghub.cn/runninghub-api-doc-cn/api-425766702.md,Video,duration,10,2,unknown,parsed_html
runninghub,海螺-2.3-文生视频-标准,https://www.runninghub.cn/runninghub-api-doc-cn/api-425766702.md,Video,__task_status,QUEUED,1,unknown,parsed_html
runninghub,海螺-2.3-文生视频-标准,https://www.runninghub.cn/runninghub-api-doc-cn/api-425766702.md,Video,__task_status,RUNNING,2,unknown,parsed_html
runninghub,海螺-2.3-文生视频-标准,https://www.runninghub.cn/runninghub-api-doc-cn/api-425766702.md,Video,__task_status,SUCCESS,3,unknown,parsed_html
runninghub,海螺-2.3-文生视频-标准,https://www.runninghub.cn/runninghub-api-doc-cn/api-425766702.md,Video,__task_status,FAILED,4,unknown,parsed_html
runninghub,海螺-2.3-文生视频-pro,https://www.runninghub.cn/runninghub-api-doc-cn/api-425766703.md,Video,__task_status,QUEUED,1,unknown,parsed_html
runninghub,海螺-2.3-文生视频-pro,https://www.runninghub.cn/runninghub-api-doc-cn/api-425766703.md,Video,__task_status,RUNNING,2,unknown,parsed_html
runninghub,海螺-2.3-文生视频-pro,https://www.runninghub.cn/runninghub-api-doc-cn/api-425766703.md,Video,__task_status,SUCCESS,3,unknown,parsed_html
runninghub,海螺-2.3-文生视频-pro,https://www.runninghub.cn/runninghub-api-doc-cn/api-425766703.md,Video,__task_status,FAILED,4,unknown,parsed_html
runninghub,海螺-02-文生视频-pro,https://www.runninghub.cn/runninghub-api-doc-cn/api-425766705.md,Video,__task_status,QUEUED,1,unknown,parsed_html
runninghub,海螺-02-文生视频-pro,https://www.runninghub.cn/runninghub-api-doc-cn/api-425766705.md,Video,__task_status,RUNNING,2,unknown,parsed_html
runninghub,海螺-02-文生视频-pro,https://www.runninghub.cn/runninghub-api-doc-cn/api-425766705.md,Video,__task_status,SUCCESS,3,unknown,parsed_html
runninghub,海螺-02-文生视频-pro,https://www.runninghub.cn/runninghub-api-doc-cn/api-425766705.md,Video,__task_status,FAILED,4,unknown,parsed_html
runninghub,可灵文生视频o3-std,https://www.runninghub.cn/runninghub-api-doc-cn/api-425766706.md,Video,aspectRatio,1:1,1,unknown,parsed_html
runninghub,可灵文生视频o3-std,https://www.runninghub.cn/runninghub-api-doc-cn/api-425766706.md,Video,aspectRatio,16:9,2,unknown,parsed_html
runninghub,可灵文生视频o3-std,https://www.runninghub.cn/runninghub-api-doc-cn/api-425766706.md,Video,aspectRatio,9:16,3,unknown,parsed_html
runninghub,可灵文生视频o3-std,https://www.runninghub.cn/runninghub-api-doc-cn/api-425766706.md,Video,__task_status,QUEUED,1,unknown,parsed_html
runninghub,可灵文生视频o3-std,https://www.runninghub.cn/runninghub-api-doc-cn/api-425766706.md,Video,__task_status,RUNNING,2,unknown,parsed_html
runninghub,可灵文生视频o3-std,https://www.runninghub.cn/runninghub-api-doc-cn/api-425766706.md,Video,__task_status,SUCCESS,3,unknown,parsed_html
runninghub,可灵文生视频o3-std,https://www.runninghub.cn/runninghub-api-doc-cn/api-425766706.md,Video,__task_status,FAILED,4,unknown,parsed_html
runninghub,可灵文生视频o3-pro,https://www.runninghub.cn/runninghub-api-doc-cn/api-425766707.md,Video,aspectRatio,1:1,1,unknown,parsed_html
runninghub,可灵文生视频o3-pro,https://www.runninghub.cn/runninghub-api-doc-cn/api-425766707.md,Video,aspectRatio,16:9,2,unknown,parsed_html
runninghub,可灵文生视频o3-pro,https://www.runninghub.cn/runninghub-api-doc-cn/api-425766707.md,Video,aspectRatio,9:16,3,unknown,parsed_html
runninghub,可灵文生视频o3-pro,https://www.runninghub.cn/runninghub-api-doc-cn/api-425766707.md,Video,__task_status,QUEUED,1,unknown,parsed_html
runninghub,可灵文生视频o3-pro,https://www.runninghub.cn/runninghub-api-doc-cn/api-425766707.md,Video,__task_status,RUNNING,2,unknown,parsed_html
runninghub,可灵文生视频o3-pro,https://www.runninghub.cn/runninghub-api-doc-cn/api-425766707.md,Video,__task_status,SUCCESS,3,unknown,parsed_html
runninghub,可灵文生视频o3-pro,https://www.runninghub.cn/runninghub-api-doc-cn/api-425766707.md,Video,__task_status,FAILED,4,unknown,parsed_html
runninghub,可灵文生视频3.0-pro,https://www.runninghub.cn/runninghub-api-doc-cn/api-425766708.md,Video,duration,3,1,unknown,parsed_html
runninghub,可灵文生视频3.0-pro,https://www.runninghub.cn/runninghub-api-doc-cn/api-425766708.md,Video,duration,4,2,unknown,parsed_html
runninghub,可灵文生视频3.0-pro,https://www.runninghub.cn/runninghub-api-doc-cn/api-425766708.md,Video,duration,5,3,unknown,parsed_html
runninghub,可灵文生视频3.0-pro,https://www.runninghub.cn/runninghub-api-doc-cn/api-425766708.md,Video,duration,6,4,unknown,parsed_html
runninghub,可灵文生视频3.0-pro,https://www.runninghub.cn/runninghub-api-doc-cn/api-425766708.md,Video,duration,7,5,unknown,parsed_html
runninghub,可灵文生视频3.0-pro,https://www.runninghub.cn/runninghub-api-doc-cn/api-425766708.md,Video,duration,8,6,unknown,parsed_html
runninghub,可灵文生视频3.0-pro,https://www.runninghub.cn/runninghub-api-doc-cn/api-425766708.md,Video,duration,9,7,unknown,parsed_html
runninghub,可灵文生视频3.0-pro,https://www.runninghub.cn/runninghub-api-doc-cn/api-425766708.md,Video,duration,10,8,unknown,parsed_html
runninghub,可灵文生视频3.0-pro,https://www.runninghub.cn/runninghub-api-doc-cn/api-425766708.md,Video,duration,11,9,unknown,parsed_html
runninghub,可灵文生视频3.0-pro,https://www.runninghub.cn/runninghub-api-doc-cn/api-425766708.md,Video,duration,12,10,unknown,parsed_html
runninghub,可灵文生视频3.0-pro,https://www.runninghub.cn/runninghub-api-doc-cn/api-425766708.md,Video,duration,13,11,unknown,parsed_html
runninghub,可灵文生视频3.0-pro,https://www.runninghub.cn/runninghub-api-doc-cn/api-425766708.md,Video,duration,14,12,unknown,parsed_html
runninghub,可灵文生视频3.0-pro,https://www.runninghub.cn/runninghub-api-doc-cn/api-425766708.md,Video,duration,15,13,unknown,parsed_html
runninghub,可灵文生视频3.0-pro,https://www.runninghub.cn/runninghub-api-doc-cn/api-425766708.md,Video,aspectRatio,1:1,1,unknown,parsed_html
runninghub,可灵文生视频3.0-pro,https://www.runninghub.cn/runninghub-api-doc-cn/api-425766708.md,Video,aspectRatio,16:9,2,unknown,parsed_html
runninghub,可灵文生视频3.0-pro,https://www.runninghub.cn/runninghub-api-doc-cn/api-425766708.md,Video,aspectRatio,9:16,3,unknown,parsed_html
runninghub,可灵文生视频3.0-pro,https://www.runninghub.cn/runninghub-api-doc-cn/api-425766708.md,Video,__task_status,QUEUED,1,unknown,parsed_html
runninghub,可灵文生视频3.0-pro,https://www.runninghub.cn/runninghub-api-doc-cn/api-425766708.md,Video,__task_status,RUNNING,2,unknown,parsed_html
runninghub,可灵文生视频3.0-pro,https://www.runninghub.cn/runninghub-api-doc-cn/api-425766708.md,Video,__task_status,SUCCESS,3,unknown,parsed_html
runninghub,可灵文生视频3.0-pro,https://www.runninghub.cn/runninghub-api-doc-cn/api-425766708.md,Video,__task_status,FAILED,4,unknown,parsed_html
runninghub,可灵文生视频3.0-std,https://www.runninghub.cn/runninghub-api-doc-cn/api-425766709.md,Video,duration,3,1,unknown,parsed_html
runninghub,可灵文生视频3.0-std,https://www.runninghub.cn/runninghub-api-doc-cn/api-425766709.md,Video,duration,4,2,unknown,parsed_html
runninghub,可灵文生视频3.0-std,https://www.runninghub.cn/runninghub-api-doc-cn/api-425766709.md,Video,duration,5,3,unknown,parsed_html
runninghub,可灵文生视频3.0-std,https://www.runninghub.cn/runninghub-api-doc-cn/api-425766709.md,Video,duration,6,4,unknown,parsed_html
runninghub,可灵文生视频3.0-std,https://www.runninghub.cn/runninghub-api-doc-cn/api-425766709.md,Video,duration,7,5,unknown,parsed_html
runninghub,可灵文生视频3.0-std,https://www.runninghub.cn/runninghub-api-doc-cn/api-425766709.md,Video,duration,8,6,unknown,parsed_html
runninghub,可灵文生视频3.0-std,https://www.runninghub.cn/runninghub-api-doc-cn/api-425766709.md,Video,duration,9,7,unknown,parsed_html
runninghub,可灵文生视频3.0-std,https://www.runninghub.cn/runninghub-api-doc-cn/api-425766709.md,Video,duration,10,8,unknown,parsed_html
runninghub,可灵文生视频3.0-std,https://www.runninghub.cn/runninghub-api-doc-cn/api-425766709.md,Video,duration,11,9,unknown,parsed_html
runninghub,可灵文生视频3.0-std,https://www.runninghub.cn/runninghub-api-doc-cn/api-425766709.md,Video,duration,12,10,unknown,parsed_html
runninghub,可灵文生视频3.0-std,https://www.runninghub.cn/runninghub-api-doc-cn/api-425766709.md,Video,duration,13,11,unknown,parsed_html
runninghub,可灵文生视频3.0-std,https://www.runninghub.cn/runninghub-api-doc-cn/api-425766709.md,Video,duration,14,12,unknown,parsed_html
runninghub,可灵文生视频3.0-std,https://www.runninghub.cn/runninghub-api-doc-cn/api-425766709.md,Video,duration,15,13,unknown,parsed_html
runninghub,可灵文生视频3.0-std,https://www.runninghub.cn/runninghub-api-doc-cn/api-425766709.md,Video,aspectRatio,1:1,1,unknown,parsed_html
runninghub,可灵文生视频3.0-std,https://www.runninghub.cn/runninghub-api-doc-cn/api-425766709.md,Video,aspectRatio,16:9,2,unknown,parsed_html
runninghub,可灵文生视频3.0-std,https://www.runninghub.cn/runninghub-api-doc-cn/api-425766709.md,Video,aspectRatio,9:16,3,unknown,parsed_html
runninghub,可灵文生视频3.0-std,https://www.runninghub.cn/runninghub-api-doc-cn/api-425766709.md,Video,__task_status,QUEUED,1,unknown,parsed_html
runninghub,可灵文生视频3.0-std,https://www.runninghub.cn/runninghub-api-doc-cn/api-425766709.md,Video,__task_status,RUNNING,2,unknown,parsed_html
runninghub,可灵文生视频3.0-std,https://www.runninghub.cn/runninghub-api-doc-cn/api-425766709.md,Video,__task_status,SUCCESS,3,unknown,parsed_html
runninghub,可灵文生视频3.0-std,https://www.runninghub.cn/runninghub-api-doc-cn/api-425766709.md,Video,__task_status,FAILED,4,unknown,parsed_html
runninghub,全能视频S-文生视频-低价渠道版,https://www.runninghub.cn/runninghub-api-doc-cn/api-425766710.md,Video,duration,10,1,low_cost_channel,parsed_html
runninghub,全能视频S-文生视频-低价渠道版,https://www.runninghub.cn/runninghub-api-doc-cn/api-425766710.md,Video,duration,15,2,low_cost_channel,parsed_html
runninghub,全能视频S-文生视频-低价渠道版,https://www.runninghub.cn/runninghub-api-doc-cn/api-425766710.md,Video,aspectRatio,9:16,1,low_cost_channel,parsed_html
runninghub,全能视频S-文生视频-低价渠道版,https://www.runninghub.cn/runninghub-api-doc-cn/api-425766710.md,Video,aspectRatio,16:9,2,low_cost_channel,parsed_html
runninghub,全能视频S-文生视频-低价渠道版,https://www.runninghub.cn/runninghub-api-doc-cn/api-425766710.md,Video,__task_status,QUEUED,1,low_cost_channel,parsed_html
runninghub,全能视频S-文生视频-低价渠道版,https://www.runninghub.cn/runninghub-api-doc-cn/api-425766710.md,Video,__task_status,RUNNING,2,low_cost_channel,parsed_html
runninghub,全能视频S-文生视频-低价渠道版,https://www.runninghub.cn/runninghub-api-doc-cn/api-425766710.md,Video,__task_status,SUCCESS,3,low_cost_channel,parsed_html
runninghub,全能视频S-文生视频-低价渠道版,https://www.runninghub.cn/runninghub-api-doc-cn/api-425766710.md,Video,__task_status,FAILED,4,low_cost_channel,parsed_html
runninghub,全能视频S-文生视频-pro-低价渠道版,https://www.runninghub.cn/runninghub-api-doc-cn/api-425766711.md,Video,duration,15,1,low_cost_channel,parsed_html
runninghub,全能视频S-文生视频-pro-低价渠道版,https://www.runninghub.cn/runninghub-api-doc-cn/api-425766711.md,Video,duration,25,2,low_cost_channel,parsed_html
runninghub,全能视频S-文生视频-pro-低价渠道版,https://www.runninghub.cn/runninghub-api-doc-cn/api-425766711.md,Video,aspectRatio,9:16,1,low_cost_channel,parsed_html
runninghub,全能视频S-文生视频-pro-低价渠道版,https://www.runninghub.cn/runninghub-api-doc-cn/api-425766711.md,Video,aspectRatio,16:9,2,low_cost_channel,parsed_html
runninghub,全能视频S-文生视频-pro-低价渠道版,https://www.runninghub.cn/runninghub-api-doc-cn/api-425766711.md,Video,__task_status,QUEUED,1,low_cost_channel,parsed_html
runninghub,全能视频S-文生视频-pro-低价渠道版,https://www.runninghub.cn/runninghub-api-doc-cn/api-425766711.md,Video,__task_status,RUNNING,2,low_cost_channel,parsed_html
runninghub,全能视频S-文生视频-pro-低价渠道版,https://www.runninghub.cn/runninghub-api-doc-cn/api-425766711.md,Video,__task_status,SUCCESS,3,low_cost_channel,parsed_html
runninghub,全能视频S-文生视频-pro-低价渠道版,https://www.runninghub.cn/runninghub-api-doc-cn/api-425766711.md,Video,__task_status,FAILED,4,low_cost_channel,parsed_html
runninghub,全能视频S-文生视频-官方稳定版,https://www.runninghub.cn/runninghub-api-doc-cn/api-425766712.md,Video,size,720x1280,1,official_stable,parsed_html
runninghub,全能视频S-文生视频-官方稳定版,https://www.runninghub.cn/runninghub-api-doc-cn/api-425766712.md,Video,size,1280x720,2,official_stable,parsed_html
runninghub,全能视频S-文生视频-官方稳定版,https://www.runninghub.cn/runninghub-api-doc-cn/api-425766712.md,Video,duration,4,1,official_stable,parsed_html
runninghub,全能视频S-文生视频-官方稳定版,https://www.runninghub.cn/runninghub-api-doc-cn/api-425766712.md,Video,duration,8,2,official_stable,parsed_html
runninghub,全能视频S-文生视频-官方稳定版,https://www.runninghub.cn/runninghub-api-doc-cn/api-425766712.md,Video,duration,12,3,official_stable,parsed_html
runninghub,全能视频S-文生视频-官方稳定版,https://www.runninghub.cn/runninghub-api-doc-cn/api-425766712.md,Video,__task_status,QUEUED,1,official_stable,parsed_html
runninghub,全能视频S-文生视频-官方稳定版,https://www.runninghub.cn/runninghub-api-doc-cn/api-425766712.md,Video,__task_status,RUNNING,2,official_stable,parsed_html
runninghub,全能视频S-文生视频-官方稳定版,https://www.runninghub.cn/runninghub-api-doc-cn/api-425766712.md,Video,__task_status,SUCCESS,3,official_stable,parsed_html
runninghub,全能视频S-文生视频-官方稳定版,https://www.runninghub.cn/runninghub-api-doc-cn/api-425766712.md,Video,__task_status,FAILED,4,official_stable,parsed_html
runninghub,全能视频X-文生视频-低价渠道版,https://www.runninghub.cn/runninghub-api-doc-cn/api-425766713.md,Video,aspectRatio,2:3,1,low_cost_channel,parsed_html
runninghub,全能视频X-文生视频-低价渠道版,https://www.runninghub.cn/runninghub-api-doc-cn/api-425766713.md,Video,aspectRatio,3:2,2,low_cost_channel,parsed_html
runninghub,全能视频X-文生视频-低价渠道版,https://www.runninghub.cn/runninghub-api-doc-cn/api-425766713.md,Video,aspectRatio,1:1,3,low_cost_channel,parsed_html
runninghub,全能视频X-文生视频-低价渠道版,https://www.runninghub.cn/runninghub-api-doc-cn/api-425766713.md,Video,resolution,720P,1,low_cost_channel,parsed_html
runninghub,全能视频X-文生视频-低价渠道版,https://www.runninghub.cn/runninghub-api-doc-cn/api-425766713.md,Video,resolution,1080P,2,low_cost_channel,parsed_html
runninghub,全能视频X-文生视频-低价渠道版,https://www.runninghub.cn/runninghub-api-doc-cn/api-425766713.md,Video,duration,6s,1,low_cost_channel,parsed_html
runninghub,全能视频X-文生视频-低价渠道版,https://www.runninghub.cn/runninghub-api-doc-cn/api-425766713.md,Video,duration,10s,2,low_cost_channel,parsed_html
runninghub,全能视频X-文生视频-低价渠道版,https://www.runninghub.cn/runninghub-api-doc-cn/api-425766713.md,Video,duration,15s,3,low_cost_channel,parsed_html
runninghub,全能视频X-文生视频-低价渠道版,https://www.runninghub.cn/runninghub-api-doc-cn/api-425766713.md,Video,__task_status,QUEUED,1,low_cost_channel,parsed_html
runninghub,全能视频X-文生视频-低价渠道版,https://www.runninghub.cn/runninghub-api-doc-cn/api-425766713.md,Video,__task_status,RUNNING,2,low_cost_channel,parsed_html
runninghub,全能视频X-文生视频-低价渠道版,https://www.runninghub.cn/runninghub-api-doc-cn/api-425766713.md,Video,__task_status,SUCCESS,3,low_cost_channel,parsed_html
runninghub,全能视频X-文生视频-低价渠道版,https://www.runninghub.cn/runninghub-api-doc-cn/api-425766713.md,Video,__task_status,FAILED,4,low_cost_channel,parsed_html
runninghub,全能视频X-文生视频-官方稳定版,https://www.runninghub.cn/runninghub-api-doc-cn/api-425766714.md,Video,aspectRatio,16:9,1,official_stable,parsed_html
runninghub,全能视频X-文生视频-官方稳定版,https://www.runninghub.cn/runninghub-api-doc-cn/api-425766714.md,Video,aspectRatio,9:16,2,official_stable,parsed_html
runninghub,全能视频X-文生视频-官方稳定版,https://www.runninghub.cn/runninghub-api-doc-cn/api-425766714.md,Video,aspectRatio,1:1,3,official_stable,parsed_html
runninghub,全能视频X-文生视频-官方稳定版,https://www.runninghub.cn/runninghub-api-doc-cn/api-425766714.md,Video,resolution,720p,1,official_stable,parsed_html
runninghub,全能视频X-文生视频-官方稳定版,https://www.runninghub.cn/runninghub-api-doc-cn/api-425766714.md,Video,resolution,480p,2,official_stable,parsed_html
runninghub,全能视频X-文生视频-官方稳定版,https://www.runninghub.cn/runninghub-api-doc-cn/api-425766714.md,Video,duration,6,1,official_stable,parsed_html
runninghub,全能视频X-文生视频-官方稳定版,https://www.runninghub.cn/runninghub-api-doc-cn/api-425766714.md,Video,duration,10,2,official_stable,parsed_html
runninghub,全能视频X-文生视频-官方稳定版,https://www.runninghub.cn/runninghub-api-doc-cn/api-425766714.md,Video,__task_status,QUEUED,1,official_stable,parsed_html
runninghub,全能视频X-文生视频-官方稳定版,https://www.runninghub.cn/runninghub-api-doc-cn/api-425766714.md,Video,__task_status,RUNNING,2,official_stable,parsed_html
runninghub,全能视频X-文生视频-官方稳定版,https://www.runninghub.cn/runninghub-api-doc-cn/api-425766714.md,Video,__task_status,SUCCESS,3,official_stable,parsed_html
runninghub,全能视频X-文生视频-官方稳定版,https://www.runninghub.cn/runninghub-api-doc-cn/api-425766714.md,Video,__task_status,FAILED,4,official_stable,parsed_html
runninghub,全能视频V3.1-pro-文生视频-低价渠道版,https://www.runninghub.cn/runninghub-api-doc-cn/api-425766715.md,Video,aspectRatio,16:9,1,low_cost_channel,parsed_html
runninghub,全能视频V3.1-pro-文生视频-低价渠道版,https://www.runninghub.cn/runninghub-api-doc-cn/api-425766715.md,Video,aspectRatio,9:16,2,low_cost_channel,parsed_html
runninghub,全能视频V3.1-pro-文生视频-低价渠道版,https://www.runninghub.cn/runninghub-api-doc-cn/api-425766715.md,Video,resolution,720p,1,low_cost_channel,parsed_html
runninghub,全能视频V3.1-pro-文生视频-低价渠道版,https://www.runninghub.cn/runninghub-api-doc-cn/api-425766715.md,Video,resolution,1080p,2,low_cost_channel,parsed_html
runninghub,全能视频V3.1-pro-文生视频-低价渠道版,https://www.runninghub.cn/runninghub-api-doc-cn/api-425766715.md,Video,resolution,4k,3,low_cost_channel,parsed_html
runninghub,全能视频V3.1-pro-文生视频-低价渠道版,https://www.runninghub.cn/runninghub-api-doc-cn/api-425766715.md,Video,__task_status,QUEUED,1,low_cost_channel,parsed_html
runninghub,全能视频V3.1-pro-文生视频-低价渠道版,https://www.runninghub.cn/runninghub-api-doc-cn/api-425766715.md,Video,__task_status,RUNNING,2,low_cost_channel,parsed_html
runninghub,全能视频V3.1-pro-文生视频-低价渠道版,https://www.runninghub.cn/runninghub-api-doc-cn/api-425766715.md,Video,__task_status,SUCCESS,3,low_cost_channel,parsed_html
runninghub,全能视频V3.1-pro-文生视频-低价渠道版,https://www.runninghub.cn/runninghub-api-doc-cn/api-425766715.md,Video,__task_status,FAILED,4,low_cost_channel,parsed_html
runninghub,全能视频V3.1-pro-文生视频-官方稳定版,https://www.runninghub.cn/runninghub-api-doc-cn/api-425766716.md,Video,aspectRatio,16:9,1,official_stable,parsed_html
runninghub,全能视频V3.1-pro-文生视频-官方稳定版,https://www.runninghub.cn/runninghub-api-doc-cn/api-425766716.md,Video,aspectRatio,9:16,2,official_stable,parsed_html
runninghub,全能视频V3.1-pro-文生视频-官方稳定版,https://www.runninghub.cn/runninghub-api-doc-cn/api-425766716.md,Video,duration,4,1,official_stable,parsed_html
runninghub,全能视频V3.1-pro-文生视频-官方稳定版,https://www.runninghub.cn/runninghub-api-doc-cn/api-425766716.md,Video,duration,6,2,official_stable,parsed_html
runninghub,全能视频V3.1-pro-文生视频-官方稳定版,https://www.runninghub.cn/runninghub-api-doc-cn/api-425766716.md,Video,duration,8,3,official_stable,parsed_html
runninghub,全能视频V3.1-pro-文生视频-官方稳定版,https://www.runninghub.cn/runninghub-api-doc-cn/api-425766716.md,Video,resolution,720p,1,official_stable,parsed_html
runninghub,全能视频V3.1-pro-文生视频-官方稳定版,https://www.runninghub.cn/runninghub-api-doc-cn/api-425766716.md,Video,resolution,1080p,2,official_stable,parsed_html
runninghub,全能视频V3.1-pro-文生视频-官方稳定版,https://www.runninghub.cn/runninghub-api-doc-cn/api-425766716.md,Video,resolution,4k,3,official_stable,parsed_html
runninghub,全能视频V3.1-pro-文生视频-官方稳定版,https://www.runninghub.cn/runninghub-api-doc-cn/api-425766716.md,Video,__task_status,QUEUED,1,official_stable,parsed_html
runninghub,全能视频V3.1-pro-文生视频-官方稳定版,https://www.runninghub.cn/runninghub-api-doc-cn/api-425766716.md,Video,__task_status,RUNNING,2,official_stable,parsed_html
runninghub,全能视频V3.1-pro-文生视频-官方稳定版,https://www.runninghub.cn/runninghub-api-doc-cn/api-425766716.md,Video,__task_status,SUCCESS,3,official_stable,parsed_html
runninghub,全能视频V3.1-pro-文生视频-官方稳定版,https://www.runninghub.cn/runninghub-api-doc-cn/api-425766716.md,Video,__task_status,FAILED,4,official_stable,parsed_html
runninghub,全能视频V3.1-fast-视频扩展-官方稳定版,https://www.runninghub.cn/runninghub-api-doc-cn/api-425766717.md,Video,resolution,720p,1,official_stable,parsed_html
runninghub,全能视频V3.1-fast-视频扩展-官方稳定版,https://www.runninghub.cn/runninghub-api-doc-cn/api-425766717.md,Video,resolution,1080p,2,official_stable,parsed_html
runninghub,全能视频V3.1-fast-视频扩展-官方稳定版,https://www.runninghub.cn/runninghub-api-doc-cn/api-425766717.md,Video,__task_status,QUEUED,1,official_stable,parsed_html
runninghub,全能视频V3.1-fast-视频扩展-官方稳定版,https://www.runninghub.cn/runninghub-api-doc-cn/api-425766717.md,Video,__task_status,RUNNING,2,official_stable,parsed_html
runninghub,全能视频V3.1-fast-视频扩展-官方稳定版,https://www.runninghub.cn/runninghub-api-doc-cn/api-425766717.md,Video,__task_status,SUCCESS,3,official_stable,parsed_html
runninghub,全能视频V3.1-fast-视频扩展-官方稳定版,https://www.runninghub.cn/runninghub-api-doc-cn/api-425766717.md,Video,__task_status,FAILED,4,official_stable,parsed_html
runninghub,全能视频V3.1-pro-视频扩展-官方稳定版,https://www.runninghub.cn/runninghub-api-doc-cn/api-425766718.md,Video,resolution,720p,1,official_stable,parsed_html
runninghub,全能视频V3.1-pro-视频扩展-官方稳定版,https://www.runninghub.cn/runninghub-api-doc-cn/api-425766718.md,Video,resolution,1080p,2,official_stable,parsed_html
runninghub,全能视频V3.1-pro-视频扩展-官方稳定版,https://www.runninghub.cn/runninghub-api-doc-cn/api-425766718.md,Video,__task_status,QUEUED,1,official_stable,parsed_html
runninghub,全能视频V3.1-pro-视频扩展-官方稳定版,https://www.runninghub.cn/runninghub-api-doc-cn/api-425766718.md,Video,__task_status,RUNNING,2,official_stable,parsed_html
runninghub,全能视频V3.1-pro-视频扩展-官方稳定版,https://www.runninghub.cn/runninghub-api-doc-cn/api-425766718.md,Video,__task_status,SUCCESS,3,official_stable,parsed_html
runninghub,全能视频V3.1-pro-视频扩展-官方稳定版,https://www.runninghub.cn/runninghub-api-doc-cn/api-425766718.md,Video,__task_status,FAILED,4,official_stable,parsed_html
runninghub,全能视频V3.1-fast-文生视频-低价渠道版,https://www.runninghub.cn/runninghub-api-doc-cn/api-425766719.md,Video,aspectRatio,16:9,1,low_cost_channel,parsed_html
runninghub,全能视频V3.1-fast-文生视频-低价渠道版,https://www.runninghub.cn/runninghub-api-doc-cn/api-425766719.md,Video,aspectRatio,9:16,2,low_cost_channel,parsed_html
runninghub,全能视频V3.1-fast-文生视频-低价渠道版,https://www.runninghub.cn/runninghub-api-doc-cn/api-425766719.md,Video,resolution,720p,1,low_cost_channel,parsed_html
runninghub,全能视频V3.1-fast-文生视频-低价渠道版,https://www.runninghub.cn/runninghub-api-doc-cn/api-425766719.md,Video,resolution,1080p,2,low_cost_channel,parsed_html
runninghub,全能视频V3.1-fast-文生视频-低价渠道版,https://www.runninghub.cn/runninghub-api-doc-cn/api-425766719.md,Video,resolution,4k,3,low_cost_channel,parsed_html
runninghub,全能视频V3.1-fast-文生视频-低价渠道版,https://www.runninghub.cn/runninghub-api-doc-cn/api-425766719.md,Video,__task_status,QUEUED,1,low_cost_channel,parsed_html
runninghub,全能视频V3.1-fast-文生视频-低价渠道版,https://www.runninghub.cn/runninghub-api-doc-cn/api-425766719.md,Video,__task_status,RUNNING,2,low_cost_channel,parsed_html
runninghub,全能视频V3.1-fast-文生视频-低价渠道版,https://www.runninghub.cn/runninghub-api-doc-cn/api-425766719.md,Video,__task_status,SUCCESS,3,low_cost_channel,parsed_html
runninghub,全能视频V3.1-fast-文生视频-低价渠道版,https://www.runninghub.cn/runninghub-api-doc-cn/api-425766719.md,Video,__task_status,FAILED,4,low_cost_channel,parsed_html
runninghub,全能视频V3.1-fast-文生视频-官方稳定版,https://www.runninghub.cn/runninghub-api-doc-cn/api-425766720.md,Video,aspectRatio,16:9,1,official_stable,parsed_html
runninghub,全能视频V3.1-fast-文生视频-官方稳定版,https://www.runninghub.cn/runninghub-api-doc-cn/api-425766720.md,Video,aspectRatio,9:16,2,official_stable,parsed_html
runninghub,全能视频V3.1-fast-文生视频-官方稳定版,https://www.runninghub.cn/runninghub-api-doc-cn/api-425766720.md,Video,duration,4,1,official_stable,parsed_html
runninghub,全能视频V3.1-fast-文生视频-官方稳定版,https://www.runninghub.cn/runninghub-api-doc-cn/api-425766720.md,Video,duration,6,2,official_stable,parsed_html
runninghub,全能视频V3.1-fast-文生视频-官方稳定版,https://www.runninghub.cn/runninghub-api-doc-cn/api-425766720.md,Video,duration,8,3,official_stable,parsed_html
runninghub,全能视频V3.1-fast-文生视频-官方稳定版,https://www.runninghub.cn/runninghub-api-doc-cn/api-425766720.md,Video,resolution,720p,1,official_stable,parsed_html
runninghub,全能视频V3.1-fast-文生视频-官方稳定版,https://www.runninghub.cn/runninghub-api-doc-cn/api-425766720.md,Video,resolution,1080p,2,official_stable,parsed_html
runninghub,全能视频V3.1-fast-文生视频-官方稳定版,https://www.runninghub.cn/runninghub-api-doc-cn/api-425766720.md,Video,resolution,4k,3,official_stable,parsed_html
runninghub,全能视频V3.1-fast-文生视频-官方稳定版,https://www.runninghub.cn/runninghub-api-doc-cn/api-425766720.md,Video,__task_status,QUEUED,1,official_stable,parsed_html
runninghub,全能视频V3.1-fast-文生视频-官方稳定版,https://www.runninghub.cn/runninghub-api-doc-cn/api-425766720.md,Video,__task_status,RUNNING,2,official_stable,parsed_html
runninghub,全能视频V3.1-fast-文生视频-官方稳定版,https://www.runninghub.cn/runninghub-api-doc-cn/api-425766720.md,Video,__task_status,SUCCESS,3,official_stable,parsed_html
runninghub,全能视频V3.1-fast-文生视频-官方稳定版,https://www.runninghub.cn/runninghub-api-doc-cn/api-425766720.md,Video,__task_status,FAILED,4,official_stable,parsed_html
runninghub,可灵视频编辑o1,https://www.runninghub.cn/runninghub-api-doc-cn/api-425766721.md,Video,mode,std,1,unknown,parsed_html
runninghub,可灵视频编辑o1,https://www.runninghub.cn/runninghub-api-doc-cn/api-425766721.md,Video,mode,pro,2,unknown,parsed_html
runninghub,可灵视频编辑o1,https://www.runninghub.cn/runninghub-api-doc-cn/api-425766721.md,Video,__task_status,QUEUED,1,unknown,parsed_html
runninghub,可灵视频编辑o1,https://www.runninghub.cn/runninghub-api-doc-cn/api-425766721.md,Video,__task_status,RUNNING,2,unknown,parsed_html
runninghub,可灵视频编辑o1,https://www.runninghub.cn/runninghub-api-doc-cn/api-425766721.md,Video,__task_status,SUCCESS,3,unknown,parsed_html
runninghub,可灵视频编辑o1,https://www.runninghub.cn/runninghub-api-doc-cn/api-425766721.md,Video,__task_status,FAILED,4,unknown,parsed_html
runninghub,全能视频X-编辑视频-官方稳定版,https://www.runninghub.cn/runninghub-api-doc-cn/api-425766722.md,Video,resolution,720p,1,official_stable,parsed_html
runninghub,全能视频X-编辑视频-官方稳定版,https://www.runninghub.cn/runninghub-api-doc-cn/api-425766722.md,Video,resolution,480p,2,official_stable,parsed_html
runninghub,全能视频X-编辑视频-官方稳定版,https://www.runninghub.cn/runninghub-api-doc-cn/api-425766722.md,Video,__task_status,QUEUED,1,official_stable,parsed_html
runninghub,全能视频X-编辑视频-官方稳定版,https://www.runninghub.cn/runninghub-api-doc-cn/api-425766722.md,Video,__task_status,RUNNING,2,official_stable,parsed_html
runninghub,全能视频X-编辑视频-官方稳定版,https://www.runninghub.cn/runninghub-api-doc-cn/api-425766722.md,Video,__task_status,SUCCESS,3,official_stable,parsed_html
runninghub,全能视频X-编辑视频-官方稳定版,https://www.runninghub.cn/runninghub-api-doc-cn/api-425766722.md,Video,__task_status,FAILED,4,official_stable,parsed_html
runninghub,kling-video-o3-std/video-edit,https://www.runninghub.cn/runninghub-api-doc-cn/api-427096747.md,Video,__task_status,QUEUED,1,unknown,parsed_html
runninghub,kling-video-o3-std/video-edit,https://www.runninghub.cn/runninghub-api-doc-cn/api-427096747.md,Video,__task_status,RUNNING,2,unknown,parsed_html
runninghub,kling-video-o3-std/video-edit,https://www.runninghub.cn/runninghub-api-doc-cn/api-427096747.md,Video,__task_status,SUCCESS,3,unknown,parsed_html
runninghub,kling-video-o3-std/video-edit,https://www.runninghub.cn/runninghub-api-doc-cn/api-427096747.md,Video,__task_status,FAILED,4,unknown,parsed_html
runninghub,kling-video-o3-pro/video-edit,https://www.runninghub.cn/runninghub-api-doc-cn/api-427096748.md,Video,__task_status,QUEUED,1,unknown,parsed_html
runninghub,kling-video-o3-pro/video-edit,https://www.runninghub.cn/runninghub-api-doc-cn/api-427096748.md,Video,__task_status,RUNNING,2,unknown,parsed_html
runninghub,kling-video-o3-pro/video-edit,https://www.runninghub.cn/runninghub-api-doc-cn/api-427096748.md,Video,__task_status,SUCCESS,3,unknown,parsed_html
runninghub,kling-video-o3-pro/video-edit,https://www.runninghub.cn/runninghub-api-doc-cn/api-427096748.md,Video,__task_status,FAILED,4,unknown,parsed_html
runninghub,可灵动作控制V3.0-std,https://www.runninghub.cn/runninghub-api-doc-cn/api-427096742.md,Video,characterOrientation,image,1,unknown,parsed_html
runninghub,可灵动作控制V3.0-std,https://www.runninghub.cn/runninghub-api-doc-cn/api-427096742.md,Video,characterOrientation,video,2,unknown,parsed_html
runninghub,可灵动作控制V3.0-std,https://www.runninghub.cn/runninghub-api-doc-cn/api-427096742.md,Video,__task_status,QUEUED,1,unknown,parsed_html
runninghub,可灵动作控制V3.0-std,https://www.runninghub.cn/runninghub-api-doc-cn/api-427096742.md,Video,__task_status,RUNNING,2,unknown,parsed_html
runninghub,可灵动作控制V3.0-std,https://www.runninghub.cn/runninghub-api-doc-cn/api-427096742.md,Video,__task_status,SUCCESS,3,unknown,parsed_html
runninghub,可灵动作控制V3.0-std,https://www.runninghub.cn/runninghub-api-doc-cn/api-427096742.md,Video,__task_status,FAILED,4,unknown,parsed_html
runninghub,kling-v2.6-std-动作控制,https://www.runninghub.cn/runninghub-api-doc-cn/api-425766723.md,Video,characterOrientation,image,1,unknown,parsed_html
runninghub,kling-v2.6-std-动作控制,https://www.runninghub.cn/runninghub-api-doc-cn/api-425766723.md,Video,characterOrientation,video,2,unknown,parsed_html
runninghub,kling-v2.6-std-动作控制,https://www.runninghub.cn/runninghub-api-doc-cn/api-425766723.md,Video,keepOriginalSound,yes,1,unknown,parsed_html
runninghub,kling-v2.6-std-动作控制,https://www.runninghub.cn/runninghub-api-doc-cn/api-425766723.md,Video,keepOriginalSound,no,2,unknown,parsed_html
runninghub,kling-v2.6-std-动作控制,https://www.runninghub.cn/runninghub-api-doc-cn/api-425766723.md,Video,__task_status,QUEUED,1,unknown,parsed_html
runninghub,kling-v2.6-std-动作控制,https://www.runninghub.cn/runninghub-api-doc-cn/api-425766723.md,Video,__task_status,RUNNING,2,unknown,parsed_html
runninghub,kling-v2.6-std-动作控制,https://www.runninghub.cn/runninghub-api-doc-cn/api-425766723.md,Video,__task_status,SUCCESS,3,unknown,parsed_html
runninghub,kling-v2.6-std-动作控制,https://www.runninghub.cn/runninghub-api-doc-cn/api-425766723.md,Video,__task_status,FAILED,4,unknown,parsed_html
runninghub,可灵动作控制V3.0-pro,https://www.runninghub.cn/runninghub-api-doc-cn/api-427096743.md,Video,characterOrientation,image,1,unknown,parsed_html
runninghub,可灵动作控制V3.0-pro,https://www.runninghub.cn/runninghub-api-doc-cn/api-427096743.md,Video,characterOrientation,video,2,unknown,parsed_html
runninghub,可灵动作控制V3.0-pro,https://www.runninghub.cn/runninghub-api-doc-cn/api-427096743.md,Video,__task_status,QUEUED,1,unknown,parsed_html
runninghub,可灵动作控制V3.0-pro,https://www.runninghub.cn/runninghub-api-doc-cn/api-427096743.md,Video,__task_status,RUNNING,2,unknown,parsed_html
runninghub,可灵动作控制V3.0-pro,https://www.runninghub.cn/runninghub-api-doc-cn/api-427096743.md,Video,__task_status,SUCCESS,3,unknown,parsed_html
runninghub,可灵动作控制V3.0-pro,https://www.runninghub.cn/runninghub-api-doc-cn/api-427096743.md,Video,__task_status,FAILED,4,unknown,parsed_html
runninghub,kling-v2.6-pro-动作控制,https://www.runninghub.cn/runninghub-api-doc-cn/api-425766724.md,Video,characterOrientation,image,1,unknown,parsed_html
runninghub,kling-v2.6-pro-动作控制,https://www.runninghub.cn/runninghub-api-doc-cn/api-425766724.md,Video,characterOrientation,video,2,unknown,parsed_html
runninghub,kling-v2.6-pro-动作控制,https://www.runninghub.cn/runninghub-api-doc-cn/api-425766724.md,Video,keepOriginalSound,yes,1,unknown,parsed_html
runninghub,kling-v2.6-pro-动作控制,https://www.runninghub.cn/runninghub-api-doc-cn/api-425766724.md,Video,keepOriginalSound,no,2,unknown,parsed_html
runninghub,kling-v2.6-pro-动作控制,https://www.runninghub.cn/runninghub-api-doc-cn/api-425766724.md,Video,__task_status,QUEUED,1,unknown,parsed_html
runninghub,kling-v2.6-pro-动作控制,https://www.runninghub.cn/runninghub-api-doc-cn/api-425766724.md,Video,__task_status,RUNNING,2,unknown,parsed_html
runninghub,kling-v2.6-pro-动作控制,https://www.runninghub.cn/runninghub-api-doc-cn/api-425766724.md,Video,__task_status,SUCCESS,3,unknown,parsed_html
runninghub,kling-v2.6-pro-动作控制,https://www.runninghub.cn/runninghub-api-doc-cn/api-425766724.md,Video,__task_status,FAILED,4,unknown,parsed_html
runninghub,即梦/动作模仿2.0,https://www.runninghub.cn/runninghub-api-doc-cn/api-428583617.md,Video,__task_status,QUEUED,1,unknown,parsed_html
runninghub,即梦/动作模仿2.0,https://www.runninghub.cn/runninghub-api-doc-cn/api-428583617.md,Video,__task_status,RUNNING,2,unknown,parsed_html
runninghub,即梦/动作模仿2.0,https://www.runninghub.cn/runninghub-api-doc-cn/api-428583617.md,Video,__task_status,SUCCESS,3,unknown,parsed_html
runninghub,即梦/动作模仿2.0,https://www.runninghub.cn/runninghub-api-doc-cn/api-428583617.md,Video,__task_status,FAILED,4,unknown,parsed_html
runninghub,全能视频S-角色上传-低价渠道版,https://www.runninghub.cn/runninghub-api-doc-cn/api-425766725.md,Video,__task_status,QUEUED,1,low_cost_channel,parsed_html
runninghub,全能视频S-角色上传-低价渠道版,https://www.runninghub.cn/runninghub-api-doc-cn/api-425766725.md,Video,__task_status,RUNNING,2,low_cost_channel,parsed_html
runninghub,全能视频S-角色上传-低价渠道版,https://www.runninghub.cn/runninghub-api-doc-cn/api-425766725.md,Video,__task_status,SUCCESS,3,low_cost_channel,parsed_html
runninghub,全能视频S-角色上传-低价渠道版,https://www.runninghub.cn/runninghub-api-doc-cn/api-425766725.md,Video,__task_status,FAILED,4,low_cost_channel,parsed_html
runninghub,混元文生3D模型v3.1,https://www.runninghub.cn/runninghub-api-doc-cn/api-425766726.md,3D,generateType,Normal,1,unknown,parsed_html
runninghub,混元文生3D模型v3.1,https://www.runninghub.cn/runninghub-api-doc-cn/api-425766726.md,3D,generateType,Geometry,2,unknown,parsed_html
runninghub,混元文生3D模型v3.1,https://www.runninghub.cn/runninghub-api-doc-cn/api-425766726.md,3D,generateType,Sketch,3,unknown,parsed_html
runninghub,混元文生3D模型v3.1,https://www.runninghub.cn/runninghub-api-doc-cn/api-425766726.md,3D,__task_status,QUEUED,1,unknown,parsed_html
runninghub,混元文生3D模型v3.1,https://www.runninghub.cn/runninghub-api-doc-cn/api-425766726.md,3D,__task_status,RUNNING,2,unknown,parsed_html
runninghub,混元文生3D模型v3.1,https://www.runninghub.cn/runninghub-api-doc-cn/api-425766726.md,3D,__task_status,SUCCESS,3,unknown,parsed_html
runninghub,混元文生3D模型v3.1,https://www.runninghub.cn/runninghub-api-doc-cn/api-425766726.md,3D,__task_status,FAILED,4,unknown,parsed_html
runninghub,hitem3d-v15/image-to-3d,https://www.runninghub.cn/runninghub-api-doc-cn/api-426716799.md,3D,requestType,mesh,1,unknown,parsed_html
runninghub,hitem3d-v15/image-to-3d,https://www.runninghub.cn/runninghub-api-doc-cn/api-426716799.md,3D,requestType,both,2,unknown,parsed_html
runninghub,hitem3d-v15/image-to-3d,https://www.runninghub.cn/runninghub-api-doc-cn/api-426716799.md,3D,resolution,512,1,unknown,parsed_html
runninghub,hitem3d-v15/image-to-3d,https://www.runninghub.cn/runninghub-api-doc-cn/api-426716799.md,3D,resolution,1024,2,unknown,parsed_html
runninghub,hitem3d-v15/image-to-3d,https://www.runninghub.cn/runninghub-api-doc-cn/api-426716799.md,3D,resolution,1536,3,unknown,parsed_html
runninghub,hitem3d-v15/image-to-3d,https://www.runninghub.cn/runninghub-api-doc-cn/api-426716799.md,3D,resolution,1536pro,4,unknown,parsed_html
runninghub,hitem3d-v15/image-to-3d,https://www.runninghub.cn/runninghub-api-doc-cn/api-426716799.md,3D,__task_status,QUEUED,1,unknown,parsed_html
runninghub,hitem3d-v15/image-to-3d,https://www.runninghub.cn/runninghub-api-doc-cn/api-426716799.md,3D,__task_status,RUNNING,2,unknown,parsed_html
runninghub,hitem3d-v15/image-to-3d,https://www.runninghub.cn/runninghub-api-doc-cn/api-426716799.md,3D,__task_status,SUCCESS,3,unknown,parsed_html
runninghub,hitem3d-v15/image-to-3d,https://www.runninghub.cn/runninghub-api-doc-cn/api-426716799.md,3D,__task_status,FAILED,4,unknown,parsed_html
runninghub,混元图生3D模型v3.1,https://www.runninghub.cn/runninghub-api-doc-cn/api-425766727.md,3D,generateType,Normal,1,unknown,parsed_html
runninghub,混元图生3D模型v3.1,https://www.runninghub.cn/runninghub-api-doc-cn/api-425766727.md,3D,generateType,Geometry,2,unknown,parsed_html
runninghub,混元图生3D模型v3.1,https://www.runninghub.cn/runninghub-api-doc-cn/api-425766727.md,3D,generateType,Sketch,3,unknown,parsed_html
runninghub,混元图生3D模型v3.1,https://www.runninghub.cn/runninghub-api-doc-cn/api-425766727.md,3D,__task_status,QUEUED,1,unknown,parsed_html
runninghub,混元图生3D模型v3.1,https://www.runninghub.cn/runninghub-api-doc-cn/api-425766727.md,3D,__task_status,RUNNING,2,unknown,parsed_html
runninghub,混元图生3D模型v3.1,https://www.runninghub.cn/runninghub-api-doc-cn/api-425766727.md,3D,__task_status,SUCCESS,3,unknown,parsed_html
runninghub,混元图生3D模型v3.1,https://www.runninghub.cn/runninghub-api-doc-cn/api-425766727.md,3D,__task_status,FAILED,4,unknown,parsed_html
runninghub,hitem3d-v2/image-to-3d,https://www.runninghub.cn/runninghub-api-doc-cn/api-426716800.md,3D,requestType,mesh,1,unknown,parsed_html
runninghub,hitem3d-v2/image-to-3d,https://www.runninghub.cn/runninghub-api-doc-cn/api-426716800.md,3D,requestType,both,2,unknown,parsed_html
runninghub,hitem3d-v2/image-to-3d,https://www.runninghub.cn/runninghub-api-doc-cn/api-426716800.md,3D,resolution,1536,1,unknown,parsed_html
runninghub,hitem3d-v2/image-to-3d,https://www.runninghub.cn/runninghub-api-doc-cn/api-426716800.md,3D,resolution,1536pro,2,unknown,parsed_html
runninghub,hitem3d-v2/image-to-3d,https://www.runninghub.cn/runninghub-api-doc-cn/api-426716800.md,3D,__task_status,QUEUED,1,unknown,parsed_html
runninghub,hitem3d-v2/image-to-3d,https://www.runninghub.cn/runninghub-api-doc-cn/api-426716800.md,3D,__task_status,RUNNING,2,unknown,parsed_html
runninghub,hitem3d-v2/image-to-3d,https://www.runninghub.cn/runninghub-api-doc-cn/api-426716800.md,3D,__task_status,SUCCESS,3,unknown,parsed_html
runninghub,hitem3d-v2/image-to-3d,https://www.runninghub.cn/runninghub-api-doc-cn/api-426716800.md,3D,__task_status,FAILED,4,unknown,parsed_html
runninghub,hitem3d-v15/multi-image-to-3d,https://www.runninghub.cn/runninghub-api-doc-cn/api-426716801.md,3D,requestType,mesh,1,unknown,parsed_html
runninghub,hitem3d-v15/multi-image-to-3d,https://www.runninghub.cn/runninghub-api-doc-cn/api-426716801.md,3D,requestType,both,2,unknown,parsed_html
runninghub,hitem3d-v15/multi-image-to-3d,https://www.runninghub.cn/runninghub-api-doc-cn/api-426716801.md,3D,resolution,512,1,unknown,parsed_html
runninghub,hitem3d-v15/multi-image-to-3d,https://www.runninghub.cn/runninghub-api-doc-cn/api-426716801.md,3D,resolution,1024,2,unknown,parsed_html
runninghub,hitem3d-v15/multi-image-to-3d,https://www.runninghub.cn/runninghub-api-doc-cn/api-426716801.md,3D,resolution,1536,3,unknown,parsed_html
runninghub,hitem3d-v15/multi-image-to-3d,https://www.runninghub.cn/runninghub-api-doc-cn/api-426716801.md,3D,resolution,1536pro,4,unknown,parsed_html
runninghub,hitem3d-v15/multi-image-to-3d,https://www.runninghub.cn/runninghub-api-doc-cn/api-426716801.md,3D,__task_status,QUEUED,1,unknown,parsed_html
runninghub,hitem3d-v15/multi-image-to-3d,https://www.runninghub.cn/runninghub-api-doc-cn/api-426716801.md,3D,__task_status,RUNNING,2,unknown,parsed_html
runninghub,hitem3d-v15/multi-image-to-3d,https://www.runninghub.cn/runninghub-api-doc-cn/api-426716801.md,3D,__task_status,SUCCESS,3,unknown,parsed_html
runninghub,hitem3d-v15/multi-image-to-3d,https://www.runninghub.cn/runninghub-api-doc-cn/api-426716801.md,3D,__task_status,FAILED,4,unknown,parsed_html
runninghub,hitem3d-v2/multi-image-to-3d,https://www.runninghub.cn/runninghub-api-doc-cn/api-426716802.md,3D,requestType,mesh,1,unknown,parsed_html
runninghub,hitem3d-v2/multi-image-to-3d,https://www.runninghub.cn/runninghub-api-doc-cn/api-426716802.md,3D,requestType,both,2,unknown,parsed_html
runninghub,hitem3d-v2/multi-image-to-3d,https://www.runninghub.cn/runninghub-api-doc-cn/api-426716802.md,3D,resolution,1536,1,unknown,parsed_html
runninghub,hitem3d-v2/multi-image-to-3d,https://www.runninghub.cn/runninghub-api-doc-cn/api-426716802.md,3D,resolution,1536pro,2,unknown,parsed_html
runninghub,hitem3d-v2/multi-image-to-3d,https://www.runninghub.cn/runninghub-api-doc-cn/api-426716802.md,3D,__task_status,QUEUED,1,unknown,parsed_html
runninghub,hitem3d-v2/multi-image-to-3d,https://www.runninghub.cn/runninghub-api-doc-cn/api-426716802.md,3D,__task_status,RUNNING,2,unknown,parsed_html
runninghub,hitem3d-v2/multi-image-to-3d,https://www.runninghub.cn/runninghub-api-doc-cn/api-426716802.md,3D,__task_status,SUCCESS,3,unknown,parsed_html
runninghub,hitem3d-v2/multi-image-to-3d,https://www.runninghub.cn/runninghub-api-doc-cn/api-426716802.md,3D,__task_status,FAILED,4,unknown,parsed_html
runninghub,hitem3d-portrait-v21/image-to-3d,https://www.runninghub.cn/runninghub-api-doc-cn/api-426716803.md,3D,requestType,mesh,1,unknown,parsed_html
runninghub,hitem3d-portrait-v21/image-to-3d,https://www.runninghub.cn/runninghub-api-doc-cn/api-426716803.md,3D,requestType,both,2,unknown,parsed_html
runninghub,hitem3d-portrait-v21/image-to-3d,https://www.runninghub.cn/runninghub-api-doc-cn/api-426716803.md,3D,__task_status,QUEUED,1,unknown,parsed_html
runninghub,hitem3d-portrait-v21/image-to-3d,https://www.runninghub.cn/runninghub-api-doc-cn/api-426716803.md,3D,__task_status,RUNNING,2,unknown,parsed_html
runninghub,hitem3d-portrait-v21/image-to-3d,https://www.runninghub.cn/runninghub-api-doc-cn/api-426716803.md,3D,__task_status,SUCCESS,3,unknown,parsed_html
runninghub,hitem3d-portrait-v21/image-to-3d,https://www.runninghub.cn/runninghub-api-doc-cn/api-426716803.md,3D,__task_status,FAILED,4,unknown,parsed_html
runninghub,hitem3d-portrait-v21/multi-image-to-3d,https://www.runninghub.cn/runninghub-api-doc-cn/api-426716804.md,3D,requestType,mesh,1,unknown,parsed_html
runninghub,hitem3d-portrait-v21/multi-image-to-3d,https://www.runninghub.cn/runninghub-api-doc-cn/api-426716804.md,3D,requestType,both,2,unknown,parsed_html
runninghub,hitem3d-portrait-v21/multi-image-to-3d,https://www.runninghub.cn/runninghub-api-doc-cn/api-426716804.md,3D,__task_status,QUEUED,1,unknown,parsed_html
runninghub,hitem3d-portrait-v21/multi-image-to-3d,https://www.runninghub.cn/runninghub-api-doc-cn/api-426716804.md,3D,__task_status,RUNNING,2,unknown,parsed_html
runninghub,hitem3d-portrait-v21/multi-image-to-3d,https://www.runninghub.cn/runninghub-api-doc-cn/api-426716804.md,3D,__task_status,SUCCESS,3,unknown,parsed_html
runninghub,hitem3d-portrait-v21/multi-image-to-3d,https://www.runninghub.cn/runninghub-api-doc-cn/api-426716804.md,3D,__task_status,FAILED,4,unknown,parsed_html
runninghub,hitem3d-portrait-v20/image-to-3d,https://www.runninghub.cn/runninghub-api-doc-cn/api-426716805.md,3D,requestType,mesh,1,unknown,parsed_html
runninghub,hitem3d-portrait-v20/image-to-3d,https://www.runninghub.cn/runninghub-api-doc-cn/api-426716805.md,3D,requestType,both,2,unknown,parsed_html
runninghub,hitem3d-portrait-v20/image-to-3d,https://www.runninghub.cn/runninghub-api-doc-cn/api-426716805.md,3D,__task_status,QUEUED,1,unknown,parsed_html
runninghub,hitem3d-portrait-v20/image-to-3d,https://www.runninghub.cn/runninghub-api-doc-cn/api-426716805.md,3D,__task_status,RUNNING,2,unknown,parsed_html
runninghub,hitem3d-portrait-v20/image-to-3d,https://www.runninghub.cn/runninghub-api-doc-cn/api-426716805.md,3D,__task_status,SUCCESS,3,unknown,parsed_html
runninghub,hitem3d-portrait-v20/image-to-3d,https://www.runninghub.cn/runninghub-api-doc-cn/api-426716805.md,3D,__task_status,FAILED,4,unknown,parsed_html
runninghub,hitem3d-portrait-v20/multi-image-to-3d,https://www.runninghub.cn/runninghub-api-doc-cn/api-426716806.md,3D,requestType,mesh,1,unknown,parsed_html
runninghub,hitem3d-portrait-v20/multi-image-to-3d,https://www.runninghub.cn/runninghub-api-doc-cn/api-426716806.md,3D,requestType,both,2,unknown,parsed_html
runninghub,hitem3d-portrait-v20/multi-image-to-3d,https://www.runninghub.cn/runninghub-api-doc-cn/api-426716806.md,3D,__task_status,QUEUED,1,unknown,parsed_html
runninghub,hitem3d-portrait-v20/multi-image-to-3d,https://www.runninghub.cn/runninghub-api-doc-cn/api-426716806.md,3D,__task_status,RUNNING,2,unknown,parsed_html
runninghub,hitem3d-portrait-v20/multi-image-to-3d,https://www.runninghub.cn/runninghub-api-doc-cn/api-426716806.md,3D,__task_status,SUCCESS,3,unknown,parsed_html
runninghub,hitem3d-portrait-v20/multi-image-to-3d,https://www.runninghub.cn/runninghub-api-doc-cn/api-426716806.md,3D,__task_status,FAILED,4,unknown,parsed_html
runninghub,hitem3d-portrait-v15/image-to-3d,https://www.runninghub.cn/runninghub-api-doc-cn/api-426716807.md,3D,requestType,mesh,1,unknown,parsed_html
runninghub,hitem3d-portrait-v15/image-to-3d,https://www.runninghub.cn/runninghub-api-doc-cn/api-426716807.md,3D,requestType,both,2,unknown,parsed_html
runninghub,hitem3d-portrait-v15/image-to-3d,https://www.runninghub.cn/runninghub-api-doc-cn/api-426716807.md,3D,__task_status,QUEUED,1,unknown,parsed_html
runninghub,hitem3d-portrait-v15/image-to-3d,https://www.runninghub.cn/runninghub-api-doc-cn/api-426716807.md,3D,__task_status,RUNNING,2,unknown,parsed_html
runninghub,hitem3d-portrait-v15/image-to-3d,https://www.runninghub.cn/runninghub-api-doc-cn/api-426716807.md,3D,__task_status,SUCCESS,3,unknown,parsed_html
runninghub,hitem3d-portrait-v15/image-to-3d,https://www.runninghub.cn/runninghub-api-doc-cn/api-426716807.md,3D,__task_status,FAILED,4,unknown,parsed_html
runninghub,hitem3d-portrait-v15/multi-image-to-3d,https://www.runninghub.cn/runninghub-api-doc-cn/api-426716808.md,3D,requestType,mesh,1,unknown,parsed_html
runninghub,hitem3d-portrait-v15/multi-image-to-3d,https://www.runninghub.cn/runninghub-api-doc-cn/api-426716808.md,3D,requestType,both,2,unknown,parsed_html
runninghub,hitem3d-portrait-v15/multi-image-to-3d,https://www.runninghub.cn/runninghub-api-doc-cn/api-426716808.md,3D,__task_status,QUEUED,1,unknown,parsed_html
runninghub,hitem3d-portrait-v15/multi-image-to-3d,https://www.runninghub.cn/runninghub-api-doc-cn/api-426716808.md,3D,__task_status,RUNNING,2,unknown,parsed_html
runninghub,hitem3d-portrait-v15/multi-image-to-3d,https://www.runninghub.cn/runninghub-api-doc-cn/api-426716808.md,3D,__task_status,SUCCESS,3,unknown,parsed_html
runninghub,hitem3d-portrait-v15/multi-image-to-3d,https://www.runninghub.cn/runninghub-api-doc-cn/api-426716808.md,3D,__task_status,FAILED,4,unknown,parsed_html
runninghub,minimax/speech-2.8-hd,https://www.runninghub.cn/runninghub-api-doc-cn/api-425766728.md,Voice,emotion,happy,1,unknown,parsed_html
runninghub,minimax/speech-2.8-hd,https://www.runninghub.cn/runninghub-api-doc-cn/api-425766728.md,Voice,emotion,sad,2,unknown,parsed_html
runninghub,minimax/speech-2.8-hd,https://www.runninghub.cn/runninghub-api-doc-cn/api-425766728.md,Voice,emotion,angry,3,unknown,parsed_html
runninghub,minimax/speech-2.8-hd,https://www.runninghub.cn/runninghub-api-doc-cn/api-425766728.md,Voice,emotion,fearful,4,unknown,parsed_html
runninghub,minimax/speech-2.8-hd,https://www.runninghub.cn/runninghub-api-doc-cn/api-425766728.md,Voice,emotion,disgusted,5,unknown,parsed_html
runninghub,minimax/speech-2.8-hd,https://www.runninghub.cn/runninghub-api-doc-cn/api-425766728.md,Voice,emotion,surprised,6,unknown,parsed_html
runninghub,minimax/speech-2.8-hd,https://www.runninghub.cn/runninghub-api-doc-cn/api-425766728.md,Voice,emotion,neutral,7,unknown,parsed_html
runninghub,minimax/speech-2.8-hd,https://www.runninghub.cn/runninghub-api-doc-cn/api-425766728.md,Voice,__task_status,QUEUED,1,unknown,parsed_html
runninghub,minimax/speech-2.8-hd,https://www.runninghub.cn/runninghub-api-doc-cn/api-425766728.md,Voice,__task_status,RUNNING,2,unknown,parsed_html
runninghub,minimax/speech-2.8-hd,https://www.runninghub.cn/runninghub-api-doc-cn/api-425766728.md,Voice,__task_status,SUCCESS,3,unknown,parsed_html
runninghub,minimax/speech-2.8-hd,https://www.runninghub.cn/runninghub-api-doc-cn/api-425766728.md,Voice,__task_status,FAILED,4,unknown,parsed_html
runninghub,minimax/music-2.5,https://www.runninghub.cn/runninghub-api-doc-cn/api-425766735.md,Music,bitrate,32000,1,unknown,parsed_html
runninghub,minimax/music-2.5,https://www.runninghub.cn/runninghub-api-doc-cn/api-425766735.md,Music,bitrate,60000,2,unknown,parsed_html
runninghub,minimax/music-2.5,https://www.runninghub.cn/runninghub-api-doc-cn/api-425766735.md,Music,bitrate,64000,3,unknown,parsed_html
runninghub,minimax/music-2.5,https://www.runninghub.cn/runninghub-api-doc-cn/api-425766735.md,Music,bitrate,128000,4,unknown,parsed_html
runninghub,minimax/music-2.5,https://www.runninghub.cn/runninghub-api-doc-cn/api-425766735.md,Music,bitrate,256000,5,unknown,parsed_html
runninghub,minimax/music-2.5,https://www.runninghub.cn/runninghub-api-doc-cn/api-425766735.md,Music,sampleRate,16000,1,unknown,parsed_html
runninghub,minimax/music-2.5,https://www.runninghub.cn/runninghub-api-doc-cn/api-425766735.md,Music,sampleRate,24000,2,unknown,parsed_html
runninghub,minimax/music-2.5,https://www.runninghub.cn/runninghub-api-doc-cn/api-425766735.md,Music,sampleRate,32000,3,unknown,parsed_html
runninghub,minimax/music-2.5,https://www.runninghub.cn/runninghub-api-doc-cn/api-425766735.md,Music,sampleRate,44100,4,unknown,parsed_html
runninghub,minimax/music-2.5,https://www.runninghub.cn/runninghub-api-doc-cn/api-425766735.md,Music,__task_status,QUEUED,1,unknown,parsed_html
runninghub,minimax/music-2.5,https://www.runninghub.cn/runninghub-api-doc-cn/api-425766735.md,Music,__task_status,RUNNING,2,unknown,parsed_html
runninghub,minimax/music-2.5,https://www.runninghub.cn/runninghub-api-doc-cn/api-425766735.md,Music,__task_status,SUCCESS,3,unknown,parsed_html
runninghub,minimax/music-2.5,https://www.runninghub.cn/runninghub-api-doc-cn/api-425766735.md,Music,__task_status,FAILED,4,unknown,parsed_html
runninghub,minimax/speech-02-hd,https://www.runninghub.cn/runninghub-api-doc-cn/api-425766732.md,Voice,emotion,happy,1,unknown,parsed_html
runninghub,minimax/speech-02-hd,https://www.runninghub.cn/runninghub-api-doc-cn/api-425766732.md,Voice,emotion,sad,2,unknown,parsed_html
runninghub,minimax/speech-02-hd,https://www.runninghub.cn/runninghub-api-doc-cn/api-425766732.md,Voice,emotion,angry,3,unknown,parsed_html
runninghub,minimax/speech-02-hd,https://www.runninghub.cn/runninghub-api-doc-cn/api-425766732.md,Voice,emotion,fearful,4,unknown,parsed_html
runninghub,minimax/speech-02-hd,https://www.runninghub.cn/runninghub-api-doc-cn/api-425766732.md,Voice,emotion,disgusted,5,unknown,parsed_html
runninghub,minimax/speech-02-hd,https://www.runninghub.cn/runninghub-api-doc-cn/api-425766732.md,Voice,emotion,surprised,6,unknown,parsed_html
runninghub,minimax/speech-02-hd,https://www.runninghub.cn/runninghub-api-doc-cn/api-425766732.md,Voice,emotion,neutral,7,unknown,parsed_html
runninghub,minimax/speech-02-hd,https://www.runninghub.cn/runninghub-api-doc-cn/api-425766732.md,Voice,__task_status,QUEUED,1,unknown,parsed_html
runninghub,minimax/speech-02-hd,https://www.runninghub.cn/runninghub-api-doc-cn/api-425766732.md,Voice,__task_status,RUNNING,2,unknown,parsed_html
runninghub,minimax/speech-02-hd,https://www.runninghub.cn/runninghub-api-doc-cn/api-425766732.md,Voice,__task_status,SUCCESS,3,unknown,parsed_html
runninghub,minimax/speech-02-hd,https://www.runninghub.cn/runninghub-api-doc-cn/api-425766732.md,Voice,__task_status,FAILED,4,unknown,parsed_html
runninghub,minimax/speech-02-turbo,https://www.runninghub.cn/runninghub-api-doc-cn/api-425766733.md,Voice,emotion,happy,1,unknown,parsed_html
runninghub,minimax/speech-02-turbo,https://www.runninghub.cn/runninghub-api-doc-cn/api-425766733.md,Voice,emotion,sad,2,unknown,parsed_html
runninghub,minimax/speech-02-turbo,https://www.runninghub.cn/runninghub-api-doc-cn/api-425766733.md,Voice,emotion,angry,3,unknown,parsed_html
runninghub,minimax/speech-02-turbo,https://www.runninghub.cn/runninghub-api-doc-cn/api-425766733.md,Voice,emotion,fearful,4,unknown,parsed_html
runninghub,minimax/speech-02-turbo,https://www.runninghub.cn/runninghub-api-doc-cn/api-425766733.md,Voice,emotion,disgusted,5,unknown,parsed_html
runninghub,minimax/speech-02-turbo,https://www.runninghub.cn/runninghub-api-doc-cn/api-425766733.md,Voice,emotion,surprised,6,unknown,parsed_html
runninghub,minimax/speech-02-turbo,https://www.runninghub.cn/runninghub-api-doc-cn/api-425766733.md,Voice,emotion,neutral,7,unknown,parsed_html
runninghub,minimax/speech-02-turbo,https://www.runninghub.cn/runninghub-api-doc-cn/api-425766733.md,Voice,__task_status,QUEUED,1,unknown,parsed_html
runninghub,minimax/speech-02-turbo,https://www.runninghub.cn/runninghub-api-doc-cn/api-425766733.md,Voice,__task_status,RUNNING,2,unknown,parsed_html
runninghub,minimax/speech-02-turbo,https://www.runninghub.cn/runninghub-api-doc-cn/api-425766733.md,Voice,__task_status,SUCCESS,3,unknown,parsed_html
runninghub,minimax/speech-02-turbo,https://www.runninghub.cn/runninghub-api-doc-cn/api-425766733.md,Voice,__task_status,FAILED,4,unknown,parsed_html
runninghub,minimax/speech-2.6-hd,https://www.runninghub.cn/runninghub-api-doc-cn/api-425766729.md,Voice,emotion,happy,1,unknown,parsed_html
runninghub,minimax/speech-2.6-hd,https://www.runninghub.cn/runninghub-api-doc-cn/api-425766729.md,Voice,emotion,sad,2,unknown,parsed_html
runninghub,minimax/speech-2.6-hd,https://www.runninghub.cn/runninghub-api-doc-cn/api-425766729.md,Voice,emotion,angry,3,unknown,parsed_html
runninghub,minimax/speech-2.6-hd,https://www.runninghub.cn/runninghub-api-doc-cn/api-425766729.md,Voice,emotion,fearful,4,unknown,parsed_html
runninghub,minimax/speech-2.6-hd,https://www.runninghub.cn/runninghub-api-doc-cn/api-425766729.md,Voice,emotion,disgusted,5,unknown,parsed_html
runninghub,minimax/speech-2.6-hd,https://www.runninghub.cn/runninghub-api-doc-cn/api-425766729.md,Voice,emotion,surprised,6,unknown,parsed_html
runninghub,minimax/speech-2.6-hd,https://www.runninghub.cn/runninghub-api-doc-cn/api-425766729.md,Voice,emotion,neutral,7,unknown,parsed_html
runninghub,minimax/speech-2.6-hd,https://www.runninghub.cn/runninghub-api-doc-cn/api-425766729.md,Voice,__task_status,QUEUED,1,unknown,parsed_html
runninghub,minimax/speech-2.6-hd,https://www.runninghub.cn/runninghub-api-doc-cn/api-425766729.md,Voice,__task_status,RUNNING,2,unknown,parsed_html
runninghub,minimax/speech-2.6-hd,https://www.runninghub.cn/runninghub-api-doc-cn/api-425766729.md,Voice,__task_status,SUCCESS,3,unknown,parsed_html
runninghub,minimax/speech-2.6-hd,https://www.runninghub.cn/runninghub-api-doc-cn/api-425766729.md,Voice,__task_status,FAILED,4,unknown,parsed_html
runninghub,minimax/speech-2.6-turbo,https://www.runninghub.cn/runninghub-api-doc-cn/api-425766730.md,Voice,emotion,happy,1,unknown,parsed_html
runninghub,minimax/speech-2.6-turbo,https://www.runninghub.cn/runninghub-api-doc-cn/api-425766730.md,Voice,emotion,sad,2,unknown,parsed_html
runninghub,minimax/speech-2.6-turbo,https://www.runninghub.cn/runninghub-api-doc-cn/api-425766730.md,Voice,emotion,angry,3,unknown,parsed_html
runninghub,minimax/speech-2.6-turbo,https://www.runninghub.cn/runninghub-api-doc-cn/api-425766730.md,Voice,emotion,fearful,4,unknown,parsed_html
runninghub,minimax/speech-2.6-turbo,https://www.runninghub.cn/runninghub-api-doc-cn/api-425766730.md,Voice,emotion,disgusted,5,unknown,parsed_html
runninghub,minimax/speech-2.6-turbo,https://www.runninghub.cn/runninghub-api-doc-cn/api-425766730.md,Voice,emotion,surprised,6,unknown,parsed_html
runninghub,minimax/speech-2.6-turbo,https://www.runninghub.cn/runninghub-api-doc-cn/api-425766730.md,Voice,emotion,neutral,7,unknown,parsed_html
runninghub,minimax/speech-2.6-turbo,https://www.runninghub.cn/runninghub-api-doc-cn/api-425766730.md,Voice,__task_status,QUEUED,1,unknown,parsed_html
runninghub,minimax/speech-2.6-turbo,https://www.runninghub.cn/runninghub-api-doc-cn/api-425766730.md,Voice,__task_status,RUNNING,2,unknown,parsed_html
runninghub,minimax/speech-2.6-turbo,https://www.runninghub.cn/runninghub-api-doc-cn/api-425766730.md,Voice,__task_status,SUCCESS,3,unknown,parsed_html
runninghub,minimax/speech-2.6-turbo,https://www.runninghub.cn/runninghub-api-doc-cn/api-425766730.md,Voice,__task_status,FAILED,4,unknown,parsed_html
runninghub,minimax/speech-2.8-turbo,https://www.runninghub.cn/runninghub-api-doc-cn/api-425766731.md,Voice,emotion,happy,1,unknown,parsed_html
runninghub,minimax/speech-2.8-turbo,https://www.runninghub.cn/runninghub-api-doc-cn/api-425766731.md,Voice,emotion,sad,2,unknown,parsed_html
runninghub,minimax/speech-2.8-turbo,https://www.runninghub.cn/runninghub-api-doc-cn/api-425766731.md,Voice,emotion,angry,3,unknown,parsed_html
runninghub,minimax/speech-2.8-turbo,https://www.runninghub.cn/runninghub-api-doc-cn/api-425766731.md,Voice,emotion,fearful,4,unknown,parsed_html
runninghub,minimax/speech-2.8-turbo,https://www.runninghub.cn/runninghub-api-doc-cn/api-425766731.md,Voice,emotion,disgusted,5,unknown,parsed_html
runninghub,minimax/speech-2.8-turbo,https://www.runninghub.cn/runninghub-api-doc-cn/api-425766731.md,Voice,emotion,surprised,6,unknown,parsed_html
runninghub,minimax/speech-2.8-turbo,https://www.runninghub.cn/runninghub-api-doc-cn/api-425766731.md,Voice,emotion,neutral,7,unknown,parsed_html
runninghub,minimax/speech-2.8-turbo,https://www.runninghub.cn/runninghub-api-doc-cn/api-425766731.md,Voice,__task_status,QUEUED,1,unknown,parsed_html
runninghub,minimax/speech-2.8-turbo,https://www.runninghub.cn/runninghub-api-doc-cn/api-425766731.md,Voice,__task_status,RUNNING,2,unknown,parsed_html
runninghub,minimax/speech-2.8-turbo,https://www.runninghub.cn/runninghub-api-doc-cn/api-425766731.md,Voice,__task_status,SUCCESS,3,unknown,parsed_html
runninghub,minimax/speech-2.8-turbo,https://www.runninghub.cn/runninghub-api-doc-cn/api-425766731.md,Voice,__task_status,FAILED,4,unknown,parsed_html
runninghub,minimax/voice-clone,https://www.runninghub.cn/runninghub-api-doc-cn/api-425766734.md,Voice,model,speech-02-hd,1,unknown,parsed_html
runninghub,minimax/voice-clone,https://www.runninghub.cn/runninghub-api-doc-cn/api-425766734.md,Voice,model,speech-02-turbo,2,unknown,parsed_html
runninghub,minimax/voice-clone,https://www.runninghub.cn/runninghub-api-doc-cn/api-425766734.md,Voice,model,speech-2.5-hd-preview,3,unknown,parsed_html
runninghub,minimax/voice-clone,https://www.runninghub.cn/runninghub-api-doc-cn/api-425766734.md,Voice,model,speech-2.5-turbo-preview,4,unknown,parsed_html
runninghub,minimax/voice-clone,https://www.runninghub.cn/runninghub-api-doc-cn/api-425766734.md,Voice,model,speech-2.6-hd,5,unknown,parsed_html
runninghub,minimax/voice-clone,https://www.runninghub.cn/runninghub-api-doc-cn/api-425766734.md,Voice,model,speech-2.6-turbo,6,unknown,parsed_html
runninghub,minimax/voice-clone,https://www.runninghub.cn/runninghub-api-doc-cn/api-425766734.md,Voice,model,speech-2.8-turbo,7,unknown,parsed_html
runninghub,minimax/voice-clone,https://www.runninghub.cn/runninghub-api-doc-cn/api-425766734.md,Voice,model,speech-2.8-hd,8,unknown,parsed_html
runninghub,minimax/voice-clone,https://www.runninghub.cn/runninghub-api-doc-cn/api-425766734.md,Voice,language_boost,Chinese,1,unknown,parsed_html
runninghub,minimax/voice-clone,https://www.runninghub.cn/runninghub-api-doc-cn/api-425766734.md,Voice,language_boost,"Chinese,Yue",2,unknown,parsed_html
runninghub,minimax/voice-clone,https://www.runninghub.cn/runninghub-api-doc-cn/api-425766734.md,Voice,language_boost,English,3,unknown,parsed_html
runninghub,minimax/voice-clone,https://www.runninghub.cn/runninghub-api-doc-cn/api-425766734.md,Voice,language_boost,Arabic,4,unknown,parsed_html
runninghub,minimax/voice-clone,https://www.runninghub.cn/runninghub-api-doc-cn/api-425766734.md,Voice,language_boost,Russian,5,unknown,parsed_html
runninghub,minimax/voice-clone,https://www.runninghub.cn/runninghub-api-doc-cn/api-425766734.md,Voice,language_boost,Spanish,6,unknown,parsed_html
runninghub,minimax/voice-clone,https://www.runninghub.cn/runninghub-api-doc-cn/api-425766734.md,Voice,language_boost,French,7,unknown,parsed_html
runninghub,minimax/voice-clone,https://www.runninghub.cn/runninghub-api-doc-cn/api-425766734.md,Voice,language_boost,Portuguese,8,unknown,parsed_html
runninghub,minimax/voice-clone,https://www.runninghub.cn/runninghub-api-doc-cn/api-425766734.md,Voice,language_boost,German,9,unknown,parsed_html
runninghub,minimax/voice-clone,https://www.runninghub.cn/runninghub-api-doc-cn/api-425766734.md,Voice,language_boost,Turkish,10,unknown,parsed_html
runninghub,minimax/voice-clone,https://www.runninghub.cn/runninghub-api-doc-cn/api-425766734.md,Voice,language_boost,Dutch,11,unknown,parsed_html
runninghub,minimax/voice-clone,https://www.runninghub.cn/runninghub-api-doc-cn/api-425766734.md,Voice,language_boost,Ukrainian,12,unknown,parsed_html
runninghub,minimax/voice-clone,https://www.runninghub.cn/runninghub-api-doc-cn/api-425766734.md,Voice,language_boost,Vietnamese,13,unknown,parsed_html
runninghub,minimax/voice-clone,https://www.runninghub.cn/runninghub-api-doc-cn/api-425766734.md,Voice,language_boost,Indonesian,14,unknown,parsed_html
runninghub,minimax/voice-clone,https://www.runninghub.cn/runninghub-api-doc-cn/api-425766734.md,Voice,language_boost,Japanese,15,unknown,parsed_html
runninghub,minimax/voice-clone,https://www.runninghub.cn/runninghub-api-doc-cn/api-425766734.md,Voice,language_boost,Italian,16,unknown,parsed_html
runninghub,minimax/voice-clone,https://www.runninghub.cn/runninghub-api-doc-cn/api-425766734.md,Voice,language_boost,Korean,17,unknown,parsed_html
runninghub,minimax/voice-clone,https://www.runninghub.cn/runninghub-api-doc-cn/api-425766734.md,Voice,language_boost,Thai,18,unknown,parsed_html
runninghub,minimax/voice-clone,https://www.runninghub.cn/runninghub-api-doc-cn/api-425766734.md,Voice,language_boost,Polish,19,unknown,parsed_html
runninghub,minimax/voice-clone,https://www.runninghub.cn/runninghub-api-doc-cn/api-425766734.md,Voice,language_boost,Romanian,20,unknown,parsed_html
runninghub,minimax/voice-clone,https://www.runninghub.cn/runninghub-api-doc-cn/api-425766734.md,Voice,language_boost,Greek,21,unknown,parsed_html
runninghub,minimax/voice-clone,https://www.runninghub.cn/runninghub-api-doc-cn/api-425766734.md,Voice,language_boost,Czech,22,unknown,parsed_html
runninghub,minimax/voice-clone,https://www.runninghub.cn/runninghub-api-doc-cn/api-425766734.md,Voice,language_boost,Finnish,23,unknown,parsed_html
runninghub,minimax/voice-clone,https://www.runninghub.cn/runninghub-api-doc-cn/api-425766734.md,Voice,language_boost,Hindi,24,unknown,parsed_html
runninghub,minimax/voice-clone,https://www.runninghub.cn/runninghub-api-doc-cn/api-425766734.md,Voice,language_boost,auto,25,unknown,parsed_html
runninghub,minimax/voice-clone,https://www.runninghub.cn/runninghub-api-doc-cn/api-425766734.md,Voice,__task_status,QUEUED,1,unknown,parsed_html
runninghub,minimax/voice-clone,https://www.runninghub.cn/runninghub-api-doc-cn/api-425766734.md,Voice,__task_status,RUNNING,2,unknown,parsed_html
runninghub,minimax/voice-clone,https://www.runninghub.cn/runninghub-api-doc-cn/api-425766734.md,Voice,__task_status,SUCCESS,3,unknown,parsed_html
runninghub,minimax/voice-clone,https://www.runninghub.cn/runninghub-api-doc-cn/api-425766734.md,Voice,__task_status,FAILED,4,unknown,parsed_html
runninghub,Vidu-参考生视频-q2-pro,https://www.runninghub.cn/runninghub-api-doc-cn/api-425766736.md,Video,aspectRatio,16:9,1,unknown,parsed_html
runninghub,Vidu-参考生视频-q2-pro,https://www.runninghub.cn/runninghub-api-doc-cn/api-425766736.md,Video,aspectRatio,9:16,2,unknown,parsed_html
runninghub,Vidu-参考生视频-q2-pro,https://www.runninghub.cn/runninghub-api-doc-cn/api-425766736.md,Video,aspectRatio,4:3,3,unknown,parsed_html
runninghub,Vidu-参考生视频-q2-pro,https://www.runninghub.cn/runninghub-api-doc-cn/api-425766736.md,Video,aspectRatio,3:4,4,unknown,parsed_html
runninghub,Vidu-参考生视频-q2-pro,https://www.runninghub.cn/runninghub-api-doc-cn/api-425766736.md,Video,aspectRatio,1:1,5,unknown,parsed_html
runninghub,Vidu-参考生视频-q2-pro,https://www.runninghub.cn/runninghub-api-doc-cn/api-425766736.md,Video,resolution,540p,1,unknown,parsed_html
runninghub,Vidu-参考生视频-q2-pro,https://www.runninghub.cn/runninghub-api-doc-cn/api-425766736.md,Video,resolution,720p,2,unknown,parsed_html
runninghub,Vidu-参考生视频-q2-pro,https://www.runninghub.cn/runninghub-api-doc-cn/api-425766736.md,Video,resolution,1080p,3,unknown,parsed_html
runninghub,Vidu-参考生视频-q2-pro,https://www.runninghub.cn/runninghub-api-doc-cn/api-425766736.md,Video,duration,1,1,unknown,parsed_html
runninghub,Vidu-参考生视频-q2-pro,https://www.runninghub.cn/runninghub-api-doc-cn/api-425766736.md,Video,duration,2,2,unknown,parsed_html
runninghub,Vidu-参考生视频-q2-pro,https://www.runninghub.cn/runninghub-api-doc-cn/api-425766736.md,Video,duration,3,3,unknown,parsed_html
runninghub,Vidu-参考生视频-q2-pro,https://www.runninghub.cn/runninghub-api-doc-cn/api-425766736.md,Video,duration,4,4,unknown,parsed_html
runninghub,Vidu-参考生视频-q2-pro,https://www.runninghub.cn/runninghub-api-doc-cn/api-425766736.md,Video,duration,5,5,unknown,parsed_html
runninghub,Vidu-参考生视频-q2-pro,https://www.runninghub.cn/runninghub-api-doc-cn/api-425766736.md,Video,duration,6,6,unknown,parsed_html
runninghub,Vidu-参考生视频-q2-pro,https://www.runninghub.cn/runninghub-api-doc-cn/api-425766736.md,Video,duration,7,7,unknown,parsed_html
runninghub,Vidu-参考生视频-q2-pro,https://www.runninghub.cn/runninghub-api-doc-cn/api-425766736.md,Video,duration,8,8,unknown,parsed_html
runninghub,Vidu-参考生视频-q2-pro,https://www.runninghub.cn/runninghub-api-doc-cn/api-425766736.md,Video,duration,9,9,unknown,parsed_html
runninghub,Vidu-参考生视频-q2-pro,https://www.runninghub.cn/runninghub-api-doc-cn/api-425766736.md,Video,duration,10,10,unknown,parsed_html
runninghub,Vidu-参考生视频-q2-pro,https://www.runninghub.cn/runninghub-api-doc-cn/api-425766736.md,Video,movementAmplitude,auto,1,unknown,parsed_html
runninghub,Vidu-参考生视频-q2-pro,https://www.runninghub.cn/runninghub-api-doc-cn/api-425766736.md,Video,movementAmplitude,small,2,unknown,parsed_html
runninghub,Vidu-参考生视频-q2-pro,https://www.runninghub.cn/runninghub-api-doc-cn/api-425766736.md,Video,movementAmplitude,medium,3,unknown,parsed_html
runninghub,Vidu-参考生视频-q2-pro,https://www.runninghub.cn/runninghub-api-doc-cn/api-425766736.md,Video,movementAmplitude,large,4,unknown,parsed_html
runninghub,Vidu-参考生视频-q2-pro,https://www.runninghub.cn/runninghub-api-doc-cn/api-425766736.md,Video,__task_status,QUEUED,1,unknown,parsed_html
runninghub,Vidu-参考生视频-q2-pro,https://www.runninghub.cn/runninghub-api-doc-cn/api-425766736.md,Video,__task_status,RUNNING,2,unknown,parsed_html
runninghub,Vidu-参考生视频-q2-pro,https://www.runninghub.cn/runninghub-api-doc-cn/api-425766736.md,Video,__task_status,SUCCESS,3,unknown,parsed_html
runninghub,Vidu-参考生视频-q2-pro,https://www.runninghub.cn/runninghub-api-doc-cn/api-425766736.md,Video,__task_status,FAILED,4,unknown,parsed_html
runninghub,悠船文生图-niji6,https://www.runninghub.cn/runninghub-api-doc-cn/api-425766737.md,Image,quality,0.5,1,unknown,parsed_html
runninghub,悠船文生图-niji6,https://www.runninghub.cn/runninghub-api-doc-cn/api-425766737.md,Image,quality,1,2,unknown,parsed_html
runninghub,悠船文生图-niji6,https://www.runninghub.cn/runninghub-api-doc-cn/api-425766737.md,Image,quality,2,3,unknown,parsed_html
runninghub,悠船文生图-niji6,https://www.runninghub.cn/runninghub-api-doc-cn/api-425766737.md,Image,aspectRatio,1:1,1,unknown,parsed_html
runninghub,悠船文生图-niji6,https://www.runninghub.cn/runninghub-api-doc-cn/api-425766737.md,Image,aspectRatio,4:3,2,unknown,parsed_html
runninghub,悠船文生图-niji6,https://www.runninghub.cn/runninghub-api-doc-cn/api-425766737.md,Image,aspectRatio,3:2,3,unknown,parsed_html
runninghub,悠船文生图-niji6,https://www.runninghub.cn/runninghub-api-doc-cn/api-425766737.md,Image,aspectRatio,16:9,4,unknown,parsed_html
runninghub,悠船文生图-niji6,https://www.runninghub.cn/runninghub-api-doc-cn/api-425766737.md,Image,aspectRatio,3:4,5,unknown,parsed_html
runninghub,悠船文生图-niji6,https://www.runninghub.cn/runninghub-api-doc-cn/api-425766737.md,Image,aspectRatio,2:3,6,unknown,parsed_html
runninghub,悠船文生图-niji6,https://www.runninghub.cn/runninghub-api-doc-cn/api-425766737.md,Image,aspectRatio,9:16,7,unknown,parsed_html
runninghub,悠船文生图-niji6,https://www.runninghub.cn/runninghub-api-doc-cn/api-425766737.md,Image,__task_status,QUEUED,1,unknown,parsed_html
runninghub,悠船文生图-niji6,https://www.runninghub.cn/runninghub-api-doc-cn/api-425766737.md,Image,__task_status,RUNNING,2,unknown,parsed_html
runninghub,悠船文生图-niji6,https://www.runninghub.cn/runninghub-api-doc-cn/api-425766737.md,Image,__task_status,SUCCESS,3,unknown,parsed_html
runninghub,悠船文生图-niji6,https://www.runninghub.cn/runninghub-api-doc-cn/api-425766737.md,Image,__task_status,FAILED,4,unknown,parsed_html
runninghub,悠船文生图-v61,https://www.runninghub.cn/runninghub-api-doc-cn/api-425766738.md,Image,quality,0.5,1,unknown,parsed_html
runninghub,悠船文生图-v61,https://www.runninghub.cn/runninghub-api-doc-cn/api-425766738.md,Image,quality,1,2,unknown,parsed_html
runninghub,悠船文生图-v61,https://www.runninghub.cn/runninghub-api-doc-cn/api-425766738.md,Image,quality,2,3,unknown,parsed_html
runninghub,悠船文生图-v61,https://www.runninghub.cn/runninghub-api-doc-cn/api-425766738.md,Image,aspectRatio,1:1,1,unknown,parsed_html
runninghub,悠船文生图-v61,https://www.runninghub.cn/runninghub-api-doc-cn/api-425766738.md,Image,aspectRatio,4:3,2,unknown,parsed_html
runninghub,悠船文生图-v61,https://www.runninghub.cn/runninghub-api-doc-cn/api-425766738.md,Image,aspectRatio,3:2,3,unknown,parsed_html
runninghub,悠船文生图-v61,https://www.runninghub.cn/runninghub-api-doc-cn/api-425766738.md,Image,aspectRatio,16:9,4,unknown,parsed_html
runninghub,悠船文生图-v61,https://www.runninghub.cn/runninghub-api-doc-cn/api-425766738.md,Image,aspectRatio,3:4,5,unknown,parsed_html
runninghub,悠船文生图-v61,https://www.runninghub.cn/runninghub-api-doc-cn/api-425766738.md,Image,aspectRatio,2:3,6,unknown,parsed_html
runninghub,悠船文生图-v61,https://www.runninghub.cn/runninghub-api-doc-cn/api-425766738.md,Image,aspectRatio,9:16,7,unknown,parsed_html
runninghub,悠船文生图-v61,https://www.runninghub.cn/runninghub-api-doc-cn/api-425766738.md,Image,__task_status,QUEUED,1,unknown,parsed_html
runninghub,悠船文生图-v61,https://www.runninghub.cn/runninghub-api-doc-cn/api-425766738.md,Image,__task_status,RUNNING,2,unknown,parsed_html
runninghub,悠船文生图-v61,https://www.runninghub.cn/runninghub-api-doc-cn/api-425766738.md,Image,__task_status,SUCCESS,3,unknown,parsed_html
runninghub,悠船文生图-v61,https://www.runninghub.cn/runninghub-api-doc-cn/api-425766738.md,Image,__task_status,FAILED,4,unknown,parsed_html
runninghub,悠船文生图-v6,https://www.runninghub.cn/runninghub-api-doc-cn/api-425766739.md,Image,quality,0.5,1,unknown,parsed_html
runninghub,悠船文生图-v6,https://www.runninghub.cn/runninghub-api-doc-cn/api-425766739.md,Image,quality,1,2,unknown,parsed_html
runninghub,悠船文生图-v6,https://www.runninghub.cn/runninghub-api-doc-cn/api-425766739.md,Image,quality,2,3,unknown,parsed_html
runninghub,悠船文生图-v6,https://www.runninghub.cn/runninghub-api-doc-cn/api-425766739.md,Image,aspectRatio,1:1,1,unknown,parsed_html
runninghub,悠船文生图-v6,https://www.runninghub.cn/runninghub-api-doc-cn/api-425766739.md,Image,aspectRatio,4:3,2,unknown,parsed_html
runninghub,悠船文生图-v6,https://www.runninghub.cn/runninghub-api-doc-cn/api-425766739.md,Image,aspectRatio,3:2,3,unknown,parsed_html
runninghub,悠船文生图-v6,https://www.runninghub.cn/runninghub-api-doc-cn/api-425766739.md,Image,aspectRatio,16:9,4,unknown,parsed_html
runninghub,悠船文生图-v6,https://www.runninghub.cn/runninghub-api-doc-cn/api-425766739.md,Image,aspectRatio,3:4,5,unknown,parsed_html
runninghub,悠船文生图-v6,https://www.runninghub.cn/runninghub-api-doc-cn/api-425766739.md,Image,aspectRatio,2:3,6,unknown,parsed_html
runninghub,悠船文生图-v6,https://www.runninghub.cn/runninghub-api-doc-cn/api-425766739.md,Image,aspectRatio,9:16,7,unknown,parsed_html
runninghub,悠船文生图-v6,https://www.runninghub.cn/runninghub-api-doc-cn/api-425766739.md,Image,__task_status,QUEUED,1,unknown,parsed_html
runninghub,悠船文生图-v6,https://www.runninghub.cn/runninghub-api-doc-cn/api-425766739.md,Image,__task_status,RUNNING,2,unknown,parsed_html
runninghub,悠船文生图-v6,https://www.runninghub.cn/runninghub-api-doc-cn/api-425766739.md,Image,__task_status,SUCCESS,3,unknown,parsed_html
runninghub,悠船文生图-v6,https://www.runninghub.cn/runninghub-api-doc-cn/api-425766739.md,Image,__task_status,FAILED,4,unknown,parsed_html
runninghub,悠船文生图-v7,https://www.runninghub.cn/runninghub-api-doc-cn/api-425766740.md,Image,quality,1,1,unknown,parsed_html
runninghub,悠船文生图-v7,https://www.runninghub.cn/runninghub-api-doc-cn/api-425766740.md,Image,quality,2,2,unknown,parsed_html
runninghub,悠船文生图-v7,https://www.runninghub.cn/runninghub-api-doc-cn/api-425766740.md,Image,quality,4,3,unknown,parsed_html
runninghub,悠船文生图-v7,https://www.runninghub.cn/runninghub-api-doc-cn/api-425766740.md,Image,aspectRatio,1:1,1,unknown,parsed_html
runninghub,悠船文生图-v7,https://www.runninghub.cn/runninghub-api-doc-cn/api-425766740.md,Image,aspectRatio,4:3,2,unknown,parsed_html
runninghub,悠船文生图-v7,https://www.runninghub.cn/runninghub-api-doc-cn/api-425766740.md,Image,aspectRatio,3:2,3,unknown,parsed_html
runninghub,悠船文生图-v7,https://www.runninghub.cn/runninghub-api-doc-cn/api-425766740.md,Image,aspectRatio,16:9,4,unknown,parsed_html
runninghub,悠船文生图-v7,https://www.runninghub.cn/runninghub-api-doc-cn/api-425766740.md,Image,aspectRatio,3:4,5,unknown,parsed_html
runninghub,悠船文生图-v7,https://www.runninghub.cn/runninghub-api-doc-cn/api-425766740.md,Image,aspectRatio,2:3,6,unknown,parsed_html
runninghub,悠船文生图-v7,https://www.runninghub.cn/runninghub-api-doc-cn/api-425766740.md,Image,aspectRatio,9:16,7,unknown,parsed_html
runninghub,悠船文生图-v7,https://www.runninghub.cn/runninghub-api-doc-cn/api-425766740.md,Image,__task_status,QUEUED,1,unknown,parsed_html
runninghub,悠船文生图-v7,https://www.runninghub.cn/runninghub-api-doc-cn/api-425766740.md,Image,__task_status,RUNNING,2,unknown,parsed_html
runninghub,悠船文生图-v7,https://www.runninghub.cn/runninghub-api-doc-cn/api-425766740.md,Image,__task_status,SUCCESS,3,unknown,parsed_html
runninghub,悠船文生图-v7,https://www.runninghub.cn/runninghub-api-doc-cn/api-425766740.md,Image,__task_status,FAILED,4,unknown,parsed_html
runninghub,全能图片PRO-文生图-低价渠道版,https://www.runninghub.cn/runninghub-api-doc-cn/api-425766742.md,Image,aspectRatio,1:1,1,low_cost_channel,parsed_html
runninghub,全能图片PRO-文生图-低价渠道版,https://www.runninghub.cn/runninghub-api-doc-cn/api-425766742.md,Image,aspectRatio,16:9,2,low_cost_channel,parsed_html
runninghub,全能图片PRO-文生图-低价渠道版,https://www.runninghub.cn/runninghub-api-doc-cn/api-425766742.md,Image,aspectRatio,9:16,3,low_cost_channel,parsed_html
runninghub,全能图片PRO-文生图-低价渠道版,https://www.runninghub.cn/runninghub-api-doc-cn/api-425766742.md,Image,aspectRatio,4:3,4,low_cost_channel,parsed_html
runninghub,全能图片PRO-文生图-低价渠道版,https://www.runninghub.cn/runninghub-api-doc-cn/api-425766742.md,Image,aspectRatio,3:4,5,low_cost_channel,parsed_html
runninghub,全能图片PRO-文生图-低价渠道版,https://www.runninghub.cn/runninghub-api-doc-cn/api-425766742.md,Image,aspectRatio,3:2,6,low_cost_channel,parsed_html
runninghub,全能图片PRO-文生图-低价渠道版,https://www.runninghub.cn/runninghub-api-doc-cn/api-425766742.md,Image,aspectRatio,2:3,7,low_cost_channel,parsed_html
runninghub,全能图片PRO-文生图-低价渠道版,https://www.runninghub.cn/runninghub-api-doc-cn/api-425766742.md,Image,aspectRatio,5:4,8,low_cost_channel,parsed_html
runninghub,全能图片PRO-文生图-低价渠道版,https://www.runninghub.cn/runninghub-api-doc-cn/api-425766742.md,Image,aspectRatio,4:5,9,low_cost_channel,parsed_html
runninghub,全能图片PRO-文生图-低价渠道版,https://www.runninghub.cn/runninghub-api-doc-cn/api-425766742.md,Image,aspectRatio,21:9,10,low_cost_channel,parsed_html
runninghub,全能图片PRO-文生图-低价渠道版,https://www.runninghub.cn/runninghub-api-doc-cn/api-425766742.md,Image,resolution,1k,1,low_cost_channel,parsed_html
runninghub,全能图片PRO-文生图-低价渠道版,https://www.runninghub.cn/runninghub-api-doc-cn/api-425766742.md,Image,resolution,2k,2,low_cost_channel,parsed_html
runninghub,全能图片PRO-文生图-低价渠道版,https://www.runninghub.cn/runninghub-api-doc-cn/api-425766742.md,Image,resolution,4k,3,low_cost_channel,parsed_html
runninghub,全能图片PRO-文生图-低价渠道版,https://www.runninghub.cn/runninghub-api-doc-cn/api-425766742.md,Image,resolution,1K,4,low_cost_channel,parsed_html
runninghub,全能图片PRO-文生图-低价渠道版,https://www.runninghub.cn/runninghub-api-doc-cn/api-425766742.md,Image,resolution,2K,5,low_cost_channel,parsed_html
runninghub,全能图片PRO-文生图-低价渠道版,https://www.runninghub.cn/runninghub-api-doc-cn/api-425766742.md,Image,resolution,4K,6,low_cost_channel,parsed_html
runninghub,全能图片PRO-文生图-低价渠道版,https://www.runninghub.cn/runninghub-api-doc-cn/api-425766742.md,Image,__task_status,QUEUED,1,low_cost_channel,parsed_html
runninghub,全能图片PRO-文生图-低价渠道版,https://www.runninghub.cn/runninghub-api-doc-cn/api-425766742.md,Image,__task_status,RUNNING,2,low_cost_channel,parsed_html
runninghub,全能图片PRO-文生图-低价渠道版,https://www.runninghub.cn/runninghub-api-doc-cn/api-425766742.md,Image,__task_status,SUCCESS,3,low_cost_channel,parsed_html
runninghub,全能图片PRO-文生图-低价渠道版,https://www.runninghub.cn/runninghub-api-doc-cn/api-425766742.md,Image,__task_status,FAILED,4,low_cost_channel,parsed_html
runninghub,全能图片PRO-文生图-官方稳定版,https://www.runninghub.cn/runninghub-api-doc-cn/api-425766743.md,Image,resolution,1k,1,official_stable,parsed_html
runninghub,全能图片PRO-文生图-官方稳定版,https://www.runninghub.cn/runninghub-api-doc-cn/api-425766743.md,Image,resolution,2k,2,official_stable,parsed_html
runninghub,全能图片PRO-文生图-官方稳定版,https://www.runninghub.cn/runninghub-api-doc-cn/api-425766743.md,Image,resolution,4k,3,official_stable,parsed_html
runninghub,全能图片PRO-文生图-官方稳定版,https://www.runninghub.cn/runninghub-api-doc-cn/api-425766743.md,Image,aspectRatio,1:1,1,official_stable,parsed_html
runninghub,全能图片PRO-文生图-官方稳定版,https://www.runninghub.cn/runninghub-api-doc-cn/api-425766743.md,Image,aspectRatio,3:2,2,official_stable,parsed_html
runninghub,全能图片PRO-文生图-官方稳定版,https://www.runninghub.cn/runninghub-api-doc-cn/api-425766743.md,Image,aspectRatio,2:3,3,official_stable,parsed_html
runninghub,全能图片PRO-文生图-官方稳定版,https://www.runninghub.cn/runninghub-api-doc-cn/api-425766743.md,Image,aspectRatio,3:4,4,official_stable,parsed_html
runninghub,全能图片PRO-文生图-官方稳定版,https://www.runninghub.cn/runninghub-api-doc-cn/api-425766743.md,Image,aspectRatio,4:3,5,official_stable,parsed_html
runninghub,全能图片PRO-文生图-官方稳定版,https://www.runninghub.cn/runninghub-api-doc-cn/api-425766743.md,Image,aspectRatio,4:5,6,official_stable,parsed_html
runninghub,全能图片PRO-文生图-官方稳定版,https://www.runninghub.cn/runninghub-api-doc-cn/api-425766743.md,Image,aspectRatio,5:4,7,official_stable,parsed_html
runninghub,全能图片PRO-文生图-官方稳定版,https://www.runninghub.cn/runninghub-api-doc-cn/api-425766743.md,Image,aspectRatio,9:16,8,official_stable,parsed_html
runninghub,全能图片PRO-文生图-官方稳定版,https://www.runninghub.cn/runninghub-api-doc-cn/api-425766743.md,Image,aspectRatio,16:9,9,official_stable,parsed_html
runninghub,全能图片PRO-文生图-官方稳定版,https://www.runninghub.cn/runninghub-api-doc-cn/api-425766743.md,Image,aspectRatio,21:9,10,official_stable,parsed_html
runninghub,全能图片PRO-文生图-官方稳定版,https://www.runninghub.cn/runninghub-api-doc-cn/api-425766743.md,Image,__task_status,QUEUED,1,official_stable,parsed_html
runninghub,全能图片PRO-文生图-官方稳定版,https://www.runninghub.cn/runninghub-api-doc-cn/api-425766743.md,Image,__task_status,RUNNING,2,official_stable,parsed_html
runninghub,全能图片PRO-文生图-官方稳定版,https://www.runninghub.cn/runninghub-api-doc-cn/api-425766743.md,Image,__task_status,SUCCESS,3,official_stable,parsed_html
runninghub,全能图片PRO-文生图-官方稳定版,https://www.runninghub.cn/runninghub-api-doc-cn/api-425766743.md,Image,__task_status,FAILED,4,official_stable,parsed_html
runninghub,全能图片PRO-文生图Ultra-官方稳定版,https://www.runninghub.cn/runninghub-api-doc-cn/api-425766741.md,Image,resolution,4k,1,official_stable,parsed_html
runninghub,全能图片PRO-文生图Ultra-官方稳定版,https://www.runninghub.cn/runninghub-api-doc-cn/api-425766741.md,Image,resolution,8k,2,official_stable,parsed_html
runninghub,全能图片PRO-文生图Ultra-官方稳定版,https://www.runninghub.cn/runninghub-api-doc-cn/api-425766741.md,Image,aspectRatio,1:1,1,official_stable,parsed_html
runninghub,全能图片PRO-文生图Ultra-官方稳定版,https://www.runninghub.cn/runninghub-api-doc-cn/api-425766741.md,Image,aspectRatio,3:2,2,official_stable,parsed_html
runninghub,全能图片PRO-文生图Ultra-官方稳定版,https://www.runninghub.cn/runninghub-api-doc-cn/api-425766741.md,Image,aspectRatio,2:3,3,official_stable,parsed_html
runninghub,全能图片PRO-文生图Ultra-官方稳定版,https://www.runninghub.cn/runninghub-api-doc-cn/api-425766741.md,Image,aspectRatio,3:4,4,official_stable,parsed_html
runninghub,全能图片PRO-文生图Ultra-官方稳定版,https://www.runninghub.cn/runninghub-api-doc-cn/api-425766741.md,Image,aspectRatio,4:3,5,official_stable,parsed_html
runninghub,全能图片PRO-文生图Ultra-官方稳定版,https://www.runninghub.cn/runninghub-api-doc-cn/api-425766741.md,Image,aspectRatio,4:5,6,official_stable,parsed_html
runninghub,全能图片PRO-文生图Ultra-官方稳定版,https://www.runninghub.cn/runninghub-api-doc-cn/api-425766741.md,Image,aspectRatio,5:4,7,official_stable,parsed_html
runninghub,全能图片PRO-文生图Ultra-官方稳定版,https://www.runninghub.cn/runninghub-api-doc-cn/api-425766741.md,Image,aspectRatio,9:16,8,official_stable,parsed_html
runninghub,全能图片PRO-文生图Ultra-官方稳定版,https://www.runninghub.cn/runninghub-api-doc-cn/api-425766741.md,Image,aspectRatio,16:9,9,official_stable,parsed_html
runninghub,全能图片PRO-文生图Ultra-官方稳定版,https://www.runninghub.cn/runninghub-api-doc-cn/api-425766741.md,Image,aspectRatio,21:9,10,official_stable,parsed_html
runninghub,全能图片PRO-文生图Ultra-官方稳定版,https://www.runninghub.cn/runninghub-api-doc-cn/api-425766741.md,Image,__task_status,QUEUED,1,official_stable,parsed_html
runninghub,全能图片PRO-文生图Ultra-官方稳定版,https://www.runninghub.cn/runninghub-api-doc-cn/api-425766741.md,Image,__task_status,RUNNING,2,official_stable,parsed_html
runninghub,全能图片PRO-文生图Ultra-官方稳定版,https://www.runninghub.cn/runninghub-api-doc-cn/api-425766741.md,Image,__task_status,SUCCESS,3,official_stable,parsed_html
runninghub,全能图片PRO-文生图Ultra-官方稳定版,https://www.runninghub.cn/runninghub-api-doc-cn/api-425766741.md,Image,__task_status,FAILED,4,official_stable,parsed_html
runninghub,全能图片V2-文生图-低价渠道版,https://www.runninghub.cn/runninghub-api-doc-cn/api-425766744.md,Image,aspectRatio,1:1,1,low_cost_channel,parsed_html
runninghub,全能图片V2-文生图-低价渠道版,https://www.runninghub.cn/runninghub-api-doc-cn/api-425766744.md,Image,aspectRatio,16:9,2,low_cost_channel,parsed_html
runninghub,全能图片V2-文生图-低价渠道版,https://www.runninghub.cn/runninghub-api-doc-cn/api-425766744.md,Image,aspectRatio,9:16,3,low_cost_channel,parsed_html
runninghub,全能图片V2-文生图-低价渠道版,https://www.runninghub.cn/runninghub-api-doc-cn/api-425766744.md,Image,aspectRatio,4:3,4,low_cost_channel,parsed_html
runninghub,全能图片V2-文生图-低价渠道版,https://www.runninghub.cn/runninghub-api-doc-cn/api-425766744.md,Image,aspectRatio,3:4,5,low_cost_channel,parsed_html
runninghub,全能图片V2-文生图-低价渠道版,https://www.runninghub.cn/runninghub-api-doc-cn/api-425766744.md,Image,aspectRatio,3:2,6,low_cost_channel,parsed_html
runninghub,全能图片V2-文生图-低价渠道版,https://www.runninghub.cn/runninghub-api-doc-cn/api-425766744.md,Image,aspectRatio,2:3,7,low_cost_channel,parsed_html
runninghub,全能图片V2-文生图-低价渠道版,https://www.runninghub.cn/runninghub-api-doc-cn/api-425766744.md,Image,aspectRatio,5:4,8,low_cost_channel,parsed_html
runninghub,全能图片V2-文生图-低价渠道版,https://www.runninghub.cn/runninghub-api-doc-cn/api-425766744.md,Image,aspectRatio,4:5,9,low_cost_channel,parsed_html
runninghub,全能图片V2-文生图-低价渠道版,https://www.runninghub.cn/runninghub-api-doc-cn/api-425766744.md,Image,aspectRatio,21:9,10,low_cost_channel,parsed_html
runninghub,全能图片V2-文生图-低价渠道版,https://www.runninghub.cn/runninghub-api-doc-cn/api-425766744.md,Image,aspectRatio,1:4,11,low_cost_channel,parsed_html
runninghub,全能图片V2-文生图-低价渠道版,https://www.runninghub.cn/runninghub-api-doc-cn/api-425766744.md,Image,aspectRatio,4:1,12,low_cost_channel,parsed_html
runninghub,全能图片V2-文生图-低价渠道版,https://www.runninghub.cn/runninghub-api-doc-cn/api-425766744.md,Image,aspectRatio,1:8,13,low_cost_channel,parsed_html
runninghub,全能图片V2-文生图-低价渠道版,https://www.runninghub.cn/runninghub-api-doc-cn/api-425766744.md,Image,aspectRatio,8:1,14,low_cost_channel,parsed_html
runninghub,全能图片V2-文生图-低价渠道版,https://www.runninghub.cn/runninghub-api-doc-cn/api-425766744.md,Image,resolution,1k,1,low_cost_channel,parsed_html
runninghub,全能图片V2-文生图-低价渠道版,https://www.runninghub.cn/runninghub-api-doc-cn/api-425766744.md,Image,resolution,2k,2,low_cost_channel,parsed_html
runninghub,全能图片V2-文生图-低价渠道版,https://www.runninghub.cn/runninghub-api-doc-cn/api-425766744.md,Image,resolution,4k,3,low_cost_channel,parsed_html
runninghub,全能图片V2-文生图-低价渠道版,https://www.runninghub.cn/runninghub-api-doc-cn/api-425766744.md,Image,__task_status,QUEUED,1,low_cost_channel,parsed_html
runninghub,全能图片V2-文生图-低价渠道版,https://www.runninghub.cn/runninghub-api-doc-cn/api-425766744.md,Image,__task_status,RUNNING,2,low_cost_channel,parsed_html
runninghub,全能图片V2-文生图-低价渠道版,https://www.runninghub.cn/runninghub-api-doc-cn/api-425766744.md,Image,__task_status,SUCCESS,3,low_cost_channel,parsed_html
runninghub,全能图片V2-文生图-低价渠道版,https://www.runninghub.cn/runninghub-api-doc-cn/api-425766744.md,Image,__task_status,FAILED,4,low_cost_channel,parsed_html
runninghub,全能图片V2-文生图-官方稳定版,https://www.runninghub.cn/runninghub-api-doc-cn/api-425766745.md,Image,aspectRatio,1:1,1,official_stable,parsed_html
runninghub,全能图片V2-文生图-官方稳定版,https://www.runninghub.cn/runninghub-api-doc-cn/api-425766745.md,Image,aspectRatio,16:9,2,official_stable,parsed_html
runninghub,全能图片V2-文生图-官方稳定版,https://www.runninghub.cn/runninghub-api-doc-cn/api-425766745.md,Image,aspectRatio,9:16,3,official_stable,parsed_html
runninghub,全能图片V2-文生图-官方稳定版,https://www.runninghub.cn/runninghub-api-doc-cn/api-425766745.md,Image,aspectRatio,4:3,4,official_stable,parsed_html
runninghub,全能图片V2-文生图-官方稳定版,https://www.runninghub.cn/runninghub-api-doc-cn/api-425766745.md,Image,aspectRatio,3:4,5,official_stable,parsed_html
runninghub,全能图片V2-文生图-官方稳定版,https://www.runninghub.cn/runninghub-api-doc-cn/api-425766745.md,Image,aspectRatio,3:2,6,official_stable,parsed_html
runninghub,全能图片V2-文生图-官方稳定版,https://www.runninghub.cn/runninghub-api-doc-cn/api-425766745.md,Image,aspectRatio,2:3,7,official_stable,parsed_html
runninghub,全能图片V2-文生图-官方稳定版,https://www.runninghub.cn/runninghub-api-doc-cn/api-425766745.md,Image,aspectRatio,5:4,8,official_stable,parsed_html
runninghub,全能图片V2-文生图-官方稳定版,https://www.runninghub.cn/runninghub-api-doc-cn/api-425766745.md,Image,aspectRatio,4:5,9,official_stable,parsed_html
runninghub,全能图片V2-文生图-官方稳定版,https://www.runninghub.cn/runninghub-api-doc-cn/api-425766745.md,Image,aspectRatio,21:9,10,official_stable,parsed_html
runninghub,全能图片V2-文生图-官方稳定版,https://www.runninghub.cn/runninghub-api-doc-cn/api-425766745.md,Image,aspectRatio,1:4,11,official_stable,parsed_html
runninghub,全能图片V2-文生图-官方稳定版,https://www.runninghub.cn/runninghub-api-doc-cn/api-425766745.md,Image,aspectRatio,4:1,12,official_stable,parsed_html
runninghub,全能图片V2-文生图-官方稳定版,https://www.runninghub.cn/runninghub-api-doc-cn/api-425766745.md,Image,aspectRatio,1:8,13,official_stable,parsed_html
runninghub,全能图片V2-文生图-官方稳定版,https://www.runninghub.cn/runninghub-api-doc-cn/api-425766745.md,Image,aspectRatio,8:1,14,official_stable,parsed_html
runninghub,全能图片V2-文生图-官方稳定版,https://www.runninghub.cn/runninghub-api-doc-cn/api-425766745.md,Image,resolution,1k,1,official_stable,parsed_html
runninghub,全能图片V2-文生图-官方稳定版,https://www.runninghub.cn/runninghub-api-doc-cn/api-425766745.md,Image,resolution,2k,2,official_stable,parsed_html
runninghub,全能图片V2-文生图-官方稳定版,https://www.runninghub.cn/runninghub-api-doc-cn/api-425766745.md,Image,resolution,4k,3,official_stable,parsed_html
runninghub,全能图片V2-文生图-官方稳定版,https://www.runninghub.cn/runninghub-api-doc-cn/api-425766745.md,Image,__task_status,QUEUED,1,official_stable,parsed_html
runninghub,全能图片V2-文生图-官方稳定版,https://www.runninghub.cn/runninghub-api-doc-cn/api-425766745.md,Image,__task_status,RUNNING,2,official_stable,parsed_html
runninghub,全能图片V2-文生图-官方稳定版,https://www.runninghub.cn/runninghub-api-doc-cn/api-425766745.md,Image,__task_status,SUCCESS,3,official_stable,parsed_html
runninghub,全能图片V2-文生图-官方稳定版,https://www.runninghub.cn/runninghub-api-doc-cn/api-425766745.md,Image,__task_status,FAILED,4,official_stable,parsed_html
runninghub,全能图片G-1.5-文生图-官方稳定版,https://www.runninghub.cn/runninghub-api-doc-cn/api-425766747.md,Image,size,1024*1024,1,official_stable,parsed_html
runninghub,全能图片G-1.5-文生图-官方稳定版,https://www.runninghub.cn/runninghub-api-doc-cn/api-425766747.md,Image,size,1024*1536,2,official_stable,parsed_html
runninghub,全能图片G-1.5-文生图-官方稳定版,https://www.runninghub.cn/runninghub-api-doc-cn/api-425766747.md,Image,size,1536*1024,3,official_stable,parsed_html
runninghub,全能图片G-1.5-文生图-官方稳定版,https://www.runninghub.cn/runninghub-api-doc-cn/api-425766747.md,Image,quality,low,1,official_stable,parsed_html
runninghub,全能图片G-1.5-文生图-官方稳定版,https://www.runninghub.cn/runninghub-api-doc-cn/api-425766747.md,Image,quality,medium,2,official_stable,parsed_html
runninghub,全能图片G-1.5-文生图-官方稳定版,https://www.runninghub.cn/runninghub-api-doc-cn/api-425766747.md,Image,quality,high,3,official_stable,parsed_html
runninghub,全能图片G-1.5-文生图-官方稳定版,https://www.runninghub.cn/runninghub-api-doc-cn/api-425766747.md,Image,__task_status,QUEUED,1,official_stable,parsed_html
runninghub,全能图片G-1.5-文生图-官方稳定版,https://www.runninghub.cn/runninghub-api-doc-cn/api-425766747.md,Image,__task_status,RUNNING,2,official_stable,parsed_html
runninghub,全能图片G-1.5-文生图-官方稳定版,https://www.runninghub.cn/runninghub-api-doc-cn/api-425766747.md,Image,__task_status,SUCCESS,3,official_stable,parsed_html
runninghub,全能图片G-1.5-文生图-官方稳定版,https://www.runninghub.cn/runninghub-api-doc-cn/api-425766747.md,Image,__task_status,FAILED,4,official_stable,parsed_html
runninghub,全能图片G-1.5-文生图-低价渠道版,https://www.runninghub.cn/runninghub-api-doc-cn/api-425766746.md,Image,aspectRatio,auto,1,low_cost_channel,parsed_html
runninghub,全能图片G-1.5-文生图-低价渠道版,https://www.runninghub.cn/runninghub-api-doc-cn/api-425766746.md,Image,aspectRatio,1:1,2,low_cost_channel,parsed_html
runninghub,全能图片G-1.5-文生图-低价渠道版,https://www.runninghub.cn/runninghub-api-doc-cn/api-425766746.md,Image,aspectRatio,3:2,3,low_cost_channel,parsed_html
runninghub,全能图片G-1.5-文生图-低价渠道版,https://www.runninghub.cn/runninghub-api-doc-cn/api-425766746.md,Image,aspectRatio,2:3,4,low_cost_channel,parsed_html
runninghub,全能图片G-1.5-文生图-低价渠道版,https://www.runninghub.cn/runninghub-api-doc-cn/api-425766746.md,Image,__task_status,QUEUED,1,low_cost_channel,parsed_html
runninghub,全能图片G-1.5-文生图-低价渠道版,https://www.runninghub.cn/runninghub-api-doc-cn/api-425766746.md,Image,__task_status,RUNNING,2,low_cost_channel,parsed_html
runninghub,全能图片G-1.5-文生图-低价渠道版,https://www.runninghub.cn/runninghub-api-doc-cn/api-425766746.md,Image,__task_status,SUCCESS,3,low_cost_channel,parsed_html
runninghub,全能图片G-1.5-文生图-低价渠道版,https://www.runninghub.cn/runninghub-api-doc-cn/api-425766746.md,Image,__task_status,FAILED,4,low_cost_channel,parsed_html
runninghub,全能图片G-1.5-图生图-官方稳定版,https://www.runninghub.cn/runninghub-api-doc-cn/api-425766748.md,Image,size,auto,1,official_stable,parsed_html
runninghub,全能图片G-1.5-图生图-官方稳定版,https://www.runninghub.cn/runninghub-api-doc-cn/api-425766748.md,Image,size,1024*1024,2,official_stable,parsed_html
runninghub,全能图片G-1.5-图生图-官方稳定版,https://www.runninghub.cn/runninghub-api-doc-cn/api-425766748.md,Image,size,1024*1536,3,official_stable,parsed_html
runninghub,全能图片G-1.5-图生图-官方稳定版,https://www.runninghub.cn/runninghub-api-doc-cn/api-425766748.md,Image,size,1536*1024,4,official_stable,parsed_html
runninghub,全能图片G-1.5-图生图-官方稳定版,https://www.runninghub.cn/runninghub-api-doc-cn/api-425766748.md,Image,quality,low,1,official_stable,parsed_html
runninghub,全能图片G-1.5-图生图-官方稳定版,https://www.runninghub.cn/runninghub-api-doc-cn/api-425766748.md,Image,quality,medium,2,official_stable,parsed_html
runninghub,全能图片G-1.5-图生图-官方稳定版,https://www.runninghub.cn/runninghub-api-doc-cn/api-425766748.md,Image,quality,high,3,official_stable,parsed_html
runninghub,全能图片G-1.5-图生图-官方稳定版,https://www.runninghub.cn/runninghub-api-doc-cn/api-425766748.md,Image,inputFidelity,low,1,official_stable,parsed_html
runninghub,全能图片G-1.5-图生图-官方稳定版,https://www.runninghub.cn/runninghub-api-doc-cn/api-425766748.md,Image,inputFidelity,high,2,official_stable,parsed_html
runninghub,全能图片G-1.5-图生图-官方稳定版,https://www.runninghub.cn/runninghub-api-doc-cn/api-425766748.md,Image,__task_status,QUEUED,1,official_stable,parsed_html
runninghub,全能图片G-1.5-图生图-官方稳定版,https://www.runninghub.cn/runninghub-api-doc-cn/api-425766748.md,Image,__task_status,RUNNING,2,official_stable,parsed_html
runninghub,全能图片G-1.5-图生图-官方稳定版,https://www.runninghub.cn/runninghub-api-doc-cn/api-425766748.md,Image,__task_status,SUCCESS,3,official_stable,parsed_html
runninghub,全能图片G-1.5-图生图-官方稳定版,https://www.runninghub.cn/runninghub-api-doc-cn/api-425766748.md,Image,__task_status,FAILED,4,official_stable,parsed_html
runninghub,seedream-v4.5-文生图,https://www.runninghub.cn/runninghub-api-doc-cn/api-425766750.md,Image,sequentialImageGeneration,disabled,1,unknown,parsed_html
runninghub,seedream-v4.5-文生图,https://www.runninghub.cn/runninghub-api-doc-cn/api-425766750.md,Image,sequentialImageGeneration,auto,2,unknown,parsed_html
runninghub,seedream-v4.5-文生图,https://www.runninghub.cn/runninghub-api-doc-cn/api-425766750.md,Image,resolution,2k,1,unknown,parsed_html
runninghub,seedream-v4.5-文生图,https://www.runninghub.cn/runninghub-api-doc-cn/api-425766750.md,Image,resolution,4k,2,unknown,parsed_html
runninghub,seedream-v4.5-文生图,https://www.runninghub.cn/runninghub-api-doc-cn/api-425766750.md,Image,__task_status,QUEUED,1,unknown,parsed_html
runninghub,seedream-v4.5-文生图,https://www.runninghub.cn/runninghub-api-doc-cn/api-425766750.md,Image,__task_status,RUNNING,2,unknown,parsed_html
runninghub,seedream-v4.5-文生图,https://www.runninghub.cn/runninghub-api-doc-cn/api-425766750.md,Image,__task_status,SUCCESS,3,unknown,parsed_html
runninghub,seedream-v4.5-文生图,https://www.runninghub.cn/runninghub-api-doc-cn/api-425766750.md,Image,__task_status,FAILED,4,unknown,parsed_html
runninghub,seedream-v5-lite-文生图,https://www.runninghub.cn/runninghub-api-doc-cn/api-425766751.md,Image,sequentialImageGeneration,disabled,1,unknown,parsed_html
runninghub,seedream-v5-lite-文生图,https://www.runninghub.cn/runninghub-api-doc-cn/api-425766751.md,Image,sequentialImageGeneration,auto,2,unknown,parsed_html
runninghub,seedream-v5-lite-文生图,https://www.runninghub.cn/runninghub-api-doc-cn/api-425766751.md,Image,resolution,2k,1,unknown,parsed_html
runninghub,seedream-v5-lite-文生图,https://www.runninghub.cn/runninghub-api-doc-cn/api-425766751.md,Image,resolution,3k,2,unknown,parsed_html
runninghub,seedream-v5-lite-文生图,https://www.runninghub.cn/runninghub-api-doc-cn/api-425766751.md,Image,__task_status,QUEUED,1,unknown,parsed_html
runninghub,seedream-v5-lite-文生图,https://www.runninghub.cn/runninghub-api-doc-cn/api-425766751.md,Image,__task_status,RUNNING,2,unknown,parsed_html
runninghub,seedream-v5-lite-文生图,https://www.runninghub.cn/runninghub-api-doc-cn/api-425766751.md,Image,__task_status,SUCCESS,3,unknown,parsed_html
runninghub,seedream-v5-lite-文生图,https://www.runninghub.cn/runninghub-api-doc-cn/api-425766751.md,Image,__task_status,FAILED,4,unknown,parsed_html
runninghub,seedream-v4-文生图,https://www.runninghub.cn/runninghub-api-doc-cn/api-425766749.md,Image,sequentialImageGeneration,disabled,1,unknown,parsed_html
runninghub,seedream-v4-文生图,https://www.runninghub.cn/runninghub-api-doc-cn/api-425766749.md,Image,sequentialImageGeneration,auto,2,unknown,parsed_html
runninghub,seedream-v4-文生图,https://www.runninghub.cn/runninghub-api-doc-cn/api-425766749.md,Image,resolution,1k,1,unknown,parsed_html
runninghub,seedream-v4-文生图,https://www.runninghub.cn/runninghub-api-doc-cn/api-425766749.md,Image,resolution,2k,2,unknown,parsed_html
runninghub,seedream-v4-文生图,https://www.runninghub.cn/runninghub-api-doc-cn/api-425766749.md,Image,resolution,4k,3,unknown,parsed_html
runninghub,seedream-v4-文生图,https://www.runninghub.cn/runninghub-api-doc-cn/api-425766749.md,Image,__task_status,QUEUED,1,unknown,parsed_html
runninghub,seedream-v4-文生图,https://www.runninghub.cn/runninghub-api-doc-cn/api-425766749.md,Image,__task_status,RUNNING,2,unknown,parsed_html
runninghub,seedream-v4-文生图,https://www.runninghub.cn/runninghub-api-doc-cn/api-425766749.md,Image,__task_status,SUCCESS,3,unknown,parsed_html
runninghub,seedream-v4-文生图,https://www.runninghub.cn/runninghub-api-doc-cn/api-425766749.md,Image,__task_status,FAILED,4,unknown,parsed_html
runninghub,全能图片V1-文生图-低价渠道版,https://www.runninghub.cn/runninghub-api-doc-cn/api-425766752.md,Image,aspectRatio,auto,1,low_cost_channel,parsed_html
runninghub,全能图片V1-文生图-低价渠道版,https://www.runninghub.cn/runninghub-api-doc-cn/api-425766752.md,Image,aspectRatio,1:1,2,low_cost_channel,parsed_html
runninghub,全能图片V1-文生图-低价渠道版,https://www.runninghub.cn/runninghub-api-doc-cn/api-425766752.md,Image,aspectRatio,16:9,3,low_cost_channel,parsed_html
runninghub,全能图片V1-文生图-低价渠道版,https://www.runninghub.cn/runninghub-api-doc-cn/api-425766752.md,Image,aspectRatio,9:16,4,low_cost_channel,parsed_html
runninghub,全能图片V1-文生图-低价渠道版,https://www.runninghub.cn/runninghub-api-doc-cn/api-425766752.md,Image,aspectRatio,4:3,5,low_cost_channel,parsed_html
runninghub,全能图片V1-文生图-低价渠道版,https://www.runninghub.cn/runninghub-api-doc-cn/api-425766752.md,Image,aspectRatio,3:4,6,low_cost_channel,parsed_html
runninghub,全能图片V1-文生图-低价渠道版,https://www.runninghub.cn/runninghub-api-doc-cn/api-425766752.md,Image,aspectRatio,3:2,7,low_cost_channel,parsed_html
runninghub,全能图片V1-文生图-低价渠道版,https://www.runninghub.cn/runninghub-api-doc-cn/api-425766752.md,Image,aspectRatio,2:3,8,low_cost_channel,parsed_html
runninghub,全能图片V1-文生图-低价渠道版,https://www.runninghub.cn/runninghub-api-doc-cn/api-425766752.md,Image,aspectRatio,5:4,9,low_cost_channel,parsed_html
runninghub,全能图片V1-文生图-低价渠道版,https://www.runninghub.cn/runninghub-api-doc-cn/api-425766752.md,Image,aspectRatio,4:5,10,low_cost_channel,parsed_html
runninghub,全能图片V1-文生图-低价渠道版,https://www.runninghub.cn/runninghub-api-doc-cn/api-425766752.md,Image,aspectRatio,21:9,11,low_cost_channel,parsed_html
runninghub,全能图片V1-文生图-低价渠道版,https://www.runninghub.cn/runninghub-api-doc-cn/api-425766752.md,Image,__task_status,QUEUED,1,low_cost_channel,parsed_html
runninghub,全能图片V1-文生图-低价渠道版,https://www.runninghub.cn/runninghub-api-doc-cn/api-425766752.md,Image,__task_status,RUNNING,2,low_cost_channel,parsed_html
runninghub,全能图片V1-文生图-低价渠道版,https://www.runninghub.cn/runninghub-api-doc-cn/api-425766752.md,Image,__task_status,SUCCESS,3,low_cost_channel,parsed_html
runninghub,全能图片V1-文生图-低价渠道版,https://www.runninghub.cn/runninghub-api-doc-cn/api-425766752.md,Image,__task_status,FAILED,4,low_cost_channel,parsed_html
runninghub,全能图片V1-文生图-官方稳定版,https://www.runninghub.cn/runninghub-api-doc-cn/api-425956958.md,Image,aspectRatio,auto,1,official_stable,parsed_html
runninghub,全能图片V1-文生图-官方稳定版,https://www.runninghub.cn/runninghub-api-doc-cn/api-425956958.md,Image,aspectRatio,1:1,2,official_stable,parsed_html
runninghub,全能图片V1-文生图-官方稳定版,https://www.runninghub.cn/runninghub-api-doc-cn/api-425956958.md,Image,aspectRatio,16:9,3,official_stable,parsed_html
runninghub,全能图片V1-文生图-官方稳定版,https://www.runninghub.cn/runninghub-api-doc-cn/api-425956958.md,Image,aspectRatio,9:16,4,official_stable,parsed_html
runninghub,全能图片V1-文生图-官方稳定版,https://www.runninghub.cn/runninghub-api-doc-cn/api-425956958.md,Image,aspectRatio,4:3,5,official_stable,parsed_html
runninghub,全能图片V1-文生图-官方稳定版,https://www.runninghub.cn/runninghub-api-doc-cn/api-425956958.md,Image,aspectRatio,3:4,6,official_stable,parsed_html
runninghub,全能图片V1-文生图-官方稳定版,https://www.runninghub.cn/runninghub-api-doc-cn/api-425956958.md,Image,aspectRatio,3:2,7,official_stable,parsed_html
runninghub,全能图片V1-文生图-官方稳定版,https://www.runninghub.cn/runninghub-api-doc-cn/api-425956958.md,Image,aspectRatio,2:3,8,official_stable,parsed_html
runninghub,全能图片V1-文生图-官方稳定版,https://www.runninghub.cn/runninghub-api-doc-cn/api-425956958.md,Image,aspectRatio,5:4,9,official_stable,parsed_html
runninghub,全能图片V1-文生图-官方稳定版,https://www.runninghub.cn/runninghub-api-doc-cn/api-425956958.md,Image,aspectRatio,4:5,10,official_stable,parsed_html
runninghub,全能图片V1-文生图-官方稳定版,https://www.runninghub.cn/runninghub-api-doc-cn/api-425956958.md,Image,aspectRatio,21:9,11,official_stable,parsed_html
runninghub,全能图片V1-文生图-官方稳定版,https://www.runninghub.cn/runninghub-api-doc-cn/api-425956958.md,Image,__task_status,QUEUED,1,official_stable,parsed_html
runninghub,全能图片V1-文生图-官方稳定版,https://www.runninghub.cn/runninghub-api-doc-cn/api-425956958.md,Image,__task_status,RUNNING,2,official_stable,parsed_html
runninghub,全能图片V1-文生图-官方稳定版,https://www.runninghub.cn/runninghub-api-doc-cn/api-425956958.md,Image,__task_status,SUCCESS,3,official_stable,parsed_html
runninghub,全能图片V1-文生图-官方稳定版,https://www.runninghub.cn/runninghub-api-doc-cn/api-425956958.md,Image,__task_status,FAILED,4,official_stable,parsed_html
runninghub,全能图片X-文生图-低价渠道版,https://www.runninghub.cn/runninghub-api-doc-cn/api-427096750.md,Image,model,g-3,1,low_cost_channel,parsed_html
runninghub,全能图片X-文生图-低价渠道版,https://www.runninghub.cn/runninghub-api-doc-cn/api-427096750.md,Image,model,g-4,2,low_cost_channel,parsed_html
runninghub,全能图片X-文生图-低价渠道版,https://www.runninghub.cn/runninghub-api-doc-cn/api-427096750.md,Image,model,g-4.1,3,low_cost_channel,parsed_html
runninghub,全能图片X-文生图-低价渠道版,https://www.runninghub.cn/runninghub-api-doc-cn/api-427096750.md,Image,model,g-4.2,4,low_cost_channel,parsed_html
runninghub,全能图片X-文生图-低价渠道版,https://www.runninghub.cn/runninghub-api-doc-cn/api-427096750.md,Image,aspectRatio,960x960,1,low_cost_channel,parsed_html
runninghub,全能图片X-文生图-低价渠道版,https://www.runninghub.cn/runninghub-api-doc-cn/api-427096750.md,Image,aspectRatio,720x1280,2,low_cost_channel,parsed_html
runninghub,全能图片X-文生图-低价渠道版,https://www.runninghub.cn/runninghub-api-doc-cn/api-427096750.md,Image,aspectRatio,1280x720,3,low_cost_channel,parsed_html
runninghub,全能图片X-文生图-低价渠道版,https://www.runninghub.cn/runninghub-api-doc-cn/api-427096750.md,Image,aspectRatio,1168x784,4,low_cost_channel,parsed_html
runninghub,全能图片X-文生图-低价渠道版,https://www.runninghub.cn/runninghub-api-doc-cn/api-427096750.md,Image,aspectRatio,784x1168,5,low_cost_channel,parsed_html
runninghub,全能图片X-文生图-低价渠道版,https://www.runninghub.cn/runninghub-api-doc-cn/api-427096750.md,Image,__task_status,QUEUED,1,low_cost_channel,parsed_html
runninghub,全能图片X-文生图-低价渠道版,https://www.runninghub.cn/runninghub-api-doc-cn/api-427096750.md,Image,__task_status,RUNNING,2,low_cost_channel,parsed_html
runninghub,全能图片X-文生图-低价渠道版,https://www.runninghub.cn/runninghub-api-doc-cn/api-427096750.md,Image,__task_status,SUCCESS,3,low_cost_channel,parsed_html
runninghub,全能图片X-文生图-低价渠道版,https://www.runninghub.cn/runninghub-api-doc-cn/api-427096750.md,Image,__task_status,FAILED,4,low_cost_channel,parsed_html
runninghub,千问2.0Pro-文生图,https://www.runninghub.cn/runninghub-api-doc-cn/api-428583618.md,Image,size,1024*1024,1,unknown,parsed_html
runninghub,千问2.0Pro-文生图,https://www.runninghub.cn/runninghub-api-doc-cn/api-428583618.md,Image,size,1536*1536,2,unknown,parsed_html
runninghub,千问2.0Pro-文生图,https://www.runninghub.cn/runninghub-api-doc-cn/api-428583618.md,Image,size,768*1152,3,unknown,parsed_html
runninghub,千问2.0Pro-文生图,https://www.runninghub.cn/runninghub-api-doc-cn/api-428583618.md,Image,size,1024*1536,4,unknown,parsed_html
runninghub,千问2.0Pro-文生图,https://www.runninghub.cn/runninghub-api-doc-cn/api-428583618.md,Image,size,1152*768,5,unknown,parsed_html
runninghub,千问2.0Pro-文生图,https://www.runninghub.cn/runninghub-api-doc-cn/api-428583618.md,Image,size,1536*1024,6,unknown,parsed_html
runninghub,千问2.0Pro-文生图,https://www.runninghub.cn/runninghub-api-doc-cn/api-428583618.md,Image,size,960*1280,7,unknown,parsed_html
runninghub,千问2.0Pro-文生图,https://www.runninghub.cn/runninghub-api-doc-cn/api-428583618.md,Image,size,1080*1440,8,unknown,parsed_html
runninghub,千问2.0Pro-文生图,https://www.runninghub.cn/runninghub-api-doc-cn/api-428583618.md,Image,size,1280*960,9,unknown,parsed_html
runninghub,千问2.0Pro-文生图,https://www.runninghub.cn/runninghub-api-doc-cn/api-428583618.md,Image,size,1440*1080,10,unknown,parsed_html
runninghub,千问2.0Pro-文生图,https://www.runninghub.cn/runninghub-api-doc-cn/api-428583618.md,Image,size,720*1280,11,unknown,parsed_html
runninghub,千问2.0Pro-文生图,https://www.runninghub.cn/runninghub-api-doc-cn/api-428583618.md,Image,size,1080*1920,12,unknown,parsed_html
runninghub,千问2.0Pro-文生图,https://www.runninghub.cn/runninghub-api-doc-cn/api-428583618.md,Image,size,1280*720,13,unknown,parsed_html
runninghub,千问2.0Pro-文生图,https://www.runninghub.cn/runninghub-api-doc-cn/api-428583618.md,Image,size,1920*1080,14,unknown,parsed_html
runninghub,千问2.0Pro-文生图,https://www.runninghub.cn/runninghub-api-doc-cn/api-428583618.md,Image,size,1344*576,15,unknown,parsed_html
runninghub,千问2.0Pro-文生图,https://www.runninghub.cn/runninghub-api-doc-cn/api-428583618.md,Image,size,2048*872,16,unknown,parsed_html
runninghub,千问2.0Pro-文生图,https://www.runninghub.cn/runninghub-api-doc-cn/api-428583618.md,Image,imageNum,1,1,unknown,parsed_html
runninghub,千问2.0Pro-文生图,https://www.runninghub.cn/runninghub-api-doc-cn/api-428583618.md,Image,imageNum,2,2,unknown,parsed_html
runninghub,千问2.0Pro-文生图,https://www.runninghub.cn/runninghub-api-doc-cn/api-428583618.md,Image,imageNum,3,3,unknown,parsed_html
runninghub,千问2.0Pro-文生图,https://www.runninghub.cn/runninghub-api-doc-cn/api-428583618.md,Image,imageNum,4,4,unknown,parsed_html
runninghub,千问2.0Pro-文生图,https://www.runninghub.cn/runninghub-api-doc-cn/api-428583618.md,Image,imageNum,5,5,unknown,parsed_html
runninghub,千问2.0Pro-文生图,https://www.runninghub.cn/runninghub-api-doc-cn/api-428583618.md,Image,imageNum,6,6,unknown,parsed_html
runninghub,千问2.0Pro-文生图,https://www.runninghub.cn/runninghub-api-doc-cn/api-428583618.md,Image,__task_status,QUEUED,1,unknown,parsed_html
runninghub,千问2.0Pro-文生图,https://www.runninghub.cn/runninghub-api-doc-cn/api-428583618.md,Image,__task_status,RUNNING,2,unknown,parsed_html
runninghub,千问2.0Pro-文生图,https://www.runninghub.cn/runninghub-api-doc-cn/api-428583618.md,Image,__task_status,SUCCESS,3,unknown,parsed_html
runninghub,千问2.0Pro-文生图,https://www.runninghub.cn/runninghub-api-doc-cn/api-428583618.md,Image,__task_status,FAILED,4,unknown,parsed_html
runninghub,千问2.0-文生图,https://www.runninghub.cn/runninghub-api-doc-cn/api-428583619.md,Image,size,1024*1024,1,unknown,parsed_html
runninghub,千问2.0-文生图,https://www.runninghub.cn/runninghub-api-doc-cn/api-428583619.md,Image,size,1536*1536,2,unknown,parsed_html
runninghub,千问2.0-文生图,https://www.runninghub.cn/runninghub-api-doc-cn/api-428583619.md,Image,size,768*1152,3,unknown,parsed_html
runninghub,千问2.0-文生图,https://www.runninghub.cn/runninghub-api-doc-cn/api-428583619.md,Image,size,1024*1536,4,unknown,parsed_html
runninghub,千问2.0-文生图,https://www.runninghub.cn/runninghub-api-doc-cn/api-428583619.md,Image,size,1152*768,5,unknown,parsed_html
runninghub,千问2.0-文生图,https://www.runninghub.cn/runninghub-api-doc-cn/api-428583619.md,Image,size,1536*1024,6,unknown,parsed_html
runninghub,千问2.0-文生图,https://www.runninghub.cn/runninghub-api-doc-cn/api-428583619.md,Image,size,960*1280,7,unknown,parsed_html
runninghub,千问2.0-文生图,https://www.runninghub.cn/runninghub-api-doc-cn/api-428583619.md,Image,size,1080*1440,8,unknown,parsed_html
runninghub,千问2.0-文生图,https://www.runninghub.cn/runninghub-api-doc-cn/api-428583619.md,Image,size,1280*960,9,unknown,parsed_html
runninghub,千问2.0-文生图,https://www.runninghub.cn/runninghub-api-doc-cn/api-428583619.md,Image,size,1440*1080,10,unknown,parsed_html
runninghub,千问2.0-文生图,https://www.runninghub.cn/runninghub-api-doc-cn/api-428583619.md,Image,size,720*1280,11,unknown,parsed_html
runninghub,千问2.0-文生图,https://www.runninghub.cn/runninghub-api-doc-cn/api-428583619.md,Image,size,1080*1920,12,unknown,parsed_html
runninghub,千问2.0-文生图,https://www.runninghub.cn/runninghub-api-doc-cn/api-428583619.md,Image,size,1280*720,13,unknown,parsed_html
runninghub,千问2.0-文生图,https://www.runninghub.cn/runninghub-api-doc-cn/api-428583619.md,Image,size,1920*1080,14,unknown,parsed_html
runninghub,千问2.0-文生图,https://www.runninghub.cn/runninghub-api-doc-cn/api-428583619.md,Image,size,1344*576,15,unknown,parsed_html
runninghub,千问2.0-文生图,https://www.runninghub.cn/runninghub-api-doc-cn/api-428583619.md,Image,size,2048*872,16,unknown,parsed_html
runninghub,千问2.0-文生图,https://www.runninghub.cn/runninghub-api-doc-cn/api-428583619.md,Image,imageNum,1,1,unknown,parsed_html
runninghub,千问2.0-文生图,https://www.runninghub.cn/runninghub-api-doc-cn/api-428583619.md,Image,imageNum,2,2,unknown,parsed_html
runninghub,千问2.0-文生图,https://www.runninghub.cn/runninghub-api-doc-cn/api-428583619.md,Image,imageNum,3,3,unknown,parsed_html
runninghub,千问2.0-文生图,https://www.runninghub.cn/runninghub-api-doc-cn/api-428583619.md,Image,imageNum,4,4,unknown,parsed_html
runninghub,千问2.0-文生图,https://www.runninghub.cn/runninghub-api-doc-cn/api-428583619.md,Image,imageNum,5,5,unknown,parsed_html
runninghub,千问2.0-文生图,https://www.runninghub.cn/runninghub-api-doc-cn/api-428583619.md,Image,imageNum,6,6,unknown,parsed_html
runninghub,千问2.0-文生图,https://www.runninghub.cn/runninghub-api-doc-cn/api-428583619.md,Image,__task_status,QUEUED,1,unknown,parsed_html
runninghub,千问2.0-文生图,https://www.runninghub.cn/runninghub-api-doc-cn/api-428583619.md,Image,__task_status,RUNNING,2,unknown,parsed_html
runninghub,千问2.0-文生图,https://www.runninghub.cn/runninghub-api-doc-cn/api-428583619.md,Image,__task_status,SUCCESS,3,unknown,parsed_html
runninghub,千问2.0-文生图,https://www.runninghub.cn/runninghub-api-doc-cn/api-428583619.md,Image,__task_status,FAILED,4,unknown,parsed_html
runninghub,悠船文生图-niji7,https://www.runninghub.cn/runninghub-api-doc-cn/api-425766753.md,Image,aspectRatio,1:1,1,unknown,parsed_html
runninghub,悠船文生图-niji7,https://www.runninghub.cn/runninghub-api-doc-cn/api-425766753.md,Image,aspectRatio,4:3,2,unknown,parsed_html
runninghub,悠船文生图-niji7,https://www.runninghub.cn/runninghub-api-doc-cn/api-425766753.md,Image,aspectRatio,3:2,3,unknown,parsed_html
runninghub,悠船文生图-niji7,https://www.runninghub.cn/runninghub-api-doc-cn/api-425766753.md,Image,aspectRatio,16:9,4,unknown,parsed_html
runninghub,悠船文生图-niji7,https://www.runninghub.cn/runninghub-api-doc-cn/api-425766753.md,Image,aspectRatio,3:4,5,unknown,parsed_html
runninghub,悠船文生图-niji7,https://www.runninghub.cn/runninghub-api-doc-cn/api-425766753.md,Image,aspectRatio,2:3,6,unknown,parsed_html
runninghub,悠船文生图-niji7,https://www.runninghub.cn/runninghub-api-doc-cn/api-425766753.md,Image,aspectRatio,9:16,7,unknown,parsed_html
runninghub,悠船文生图-niji7,https://www.runninghub.cn/runninghub-api-doc-cn/api-425766753.md,Image,__task_status,QUEUED,1,unknown,parsed_html
runninghub,悠船文生图-niji7,https://www.runninghub.cn/runninghub-api-doc-cn/api-425766753.md,Image,__task_status,RUNNING,2,unknown,parsed_html
runninghub,悠船文生图-niji7,https://www.runninghub.cn/runninghub-api-doc-cn/api-425766753.md,Image,__task_status,SUCCESS,3,unknown,parsed_html
runninghub,悠船文生图-niji7,https://www.runninghub.cn/runninghub-api-doc-cn/api-425766753.md,Image,__task_status,FAILED,4,unknown,parsed_html
runninghub,seedream-v4.5-图生图,https://www.runninghub.cn/runninghub-api-doc-cn/api-425766755.md,Image,sequentialImageGeneration,disabled,1,unknown,parsed_html
runninghub,seedream-v4.5-图生图,https://www.runninghub.cn/runninghub-api-doc-cn/api-425766755.md,Image,sequentialImageGeneration,auto,2,unknown,parsed_html
runninghub,seedream-v4.5-图生图,https://www.runninghub.cn/runninghub-api-doc-cn/api-425766755.md,Image,resolution,2k,1,unknown,parsed_html
runninghub,seedream-v4.5-图生图,https://www.runninghub.cn/runninghub-api-doc-cn/api-425766755.md,Image,resolution,4k,2,unknown,parsed_html
runninghub,seedream-v4.5-图生图,https://www.runninghub.cn/runninghub-api-doc-cn/api-425766755.md,Image,__task_status,QUEUED,1,unknown,parsed_html
runninghub,seedream-v4.5-图生图,https://www.runninghub.cn/runninghub-api-doc-cn/api-425766755.md,Image,__task_status,RUNNING,2,unknown,parsed_html
runninghub,seedream-v4.5-图生图,https://www.runninghub.cn/runninghub-api-doc-cn/api-425766755.md,Image,__task_status,SUCCESS,3,unknown,parsed_html
runninghub,seedream-v4.5-图生图,https://www.runninghub.cn/runninghub-api-doc-cn/api-425766755.md,Image,__task_status,FAILED,4,unknown,parsed_html
runninghub,seedream-v4-图生图,https://www.runninghub.cn/runninghub-api-doc-cn/api-425766756.md,Image,sequentialImageGeneration,disabled,1,unknown,parsed_html
runninghub,seedream-v4-图生图,https://www.runninghub.cn/runninghub-api-doc-cn/api-425766756.md,Image,sequentialImageGeneration,auto,2,unknown,parsed_html
runninghub,seedream-v4-图生图,https://www.runninghub.cn/runninghub-api-doc-cn/api-425766756.md,Image,resolution,1k,1,unknown,parsed_html
runninghub,seedream-v4-图生图,https://www.runninghub.cn/runninghub-api-doc-cn/api-425766756.md,Image,resolution,2k,2,unknown,parsed_html
runninghub,seedream-v4-图生图,https://www.runninghub.cn/runninghub-api-doc-cn/api-425766756.md,Image,resolution,4k,3,unknown,parsed_html
runninghub,seedream-v4-图生图,https://www.runninghub.cn/runninghub-api-doc-cn/api-425766756.md,Image,__task_status,QUEUED,1,unknown,parsed_html
runninghub,seedream-v4-图生图,https://www.runninghub.cn/runninghub-api-doc-cn/api-425766756.md,Image,__task_status,RUNNING,2,unknown,parsed_html
runninghub,seedream-v4-图生图,https://www.runninghub.cn/runninghub-api-doc-cn/api-425766756.md,Image,__task_status,SUCCESS,3,unknown,parsed_html
runninghub,seedream-v4-图生图,https://www.runninghub.cn/runninghub-api-doc-cn/api-425766756.md,Image,__task_status,FAILED,4,unknown,parsed_html
runninghub,seedream-v5-lite-图生图,https://www.runninghub.cn/runninghub-api-doc-cn/api-425766754.md,Image,sequentialImageGeneration,disabled,1,unknown,parsed_html
runninghub,seedream-v5-lite-图生图,https://www.runninghub.cn/runninghub-api-doc-cn/api-425766754.md,Image,sequentialImageGeneration,auto,2,unknown,parsed_html
runninghub,seedream-v5-lite-图生图,https://www.runninghub.cn/runninghub-api-doc-cn/api-425766754.md,Image,resolution,2k,1,unknown,parsed_html
runninghub,seedream-v5-lite-图生图,https://www.runninghub.cn/runninghub-api-doc-cn/api-425766754.md,Image,resolution,3k,2,unknown,parsed_html
runninghub,seedream-v5-lite-图生图,https://www.runninghub.cn/runninghub-api-doc-cn/api-425766754.md,Image,__task_status,QUEUED,1,unknown,parsed_html
runninghub,seedream-v5-lite-图生图,https://www.runninghub.cn/runninghub-api-doc-cn/api-425766754.md,Image,__task_status,RUNNING,2,unknown,parsed_html
runninghub,seedream-v5-lite-图生图,https://www.runninghub.cn/runninghub-api-doc-cn/api-425766754.md,Image,__task_status,SUCCESS,3,unknown,parsed_html
runninghub,seedream-v5-lite-图生图,https://www.runninghub.cn/runninghub-api-doc-cn/api-425766754.md,Image,__task_status,FAILED,4,unknown,parsed_html
runninghub,全能图片PRO-图生图-低价渠道版,https://www.runninghub.cn/runninghub-api-doc-cn/api-425766758.md,Image,aspectRatio,1:1,1,low_cost_channel,parsed_html
runninghub,全能图片PRO-图生图-低价渠道版,https://www.runninghub.cn/runninghub-api-doc-cn/api-425766758.md,Image,aspectRatio,16:9,2,low_cost_channel,parsed_html
runninghub,全能图片PRO-图生图-低价渠道版,https://www.runninghub.cn/runninghub-api-doc-cn/api-425766758.md,Image,aspectRatio,9:16,3,low_cost_channel,parsed_html
runninghub,全能图片PRO-图生图-低价渠道版,https://www.runninghub.cn/runninghub-api-doc-cn/api-425766758.md,Image,aspectRatio,4:3,4,low_cost_channel,parsed_html
runninghub,全能图片PRO-图生图-低价渠道版,https://www.runninghub.cn/runninghub-api-doc-cn/api-425766758.md,Image,aspectRatio,3:4,5,low_cost_channel,parsed_html
runninghub,全能图片PRO-图生图-低价渠道版,https://www.runninghub.cn/runninghub-api-doc-cn/api-425766758.md,Image,aspectRatio,3:2,6,low_cost_channel,parsed_html
runninghub,全能图片PRO-图生图-低价渠道版,https://www.runninghub.cn/runninghub-api-doc-cn/api-425766758.md,Image,aspectRatio,2:3,7,low_cost_channel,parsed_html
runninghub,全能图片PRO-图生图-低价渠道版,https://www.runninghub.cn/runninghub-api-doc-cn/api-425766758.md,Image,aspectRatio,5:4,8,low_cost_channel,parsed_html
runninghub,全能图片PRO-图生图-低价渠道版,https://www.runninghub.cn/runninghub-api-doc-cn/api-425766758.md,Image,aspectRatio,4:5,9,low_cost_channel,parsed_html
runninghub,全能图片PRO-图生图-低价渠道版,https://www.runninghub.cn/runninghub-api-doc-cn/api-425766758.md,Image,aspectRatio,21:9,10,low_cost_channel,parsed_html
runninghub,全能图片PRO-图生图-低价渠道版,https://www.runninghub.cn/runninghub-api-doc-cn/api-425766758.md,Image,resolution,1k,1,low_cost_channel,parsed_html
runninghub,全能图片PRO-图生图-低价渠道版,https://www.runninghub.cn/runninghub-api-doc-cn/api-425766758.md,Image,resolution,2k,2,low_cost_channel,parsed_html
runninghub,全能图片PRO-图生图-低价渠道版,https://www.runninghub.cn/runninghub-api-doc-cn/api-425766758.md,Image,resolution,4k,3,low_cost_channel,parsed_html
runninghub,全能图片PRO-图生图-低价渠道版,https://www.runninghub.cn/runninghub-api-doc-cn/api-425766758.md,Image,resolution,1K,4,low_cost_channel,parsed_html
runninghub,全能图片PRO-图生图-低价渠道版,https://www.runninghub.cn/runninghub-api-doc-cn/api-425766758.md,Image,resolution,2K,5,low_cost_channel,parsed_html
runninghub,全能图片PRO-图生图-低价渠道版,https://www.runninghub.cn/runninghub-api-doc-cn/api-425766758.md,Image,resolution,4K,6,low_cost_channel,parsed_html
runninghub,全能图片PRO-图生图-低价渠道版,https://www.runninghub.cn/runninghub-api-doc-cn/api-425766758.md,Image,__task_status,QUEUED,1,low_cost_channel,parsed_html
runninghub,全能图片PRO-图生图-低价渠道版,https://www.runninghub.cn/runninghub-api-doc-cn/api-425766758.md,Image,__task_status,RUNNING,2,low_cost_channel,parsed_html
runninghub,全能图片PRO-图生图-低价渠道版,https://www.runninghub.cn/runninghub-api-doc-cn/api-425766758.md,Image,__task_status,SUCCESS,3,low_cost_channel,parsed_html
runninghub,全能图片PRO-图生图-低价渠道版,https://www.runninghub.cn/runninghub-api-doc-cn/api-425766758.md,Image,__task_status,FAILED,4,low_cost_channel,parsed_html
runninghub,全能图片PRO-图生图-官方稳定版,https://www.runninghub.cn/runninghub-api-doc-cn/api-425766759.md,Image,resolution,1k,1,official_stable,parsed_html
runninghub,全能图片PRO-图生图-官方稳定版,https://www.runninghub.cn/runninghub-api-doc-cn/api-425766759.md,Image,resolution,2k,2,official_stable,parsed_html
runninghub,全能图片PRO-图生图-官方稳定版,https://www.runninghub.cn/runninghub-api-doc-cn/api-425766759.md,Image,resolution,4k,3,official_stable,parsed_html
runninghub,全能图片PRO-图生图-官方稳定版,https://www.runninghub.cn/runninghub-api-doc-cn/api-425766759.md,Image,aspectRatio,1:1,1,official_stable,parsed_html
runninghub,全能图片PRO-图生图-官方稳定版,https://www.runninghub.cn/runninghub-api-doc-cn/api-425766759.md,Image,aspectRatio,3:2,2,official_stable,parsed_html
runninghub,全能图片PRO-图生图-官方稳定版,https://www.runninghub.cn/runninghub-api-doc-cn/api-425766759.md,Image,aspectRatio,2:3,3,official_stable,parsed_html
runninghub,全能图片PRO-图生图-官方稳定版,https://www.runninghub.cn/runninghub-api-doc-cn/api-425766759.md,Image,aspectRatio,3:4,4,official_stable,parsed_html
runninghub,全能图片PRO-图生图-官方稳定版,https://www.runninghub.cn/runninghub-api-doc-cn/api-425766759.md,Image,aspectRatio,4:3,5,official_stable,parsed_html
runninghub,全能图片PRO-图生图-官方稳定版,https://www.runninghub.cn/runninghub-api-doc-cn/api-425766759.md,Image,aspectRatio,4:5,6,official_stable,parsed_html
runninghub,全能图片PRO-图生图-官方稳定版,https://www.runninghub.cn/runninghub-api-doc-cn/api-425766759.md,Image,aspectRatio,5:4,7,official_stable,parsed_html
runninghub,全能图片PRO-图生图-官方稳定版,https://www.runninghub.cn/runninghub-api-doc-cn/api-425766759.md,Image,aspectRatio,9:16,8,official_stable,parsed_html
runninghub,全能图片PRO-图生图-官方稳定版,https://www.runninghub.cn/runninghub-api-doc-cn/api-425766759.md,Image,aspectRatio,16:9,9,official_stable,parsed_html
runninghub,全能图片PRO-图生图-官方稳定版,https://www.runninghub.cn/runninghub-api-doc-cn/api-425766759.md,Image,aspectRatio,21:9,10,official_stable,parsed_html
runninghub,全能图片PRO-图生图-官方稳定版,https://www.runninghub.cn/runninghub-api-doc-cn/api-425766759.md,Image,__task_status,QUEUED,1,official_stable,parsed_html
runninghub,全能图片PRO-图生图-官方稳定版,https://www.runninghub.cn/runninghub-api-doc-cn/api-425766759.md,Image,__task_status,RUNNING,2,official_stable,parsed_html
runninghub,全能图片PRO-图生图-官方稳定版,https://www.runninghub.cn/runninghub-api-doc-cn/api-425766759.md,Image,__task_status,SUCCESS,3,official_stable,parsed_html
runninghub,全能图片PRO-图生图-官方稳定版,https://www.runninghub.cn/runninghub-api-doc-cn/api-425766759.md,Image,__task_status,FAILED,4,official_stable,parsed_html
runninghub,全能图片PRO-图生图Ultra-官方稳定版,https://www.runninghub.cn/runninghub-api-doc-cn/api-425766757.md,Image,resolution,4k,1,official_stable,parsed_html
runninghub,全能图片PRO-图生图Ultra-官方稳定版,https://www.runninghub.cn/runninghub-api-doc-cn/api-425766757.md,Image,resolution,8k,2,official_stable,parsed_html
runninghub,全能图片PRO-图生图Ultra-官方稳定版,https://www.runninghub.cn/runninghub-api-doc-cn/api-425766757.md,Image,aspectRatio,1:1,1,official_stable,parsed_html
runninghub,全能图片PRO-图生图Ultra-官方稳定版,https://www.runninghub.cn/runninghub-api-doc-cn/api-425766757.md,Image,aspectRatio,3:2,2,official_stable,parsed_html
runninghub,全能图片PRO-图生图Ultra-官方稳定版,https://www.runninghub.cn/runninghub-api-doc-cn/api-425766757.md,Image,aspectRatio,2:3,3,official_stable,parsed_html
runninghub,全能图片PRO-图生图Ultra-官方稳定版,https://www.runninghub.cn/runninghub-api-doc-cn/api-425766757.md,Image,aspectRatio,3:4,4,official_stable,parsed_html
runninghub,全能图片PRO-图生图Ultra-官方稳定版,https://www.runninghub.cn/runninghub-api-doc-cn/api-425766757.md,Image,aspectRatio,4:3,5,official_stable,parsed_html
runninghub,全能图片PRO-图生图Ultra-官方稳定版,https://www.runninghub.cn/runninghub-api-doc-cn/api-425766757.md,Image,aspectRatio,4:5,6,official_stable,parsed_html
runninghub,全能图片PRO-图生图Ultra-官方稳定版,https://www.runninghub.cn/runninghub-api-doc-cn/api-425766757.md,Image,aspectRatio,5:4,7,official_stable,parsed_html
runninghub,全能图片PRO-图生图Ultra-官方稳定版,https://www.runninghub.cn/runninghub-api-doc-cn/api-425766757.md,Image,aspectRatio,9:16,8,official_stable,parsed_html
runninghub,全能图片PRO-图生图Ultra-官方稳定版,https://www.runninghub.cn/runninghub-api-doc-cn/api-425766757.md,Image,aspectRatio,16:9,9,official_stable,parsed_html
runninghub,全能图片PRO-图生图Ultra-官方稳定版,https://www.runninghub.cn/runninghub-api-doc-cn/api-425766757.md,Image,aspectRatio,21:9,10,official_stable,parsed_html
runninghub,全能图片PRO-图生图Ultra-官方稳定版,https://www.runninghub.cn/runninghub-api-doc-cn/api-425766757.md,Image,__task_status,QUEUED,1,official_stable,parsed_html
runninghub,全能图片PRO-图生图Ultra-官方稳定版,https://www.runninghub.cn/runninghub-api-doc-cn/api-425766757.md,Image,__task_status,RUNNING,2,official_stable,parsed_html
runninghub,全能图片PRO-图生图Ultra-官方稳定版,https://www.runninghub.cn/runninghub-api-doc-cn/api-425766757.md,Image,__task_status,SUCCESS,3,official_stable,parsed_html
runninghub,全能图片PRO-图生图Ultra-官方稳定版,https://www.runninghub.cn/runninghub-api-doc-cn/api-425766757.md,Image,__task_status,FAILED,4,official_stable,parsed_html
runninghub,全能图片V2-图生图-低价渠道版,https://www.runninghub.cn/runninghub-api-doc-cn/api-425766760.md,Image,aspectRatio,1:1,1,low_cost_channel,parsed_html
runninghub,全能图片V2-图生图-低价渠道版,https://www.runninghub.cn/runninghub-api-doc-cn/api-425766760.md,Image,aspectRatio,16:9,2,low_cost_channel,parsed_html
runninghub,全能图片V2-图生图-低价渠道版,https://www.runninghub.cn/runninghub-api-doc-cn/api-425766760.md,Image,aspectRatio,9:16,3,low_cost_channel,parsed_html
runninghub,全能图片V2-图生图-低价渠道版,https://www.runninghub.cn/runninghub-api-doc-cn/api-425766760.md,Image,aspectRatio,4:3,4,low_cost_channel,parsed_html
runninghub,全能图片V2-图生图-低价渠道版,https://www.runninghub.cn/runninghub-api-doc-cn/api-425766760.md,Image,aspectRatio,3:4,5,low_cost_channel,parsed_html
runninghub,全能图片V2-图生图-低价渠道版,https://www.runninghub.cn/runninghub-api-doc-cn/api-425766760.md,Image,aspectRatio,3:2,6,low_cost_channel,parsed_html
runninghub,全能图片V2-图生图-低价渠道版,https://www.runninghub.cn/runninghub-api-doc-cn/api-425766760.md,Image,aspectRatio,2:3,7,low_cost_channel,parsed_html
runninghub,全能图片V2-图生图-低价渠道版,https://www.runninghub.cn/runninghub-api-doc-cn/api-425766760.md,Image,aspectRatio,5:4,8,low_cost_channel,parsed_html
runninghub,全能图片V2-图生图-低价渠道版,https://www.runninghub.cn/runninghub-api-doc-cn/api-425766760.md,Image,aspectRatio,4:5,9,low_cost_channel,parsed_html
runninghub,全能图片V2-图生图-低价渠道版,https://www.runninghub.cn/runninghub-api-doc-cn/api-425766760.md,Image,aspectRatio,21:9,10,low_cost_channel,parsed_html
runninghub,全能图片V2-图生图-低价渠道版,https://www.runninghub.cn/runninghub-api-doc-cn/api-425766760.md,Image,aspectRatio,1:4,11,low_cost_channel,parsed_html
runninghub,全能图片V2-图生图-低价渠道版,https://www.runninghub.cn/runninghub-api-doc-cn/api-425766760.md,Image,aspectRatio,4:1,12,low_cost_channel,parsed_html
runninghub,全能图片V2-图生图-低价渠道版,https://www.runninghub.cn/runninghub-api-doc-cn/api-425766760.md,Image,aspectRatio,1:8,13,low_cost_channel,parsed_html
runninghub,全能图片V2-图生图-低价渠道版,https://www.runninghub.cn/runninghub-api-doc-cn/api-425766760.md,Image,aspectRatio,8:1,14,low_cost_channel,parsed_html
runninghub,全能图片V2-图生图-低价渠道版,https://www.runninghub.cn/runninghub-api-doc-cn/api-425766760.md,Image,resolution,1k,1,low_cost_channel,parsed_html
runninghub,全能图片V2-图生图-低价渠道版,https://www.runninghub.cn/runninghub-api-doc-cn/api-425766760.md,Image,resolution,2k,2,low_cost_channel,parsed_html
runninghub,全能图片V2-图生图-低价渠道版,https://www.runninghub.cn/runninghub-api-doc-cn/api-425766760.md,Image,resolution,4k,3,low_cost_channel,parsed_html
runninghub,全能图片V2-图生图-低价渠道版,https://www.runninghub.cn/runninghub-api-doc-cn/api-425766760.md,Image,__task_status,QUEUED,1,low_cost_channel,parsed_html
runninghub,全能图片V2-图生图-低价渠道版,https://www.runninghub.cn/runninghub-api-doc-cn/api-425766760.md,Image,__task_status,RUNNING,2,low_cost_channel,parsed_html
runninghub,全能图片V2-图生图-低价渠道版,https://www.runninghub.cn/runninghub-api-doc-cn/api-425766760.md,Image,__task_status,SUCCESS,3,low_cost_channel,parsed_html
runninghub,全能图片V2-图生图-低价渠道版,https://www.runninghub.cn/runninghub-api-doc-cn/api-425766760.md,Image,__task_status,FAILED,4,low_cost_channel,parsed_html
runninghub,全能图片V2-图生图-官方稳定版,https://www.runninghub.cn/runninghub-api-doc-cn/api-425766761.md,Image,aspectRatio,1:1,1,official_stable,parsed_html
runninghub,全能图片V2-图生图-官方稳定版,https://www.runninghub.cn/runninghub-api-doc-cn/api-425766761.md,Image,aspectRatio,16:9,2,official_stable,parsed_html
runninghub,全能图片V2-图生图-官方稳定版,https://www.runninghub.cn/runninghub-api-doc-cn/api-425766761.md,Image,aspectRatio,9:16,3,official_stable,parsed_html
runninghub,全能图片V2-图生图-官方稳定版,https://www.runninghub.cn/runninghub-api-doc-cn/api-425766761.md,Image,aspectRatio,4:3,4,official_stable,parsed_html
runninghub,全能图片V2-图生图-官方稳定版,https://www.runninghub.cn/runninghub-api-doc-cn/api-425766761.md,Image,aspectRatio,3:4,5,official_stable,parsed_html
runninghub,全能图片V2-图生图-官方稳定版,https://www.runninghub.cn/runninghub-api-doc-cn/api-425766761.md,Image,aspectRatio,3:2,6,official_stable,parsed_html
runninghub,全能图片V2-图生图-官方稳定版,https://www.runninghub.cn/runninghub-api-doc-cn/api-425766761.md,Image,aspectRatio,2:3,7,official_stable,parsed_html
runninghub,全能图片V2-图生图-官方稳定版,https://www.runninghub.cn/runninghub-api-doc-cn/api-425766761.md,Image,aspectRatio,5:4,8,official_stable,parsed_html
runninghub,全能图片V2-图生图-官方稳定版,https://www.runninghub.cn/runninghub-api-doc-cn/api-425766761.md,Image,aspectRatio,4:5,9,official_stable,parsed_html
runninghub,全能图片V2-图生图-官方稳定版,https://www.runninghub.cn/runninghub-api-doc-cn/api-425766761.md,Image,aspectRatio,21:9,10,official_stable,parsed_html
runninghub,全能图片V2-图生图-官方稳定版,https://www.runninghub.cn/runninghub-api-doc-cn/api-425766761.md,Image,aspectRatio,1:4,11,official_stable,parsed_html
runninghub,全能图片V2-图生图-官方稳定版,https://www.runninghub.cn/runninghub-api-doc-cn/api-425766761.md,Image,aspectRatio,4:1,12,official_stable,parsed_html
runninghub,全能图片V2-图生图-官方稳定版,https://www.runninghub.cn/runninghub-api-doc-cn/api-425766761.md,Image,aspectRatio,1:8,13,official_stable,parsed_html
runninghub,全能图片V2-图生图-官方稳定版,https://www.runninghub.cn/runninghub-api-doc-cn/api-425766761.md,Image,aspectRatio,8:1,14,official_stable,parsed_html
runninghub,全能图片V2-图生图-官方稳定版,https://www.runninghub.cn/runninghub-api-doc-cn/api-425766761.md,Image,resolution,1k,1,official_stable,parsed_html
runninghub,全能图片V2-图生图-官方稳定版,https://www.runninghub.cn/runninghub-api-doc-cn/api-425766761.md,Image,resolution,2k,2,official_stable,parsed_html
runninghub,全能图片V2-图生图-官方稳定版,https://www.runninghub.cn/runninghub-api-doc-cn/api-425766761.md,Image,resolution,4k,3,official_stable,parsed_html
runninghub,全能图片V2-图生图-官方稳定版,https://www.runninghub.cn/runninghub-api-doc-cn/api-425766761.md,Image,__task_status,QUEUED,1,official_stable,parsed_html
runninghub,全能图片V2-图生图-官方稳定版,https://www.runninghub.cn/runninghub-api-doc-cn/api-425766761.md,Image,__task_status,RUNNING,2,official_stable,parsed_html
runninghub,全能图片V2-图生图-官方稳定版,https://www.runninghub.cn/runninghub-api-doc-cn/api-425766761.md,Image,__task_status,SUCCESS,3,official_stable,parsed_html
runninghub,全能图片V2-图生图-官方稳定版,https://www.runninghub.cn/runninghub-api-doc-cn/api-425766761.md,Image,__task_status,FAILED,4,official_stable,parsed_html
runninghub,全能图片G-1.5-图生图-低价渠道版,https://www.runninghub.cn/runninghub-api-doc-cn/api-425766762.md,Image,aspectRatio,auto,1,low_cost_channel,parsed_html
runninghub,全能图片G-1.5-图生图-低价渠道版,https://www.runninghub.cn/runninghub-api-doc-cn/api-425766762.md,Image,aspectRatio,1:1,2,low_cost_channel,parsed_html
runninghub,全能图片G-1.5-图生图-低价渠道版,https://www.runninghub.cn/runninghub-api-doc-cn/api-425766762.md,Image,aspectRatio,3:2,3,low_cost_channel,parsed_html
runninghub,全能图片G-1.5-图生图-低价渠道版,https://www.runninghub.cn/runninghub-api-doc-cn/api-425766762.md,Image,aspectRatio,2:3,4,low_cost_channel,parsed_html
runninghub,全能图片G-1.5-图生图-低价渠道版,https://www.runninghub.cn/runninghub-api-doc-cn/api-425766762.md,Image,__task_status,QUEUED,1,low_cost_channel,parsed_html
runninghub,全能图片G-1.5-图生图-低价渠道版,https://www.runninghub.cn/runninghub-api-doc-cn/api-425766762.md,Image,__task_status,RUNNING,2,low_cost_channel,parsed_html
runninghub,全能图片G-1.5-图生图-低价渠道版,https://www.runninghub.cn/runninghub-api-doc-cn/api-425766762.md,Image,__task_status,SUCCESS,3,low_cost_channel,parsed_html
runninghub,全能图片G-1.5-图生图-低价渠道版,https://www.runninghub.cn/runninghub-api-doc-cn/api-425766762.md,Image,__task_status,FAILED,4,low_cost_channel,parsed_html
runninghub,全能图片V1-图生图-低价渠道版,https://www.runninghub.cn/runninghub-api-doc-cn/api-425766763.md,Image,aspectRatio,auto,1,low_cost_channel,parsed_html
runninghub,全能图片V1-图生图-低价渠道版,https://www.runninghub.cn/runninghub-api-doc-cn/api-425766763.md,Image,aspectRatio,1:1,2,low_cost_channel,parsed_html
runninghub,全能图片V1-图生图-低价渠道版,https://www.runninghub.cn/runninghub-api-doc-cn/api-425766763.md,Image,aspectRatio,16:9,3,low_cost_channel,parsed_html
runninghub,全能图片V1-图生图-低价渠道版,https://www.runninghub.cn/runninghub-api-doc-cn/api-425766763.md,Image,aspectRatio,9:16,4,low_cost_channel,parsed_html
runninghub,全能图片V1-图生图-低价渠道版,https://www.runninghub.cn/runninghub-api-doc-cn/api-425766763.md,Image,aspectRatio,4:3,5,low_cost_channel,parsed_html
runninghub,全能图片V1-图生图-低价渠道版,https://www.runninghub.cn/runninghub-api-doc-cn/api-425766763.md,Image,aspectRatio,3:4,6,low_cost_channel,parsed_html
runninghub,全能图片V1-图生图-低价渠道版,https://www.runninghub.cn/runninghub-api-doc-cn/api-425766763.md,Image,aspectRatio,3:2,7,low_cost_channel,parsed_html
runninghub,全能图片V1-图生图-低价渠道版,https://www.runninghub.cn/runninghub-api-doc-cn/api-425766763.md,Image,aspectRatio,2:3,8,low_cost_channel,parsed_html
runninghub,全能图片V1-图生图-低价渠道版,https://www.runninghub.cn/runninghub-api-doc-cn/api-425766763.md,Image,aspectRatio,5:4,9,low_cost_channel,parsed_html
runninghub,全能图片V1-图生图-低价渠道版,https://www.runninghub.cn/runninghub-api-doc-cn/api-425766763.md,Image,aspectRatio,4:5,10,low_cost_channel,parsed_html
runninghub,全能图片V1-图生图-低价渠道版,https://www.runninghub.cn/runninghub-api-doc-cn/api-425766763.md,Image,aspectRatio,21:9,11,low_cost_channel,parsed_html
runninghub,全能图片V1-图生图-低价渠道版,https://www.runninghub.cn/runninghub-api-doc-cn/api-425766763.md,Image,__task_status,QUEUED,1,low_cost_channel,parsed_html
runninghub,全能图片V1-图生图-低价渠道版,https://www.runninghub.cn/runninghub-api-doc-cn/api-425766763.md,Image,__task_status,RUNNING,2,low_cost_channel,parsed_html
runninghub,全能图片V1-图生图-低价渠道版,https://www.runninghub.cn/runninghub-api-doc-cn/api-425766763.md,Image,__task_status,SUCCESS,3,low_cost_channel,parsed_html
runninghub,全能图片V1-图生图-低价渠道版,https://www.runninghub.cn/runninghub-api-doc-cn/api-425766763.md,Image,__task_status,FAILED,4,low_cost_channel,parsed_html
runninghub,全能图片V1-图生图-官方稳定版,https://www.runninghub.cn/runninghub-api-doc-cn/api-425956959.md,Image,aspectRatio,auto,1,official_stable,parsed_html
runninghub,全能图片V1-图生图-官方稳定版,https://www.runninghub.cn/runninghub-api-doc-cn/api-425956959.md,Image,aspectRatio,1:1,2,official_stable,parsed_html
runninghub,全能图片V1-图生图-官方稳定版,https://www.runninghub.cn/runninghub-api-doc-cn/api-425956959.md,Image,aspectRatio,16:9,3,official_stable,parsed_html
runninghub,全能图片V1-图生图-官方稳定版,https://www.runninghub.cn/runninghub-api-doc-cn/api-425956959.md,Image,aspectRatio,9:16,4,official_stable,parsed_html
runninghub,全能图片V1-图生图-官方稳定版,https://www.runninghub.cn/runninghub-api-doc-cn/api-425956959.md,Image,aspectRatio,4:3,5,official_stable,parsed_html
runninghub,全能图片V1-图生图-官方稳定版,https://www.runninghub.cn/runninghub-api-doc-cn/api-425956959.md,Image,aspectRatio,3:4,6,official_stable,parsed_html
runninghub,全能图片V1-图生图-官方稳定版,https://www.runninghub.cn/runninghub-api-doc-cn/api-425956959.md,Image,aspectRatio,3:2,7,official_stable,parsed_html
runninghub,全能图片V1-图生图-官方稳定版,https://www.runninghub.cn/runninghub-api-doc-cn/api-425956959.md,Image,aspectRatio,2:3,8,official_stable,parsed_html
runninghub,全能图片V1-图生图-官方稳定版,https://www.runninghub.cn/runninghub-api-doc-cn/api-425956959.md,Image,aspectRatio,5:4,9,official_stable,parsed_html
runninghub,全能图片V1-图生图-官方稳定版,https://www.runninghub.cn/runninghub-api-doc-cn/api-425956959.md,Image,aspectRatio,4:5,10,official_stable,parsed_html
runninghub,全能图片V1-图生图-官方稳定版,https://www.runninghub.cn/runninghub-api-doc-cn/api-425956959.md,Image,aspectRatio,21:9,11,official_stable,parsed_html
runninghub,全能图片V1-图生图-官方稳定版,https://www.runninghub.cn/runninghub-api-doc-cn/api-425956959.md,Image,__task_status,QUEUED,1,official_stable,parsed_html
runninghub,全能图片V1-图生图-官方稳定版,https://www.runninghub.cn/runninghub-api-doc-cn/api-425956959.md,Image,__task_status,RUNNING,2,official_stable,parsed_html
runninghub,全能图片V1-图生图-官方稳定版,https://www.runninghub.cn/runninghub-api-doc-cn/api-425956959.md,Image,__task_status,SUCCESS,3,official_stable,parsed_html
runninghub,全能图片V1-图生图-官方稳定版,https://www.runninghub.cn/runninghub-api-doc-cn/api-425956959.md,Image,__task_status,FAILED,4,official_stable,parsed_html
runninghub,全能图片X-图生图-低价渠道版,https://www.runninghub.cn/runninghub-api-doc-cn/api-427096749.md,Image,model,g-3,1,low_cost_channel,parsed_html
runninghub,全能图片X-图生图-低价渠道版,https://www.runninghub.cn/runninghub-api-doc-cn/api-427096749.md,Image,model,g-4,2,low_cost_channel,parsed_html
runninghub,全能图片X-图生图-低价渠道版,https://www.runninghub.cn/runninghub-api-doc-cn/api-427096749.md,Image,model,g-4.1,3,low_cost_channel,parsed_html
runninghub,全能图片X-图生图-低价渠道版,https://www.runninghub.cn/runninghub-api-doc-cn/api-427096749.md,Image,model,g-4.2,4,low_cost_channel,parsed_html
runninghub,全能图片X-图生图-低价渠道版,https://www.runninghub.cn/runninghub-api-doc-cn/api-427096749.md,Image,__task_status,QUEUED,1,low_cost_channel,parsed_html
runninghub,全能图片X-图生图-低价渠道版,https://www.runninghub.cn/runninghub-api-doc-cn/api-427096749.md,Image,__task_status,RUNNING,2,low_cost_channel,parsed_html
runninghub,全能图片X-图生图-低价渠道版,https://www.runninghub.cn/runninghub-api-doc-cn/api-427096749.md,Image,__task_status,SUCCESS,3,low_cost_channel,parsed_html
runninghub,全能图片X-图生图-低价渠道版,https://www.runninghub.cn/runninghub-api-doc-cn/api-427096749.md,Image,__task_status,FAILED,4,low_cost_channel,parsed_html
runninghub,千问2.0Pro-图像编辑,https://www.runninghub.cn/runninghub-api-doc-cn/api-428583620.md,Image,size,1024*1024,1,unknown,parsed_html
runninghub,千问2.0Pro-图像编辑,https://www.runninghub.cn/runninghub-api-doc-cn/api-428583620.md,Image,size,1536*1536,2,unknown,parsed_html
runninghub,千问2.0Pro-图像编辑,https://www.runninghub.cn/runninghub-api-doc-cn/api-428583620.md,Image,size,768*1152,3,unknown,parsed_html
runninghub,千问2.0Pro-图像编辑,https://www.runninghub.cn/runninghub-api-doc-cn/api-428583620.md,Image,size,1024*1536,4,unknown,parsed_html
runninghub,千问2.0Pro-图像编辑,https://www.runninghub.cn/runninghub-api-doc-cn/api-428583620.md,Image,size,1152*768,5,unknown,parsed_html
runninghub,千问2.0Pro-图像编辑,https://www.runninghub.cn/runninghub-api-doc-cn/api-428583620.md,Image,size,1536*1024,6,unknown,parsed_html
runninghub,千问2.0Pro-图像编辑,https://www.runninghub.cn/runninghub-api-doc-cn/api-428583620.md,Image,size,960*1280,7,unknown,parsed_html
runninghub,千问2.0Pro-图像编辑,https://www.runninghub.cn/runninghub-api-doc-cn/api-428583620.md,Image,size,1080*1440,8,unknown,parsed_html
runninghub,千问2.0Pro-图像编辑,https://www.runninghub.cn/runninghub-api-doc-cn/api-428583620.md,Image,size,1280*960,9,unknown,parsed_html
runninghub,千问2.0Pro-图像编辑,https://www.runninghub.cn/runninghub-api-doc-cn/api-428583620.md,Image,size,1440*1080,10,unknown,parsed_html
runninghub,千问2.0Pro-图像编辑,https://www.runninghub.cn/runninghub-api-doc-cn/api-428583620.md,Image,size,720*1280,11,unknown,parsed_html
runninghub,千问2.0Pro-图像编辑,https://www.runninghub.cn/runninghub-api-doc-cn/api-428583620.md,Image,size,1080*1920,12,unknown,parsed_html
runninghub,千问2.0Pro-图像编辑,https://www.runninghub.cn/runninghub-api-doc-cn/api-428583620.md,Image,size,1280*720,13,unknown,parsed_html
runninghub,千问2.0Pro-图像编辑,https://www.runninghub.cn/runninghub-api-doc-cn/api-428583620.md,Image,size,1920*1080,14,unknown,parsed_html
runninghub,千问2.0Pro-图像编辑,https://www.runninghub.cn/runninghub-api-doc-cn/api-428583620.md,Image,size,1344*576,15,unknown,parsed_html
runninghub,千问2.0Pro-图像编辑,https://www.runninghub.cn/runninghub-api-doc-cn/api-428583620.md,Image,size,2048*872,16,unknown,parsed_html
runninghub,千问2.0Pro-图像编辑,https://www.runninghub.cn/runninghub-api-doc-cn/api-428583620.md,Image,imageNum,1,1,unknown,parsed_html
runninghub,千问2.0Pro-图像编辑,https://www.runninghub.cn/runninghub-api-doc-cn/api-428583620.md,Image,imageNum,2,2,unknown,parsed_html
runninghub,千问2.0Pro-图像编辑,https://www.runninghub.cn/runninghub-api-doc-cn/api-428583620.md,Image,imageNum,3,3,unknown,parsed_html
runninghub,千问2.0Pro-图像编辑,https://www.runninghub.cn/runninghub-api-doc-cn/api-428583620.md,Image,imageNum,4,4,unknown,parsed_html
runninghub,千问2.0Pro-图像编辑,https://www.runninghub.cn/runninghub-api-doc-cn/api-428583620.md,Image,imageNum,5,5,unknown,parsed_html
runninghub,千问2.0Pro-图像编辑,https://www.runninghub.cn/runninghub-api-doc-cn/api-428583620.md,Image,imageNum,6,6,unknown,parsed_html
runninghub,千问2.0Pro-图像编辑,https://www.runninghub.cn/runninghub-api-doc-cn/api-428583620.md,Image,__task_status,QUEUED,1,unknown,parsed_html
runninghub,千问2.0Pro-图像编辑,https://www.runninghub.cn/runninghub-api-doc-cn/api-428583620.md,Image,__task_status,RUNNING,2,unknown,parsed_html
runninghub,千问2.0Pro-图像编辑,https://www.runninghub.cn/runninghub-api-doc-cn/api-428583620.md,Image,__task_status,SUCCESS,3,unknown,parsed_html
runninghub,千问2.0Pro-图像编辑,https://www.runninghub.cn/runninghub-api-doc-cn/api-428583620.md,Image,__task_status,FAILED,4,unknown,parsed_html
runninghub,千问2.0-图像编辑,https://www.runninghub.cn/runninghub-api-doc-cn/api-428583621.md,Image,size,1024*1024,1,unknown,parsed_html
runninghub,千问2.0-图像编辑,https://www.runninghub.cn/runninghub-api-doc-cn/api-428583621.md,Image,size,1536*1536,2,unknown,parsed_html
runninghub,千问2.0-图像编辑,https://www.runninghub.cn/runninghub-api-doc-cn/api-428583621.md,Image,size,768*1152,3,unknown,parsed_html
runninghub,千问2.0-图像编辑,https://www.runninghub.cn/runninghub-api-doc-cn/api-428583621.md,Image,size,1024*1536,4,unknown,parsed_html
runninghub,千问2.0-图像编辑,https://www.runninghub.cn/runninghub-api-doc-cn/api-428583621.md,Image,size,1152*768,5,unknown,parsed_html
runninghub,千问2.0-图像编辑,https://www.runninghub.cn/runninghub-api-doc-cn/api-428583621.md,Image,size,1536*1024,6,unknown,parsed_html
runninghub,千问2.0-图像编辑,https://www.runninghub.cn/runninghub-api-doc-cn/api-428583621.md,Image,size,960*1280,7,unknown,parsed_html
runninghub,千问2.0-图像编辑,https://www.runninghub.cn/runninghub-api-doc-cn/api-428583621.md,Image,size,1080*1440,8,unknown,parsed_html
runninghub,千问2.0-图像编辑,https://www.runninghub.cn/runninghub-api-doc-cn/api-428583621.md,Image,size,1280*960,9,unknown,parsed_html
runninghub,千问2.0-图像编辑,https://www.runninghub.cn/runninghub-api-doc-cn/api-428583621.md,Image,size,1440*1080,10,unknown,parsed_html
runninghub,千问2.0-图像编辑,https://www.runninghub.cn/runninghub-api-doc-cn/api-428583621.md,Image,size,720*1280,11,unknown,parsed_html
runninghub,千问2.0-图像编辑,https://www.runninghub.cn/runninghub-api-doc-cn/api-428583621.md,Image,size,1080*1920,12,unknown,parsed_html
runninghub,千问2.0-图像编辑,https://www.runninghub.cn/runninghub-api-doc-cn/api-428583621.md,Image,size,1280*720,13,unknown,parsed_html
runninghub,千问2.0-图像编辑,https://www.runninghub.cn/runninghub-api-doc-cn/api-428583621.md,Image,size,1920*1080,14,unknown,parsed_html
runninghub,千问2.0-图像编辑,https://www.runninghub.cn/runninghub-api-doc-cn/api-428583621.md,Image,size,1344*576,15,unknown,parsed_html
runninghub,千问2.0-图像编辑,https://www.runninghub.cn/runninghub-api-doc-cn/api-428583621.md,Image,size,2048*872,16,unknown,parsed_html
runninghub,千问2.0-图像编辑,https://www.runninghub.cn/runninghub-api-doc-cn/api-428583621.md,Image,imageNum,1,1,unknown,parsed_html
runninghub,千问2.0-图像编辑,https://www.runninghub.cn/runninghub-api-doc-cn/api-428583621.md,Image,imageNum,2,2,unknown,parsed_html
runninghub,千问2.0-图像编辑,https://www.runninghub.cn/runninghub-api-doc-cn/api-428583621.md,Image,imageNum,3,3,unknown,parsed_html
runninghub,千问2.0-图像编辑,https://www.runninghub.cn/runninghub-api-doc-cn/api-428583621.md,Image,imageNum,4,4,unknown,parsed_html
runninghub,千问2.0-图像编辑,https://www.runninghub.cn/runninghub-api-doc-cn/api-428583621.md,Image,imageNum,5,5,unknown,parsed_html
runninghub,千问2.0-图像编辑,https://www.runninghub.cn/runninghub-api-doc-cn/api-428583621.md,Image,imageNum,6,6,unknown,parsed_html
runninghub,千问2.0-图像编辑,https://www.runninghub.cn/runninghub-api-doc-cn/api-428583621.md,Image,__task_status,QUEUED,1,unknown,parsed_html
runninghub,千问2.0-图像编辑,https://www.runninghub.cn/runninghub-api-doc-cn/api-428583621.md,Image,__task_status,RUNNING,2,unknown,parsed_html
runninghub,千问2.0-图像编辑,https://www.runninghub.cn/runninghub-api-doc-cn/api-428583621.md,Image,__task_status,SUCCESS,3,unknown,parsed_html
runninghub,千问2.0-图像编辑,https://www.runninghub.cn/runninghub-api-doc-cn/api-428583621.md,Image,__task_status,FAILED,4,unknown,parsed_html
